{
    "minors": {
        "Eyesight": 0.0,
        "Emergency stop": 0.04075235109717868,
        "Reverse right - control": 0.02037617554858934,
        "Reverse right - observation": 0.05172413793103448,
        "Parallel park - control": 0.12225705329153605,
        "Parallel park - observation": 0.03918495297805643,
        "Reverse bay park - control": 0.11128526645768025,
        "Reverse bay park - observation": 0.034482758620689655,
        "Vehicle checks": 0.12695924764890282,
        "Forward bay park - control": 0.06269592476489028,
        "Forward bay park - observation": 0.023510971786833857,
        "Precautions": 0.0,
        "Control - accelerator": 0.007836990595611285,
        "Control - clutch": 0.06583072100313479,
        "Control - gears": 0.17711598746081506,
        "Control - Footbrake": 0.06269592476489028,
        "Control - parking brake": 0.02664576802507837,
        "Control - steering": 0.3714733542319749,
        "Move off - safely": 0.27586206896551724,
        "Move off - control": 0.4200626959247649,
        "Mirrors - signalling": 0.03605015673981191,
        "Mirrors - change direction": 0.06896551724137931,
        "Mirrors - change speed": 0.109717868338558,
        "Signals - necessary": 0.13479623824451412,
        "Signals - correctly": 0.13322884012539185,
        "Signals - timed": 0.08934169278996865,
        "Clearance / obstructions": 0.10658307210031348,
        "Response to traffic signs": 0.009404388714733543,
        "Response to road markings": 0.023510971786833857,
        "Response to traffic lights": 0.014106583072100314,
        "Response to traffic controllers": 0.0,
        "Response to road users": 0.032915360501567396,
        "Use of speed (too fast)": 0.10031347962382445,
        "Following distance": 0.032915360501567396,
        "Progress - speed (too slow)": 0.23667711598746083,
        "Progress - undue hesitation": 0.5564263322884012,
        "Junctions - approach speed": 0.164576802507837,
        "Junctions - observation": 0.18025078369905956,
        "Junctions - turning right": 0.1238244514106583,
        "Junctions - turning left": 0.0219435736677116,
        "Junctions - cutting corners": 0.03134796238244514,
        "Judgement - overtaking": 0.0219435736677116,
        "Judgement - meeting": 0.16300940438871472,
        "Judgement - crossing": 0.012539184952978056,
        "Positioning - normal driving": 0.06426332288401254,
        "Positioning - lane discipline": 0.03134796238244514,
        "Pedestrian crossing": 0.007836990595611285,
        "Position - normal stops": 0.0987460815047022,
        "Awareness / planning": 0.11285266457680251,
        "Ancillary controls": 0.012539184952978056
    },
    "fails": {
        "Eyesight": 0.0,
        "Emergency stop": 0.0,
        "Reverse right - control": 0.003134796238244514,
        "Reverse right - observation": 0.02037617554858934,
        "Parallel park - control": 0.018808777429467086,
        "Parallel park - observation": 0.032915360501567396,
        "Reverse bay park - control": 0.009404388714733543,
        "Reverse bay park - observation": 0.009404388714733543,
        "Vehicle checks": 0.0,
        "Forward bay park - control": 0.003134796238244514,
        "Forward bay park - observation": 0.003134796238244514,
        "Precautions": 0.0,
        "Control - accelerator": 0.0,
        "Control - clutch": 0.0,
        "Control - gears": 0.01567398119122257,
        "Control - Footbrake": 0.001567398119122257,
        "Control - parking brake": 0.003134796238244514,
        "Control - steering": 0.02664576802507837,
        "Move off - safely": 0.04231974921630094,
        "Move off - control": 0.047021943573667714,
        "Mirrors - signalling": 0.0,
        "Mirrors - change direction": 0.025078369905956112,
        "Mirrors - change speed": 0.009404388714733543,
        "Signals - necessary": 0.0,
        "Signals - correctly": 0.006269592476489028,
        "Signals - timed": 0.003134796238244514,
        "Clearance / obstructions": 0.017241379310344827,
        "Response to traffic signs": 0.006269592476489028,
        "Response to road markings": 0.004702194357366771,
        "Response to traffic lights": 0.009404388714733543,
        "Response to traffic controllers": 0.0,
        "Response to road users": 0.006269592476489028,
        "Use of speed (too fast)": 0.0219435736677116,
        "Following distance": 0.001567398119122257,
        "Progress - speed (too slow)": 0.01567398119122257,
        "Progress - undue hesitation": 0.03761755485893417,
        "Junctions - approach speed": 0.02037617554858934,
        "Junctions - observation": 0.09561128526645768,
        "Junctions - turning right": 0.032915360501567396,
        "Junctions - turning left": 0.006269592476489028,
        "Junctions - cutting corners": 0.009404388714733543,
        "Judgement - overtaking": 0.006269592476489028,
        "Judgement - meeting": 0.05799373040752351,
        "Judgement - crossing": 0.007836990595611285,
        "Positioning - normal driving": 0.0109717868338558,
        "Positioning - lane discipline": 0.006269592476489028,
        "Pedestrian crossing": 0.001567398119122257,
        "Position - normal stops": 0.007836990595611285,
        "Awareness / planning": 0.004702194357366771,
        "Ancillary controls": 0.001567398119122257
    },
    "maneuvres": [
        {
            "name": "Forward bay park",
            "frequency": 0.2727272727272727,
            "pass": 0.6264367816091954,
            "maneuvre_fails": 0.022988505747126436
        },
        {
            "name": "Reverse bay park",
            "frequency": 0.2507836990595611,
            "pass": 0.6125,
            "maneuvre_fails": 0.06875
        },
        {
            "name": "Parallel park",
            "frequency": 0.21786833855799373,
            "pass": 0.5323741007194245,
            "maneuvre_fails": 0.2302158273381295
        },
        {
            "name": "Reverse right",
            "frequency": 0.2507836990595611,
            "pass": 0.6125,
            "maneuvre_fails": 0.09375
        },
        {
            "name": "Emergency stop",
            "frequency": 0.31504702194357365,
            "pass": 0.6218905472636815,
            "maneuvre_fails": 0.0
        }
    ],
    "totalTestCount": 638,
    "dailyTestCount": 2.9674418604651165,
    "pass": 0.5940438871473355,
    "dangerous_count": 0.08150470219435736,
    "serious_count": 0.5909090909090909,
    "minor_count": 4.7727272727272725,
    "dangerous_any": 0.07366771159874608,
    "serious_any": 0.3683385579937304,
    "minor_any": 0.9702194357366771,
    "first_attempt": 0.5626959247648903,
    "attempts": 1.7711598746081505,
    "times": [
        {
            "dayType": "Mon-Fri",
            "time": "07:00-08:00",
            "pass": 0.0,
            "dailyTests": 0.013023255813953489
        },
        {
            "dayType": "Mon-Fri",
            "time": "08:00-09:00",
            "pass": 0.6593406593406593,
            "dailyTests": 0.5925581395348838
        },
        {
            "dayType": "Mon-Fri",
            "time": "09:00-10:00",
            "pass": 0.5757575757575758,
            "dailyTests": 0.6446511627906977
        },
        {
            "dayType": "Mon-Fri",
            "time": "10:00-11:00",
            "pass": 0.6836734693877551,
            "dailyTests": 0.6381395348837209
        },
        {
            "dayType": "Mon-Fri",
            "time": "11:00-12:00",
            "pass": 0.5957446808510638,
            "dailyTests": 0.6120930232558139
        },
        {
            "dayType": "Mon-Fri",
            "time": "12:00-13:00",
            "pass": 0.5384615384615384,
            "dailyTests": 0.4232558139534883
        },
        {
            "dayType": "Mon-Fri",
            "time": "13:00-14:00",
            "pass": 0.5952380952380952,