{
    "minors": {
        "Eyesight": 0.0,
        "Emergency stop": 0.01027244305493524,
        "Reverse right - control": 0.020991514068780706,
        "Reverse right - observation": 0.029477445288075034,
        "Parallel park - control": 0.049575703439035286,
        "Parallel park - observation": 0.03394372487717731,
        "Reverse bay park - control": 0.11121036176864672,
        "Reverse bay park - observation": 0.038856632425189816,
        "Vehicle checks": 0.12907548012505582,
        "Forward bay park - control": 0.03394372487717731,
        "Forward bay park - observation": 0.009379187137114784,
        "Precautions": 0.001786511835640911,
        "Control - accelerator": 0.006699419383653417,
        "Control - clutch": 0.027690933452434122,
        "Control - gears": 0.18043769539973203,
        "Control - Footbrake": 0.07994640464493077,
        "Control - parking brake": 0.02188476998660116,
        "Control - steering": 0.4211701652523448,
        "Move off - safely": 0.356855739169272,
        "Move off - control": 0.22912014292094685,
        "Mirrors - signalling": 0.1286288521661456,
        "Mirrors - change direction": 0.13756141134435015,
        "Mirrors - change speed": 0.1639124609200536,
        "Signals - necessary": 0.06878070567217508,
        "Signals - correctly": 0.12594908441268424,
        "Signals - timed": 0.08664582402858419,
        "Clearance / obstructions": 0.18311746315319338,
        "Response to traffic signs": 0.021438142027690933,
        "Response to road markings": 0.019205002233139794,
        "Response to traffic lights": 0.03573023671281822,
        "Response to traffic controllers": 0.0008932559178204555,
        "Response to road users": 0.01027244305493524,
        "Use of speed (too fast)": 0.1688253684680661,
        "Following distance": 0.0482358195623046,
        "Progress - speed (too slow)": 0.2630638677981242,
        "Progress - undue hesitation": 0.2831621259490844,
        "Junctions - approach speed": 0.08619919606967397,
        "Junctions - observation": 0.14872711031710584,
        "Junctions - turning right": 0.07860652076820009,
        "Junctions - turning left": 0.018758374274229567,
        "Junctions - cutting corners": 0.04421616793211255,
        "Judgement - overtaking": 0.01786511835640911,
        "Judgement - meeting": 0.08887896382313533,
        "Judgement - crossing": 0.016971862438588656,
        "Positioning - normal driving": 0.35015631978561856,
        "Positioning - lane discipline": 0.012952210808396605,
        "Pedestrian crossing": 0.02054488610987048,
        "Position - normal stops": 0.09021884769986602,
        "Awareness / planning": 0.1942831621259491,
        "Ancillary controls": 0.007146047342563644
    },
    "fails": {
        "Eyesight": 0.0,
        "Emergency stop": 0.0026797677534613666,
        "Reverse right - control": 0.0031263957123715946,
        "Reverse right - observation": 0.007592675301473872,
        "Parallel park - control": 0.010719071013845467,
        "Parallel park - observation": 0.009379187137114784,
        "Reverse bay park - control": 0.0080393032603841,
        "Reverse bay park - observation": 0.013845466726217061,
        "Vehicle checks": 0.003573023671281822,
        "Forward bay park - control": 0.006699419383653417,
        "Forward bay park - observation": 0.00401965163019205,
        "Precautions": 0.0,
        "Control - accelerator": 0.0,
        "Control - clutch": 0.0,
        "Control - gears": 0.013845466726217061,
        "Control - Footbrake": 0.0008932559178204555,
        "Control - parking brake": 0.00044662795891022776,
        "Control - steering": 0.04198302813756141,
        "Move off - safely": 0.05493523894595802,
        "Move off - control": 0.023224653863331845,
        "Mirrors - signalling": 0.0008932559178204555,
        "Mirrors - change direction": 0.05716837874050915,
        "Mirrors - change speed": 0.020991514068780706,
        "Signals - necessary": 0.011612326931665922,
        "Signals - correctly": 0.01786511835640911,
        "Signals - timed": 0.0026797677534613666,
        "Clearance / obstructions": 0.027690933452434122,
        "Response to traffic signs": 0.020991514068780706,
        "Response to road markings": 0.030370701205895488,
        "Response to traffic lights": 0.026797677534613668,
        "Response to traffic controllers": 0.0008932559178204555,
        "Response to road users": 0.0031263957123715946,
        "Use of speed (too fast)": 0.028584189370254576,
        "Following distance": 0.005806163465832961,
        "Progress - speed (too slow)": 0.0321572130415364,
        "Progress - undue hesitation": 0.02456453774006253,
        "Junctions - approach speed": 0.006252791424743189,
        "Junctions - observation": 0.08530594015185351,
        "Junctions - turning right": 0.05984814649397052,
        "Junctions - turning left": 0.0022331397945511387,
        "Junctions - cutting corners": 0.01027244305493524,
        "Judgement - overtaking": 0.010719071013845467,
        "Judgement - meeting": 0.03439035283608754,
        "Judgement - crossing": 0.019205002233139794,
        "Positioning - normal driving": 0.07414024117909782,
        "Positioning - lane discipline": 0.0008932559178204555,
        "Pedestrian crossing": 0.008485931219294328,
        "Position - normal stops": 0.0080393032603841,
        "Awareness / planning": 0.03573023671281822,
        "Ancillary controls": 0.00044662795891022776
    },
    "maneuvres": [
        {
            "name": "Forward bay park",
            "frequency": 0.1880303707012059,
            "pass": 0.5605700712589073,
            "maneuvre_fails": 0.057007125890736345
        },
        {
            "name": "Reverse bay park",
            "frequency": 0.366681554265297,
            "pass": 0.5261875761266748,
            "maneuvre_fails": 0.058465286236297195
        },
        {
            "name": "Parallel park",
            "frequency": 0.17150513622152747,
            "pass": 0.5703125,
            "maneuvre_fails": 0.10416666666666667
        },
        {
            "name": "Reverse right",
            "frequency": 0.25279142474318894,
            "pass": 0.6378091872791519,
            "maneuvre_fails": 0.04240282685512368
        },
        {
            "name": "Emergency stop",
            "frequency": 0.25011165698972754,
            "pass": 0.6428571428571429,
            "maneuvre_fails": 0.010714285714285714
        }
    ],
    "totalTestCount": 2239,
    "dailyTestCount": 10.413953488372092,
    "pass": 0.5573916927199642,
    "dangerous_count": 0.07949977668602054,
    "serious_count": 0.7958910227780259,
    "minor_count": 4.713264850379634,
    "dangerous_any": 0.07280035730236713,
    "serious_any": 0.42340330504689594,
    "minor_any": 0.950870924519875,
    "first_attempt": 0.5180884323358642,
    "attempts": 1.9866011612326933,
    "times": [
        {
            "dayType": "Mon-Fri",
            "time": "08:00-09:00",
            "pass": 0.4945945945945946,
            "dailyTests": 2.4093023255813955
        },
        {
            "dayType": "Mon-Fri",
            "time": "09:00-10:00",
            "pass": 0.5807692307692308,
            "dailyTests": 1.6930232558139533
        },
        {
            "dayType": "Mon-Fri",
            "time": "10:00-11:00",
            "pass": 0.565947242206235,
            "dailyTests": 2.7153488372093024
        },
        {
            "dayType": "Mon-Fri",
            "time": "11:00-12:00",
            "pass": 0.6243093922651933,
            "dailyTests": 2.3572093023255816
        },
        {
            "dayType": "Mon-Fri",
            "time": "12:00-13:00",
            "pass": 0.5633187772925764,
            "dailyTests": 1.4911627906976743
        },
        {
            "dayType": "Mon-Fri",
            "time": "13:00-14:00",
            "pass": 0.5458715596330275,