{
    "minors": {
        "Eyesight": 0.0,
        "Emergency stop": 0.0319337670017741,
        "Reverse right - control": 0.044352454169130695,
        "Reverse right - observation": 0.05204021289178001,
        "Parallel park - control": 0.11354228267297457,
        "Parallel park - observation": 0.05736250739207569,
        "Reverse bay park - control": 0.0768775872264932,
        "Reverse bay park - observation": 0.04257835600236547,
        "Vehicle checks": 0.08101714961561206,
        "Forward bay park - control": 0.05913660555884092,
        "Forward bay park - observation": 0.01537551744529864,
        "Precautions": 0.0,
        "Control - accelerator": 0.0059136605558840925,
        "Control - clutch": 0.0449438202247191,
        "Control - gears": 0.17622708456534594,
        "Control - Footbrake": 0.12596096984033117,
        "Control - parking brake": 0.02247191011235955,
        "Control - steering": 0.306327616794796,
        "Move off - safely": 0.24246008279124778,
        "Move off - control": 0.3985807214665878,
        "Mirrors - signalling": 0.43879361324659966,
        "Mirrors - change direction": 0.10644589000591366,
        "Mirrors - change speed": 0.08693081017149616,
        "Signals - necessary": 0.09757539917208752,
        "Signals - correctly": 0.1862803075103489,
        "Signals - timed": 0.09461856889414548,
        "Clearance / obstructions": 0.09343583678296866,
        "Response to traffic signs": 0.018332347723240685,
        "Response to road markings": 0.026020106445890007,
        "Response to traffic lights": 0.02424600827912478,
        "Response to traffic controllers": 0.0,
        "Response to road users": 0.0017740981667652277,
        "Use of speed (too fast)": 0.17386162034299232,
        "Following distance": 0.10881135422826729,
        "Progress - speed (too slow)": 0.30573625073920757,
        "Progress - undue hesitation": 0.29627439384979304,
        "Junctions - approach speed": 0.09520993494973388,
        "Junctions - observation": 0.11354228267297457,
        "Junctions - turning right": 0.03666469544648137,
        "Junctions - turning left": 0.02069781194559432,
        "Junctions - cutting corners": 0.0254287403903016,
        "Judgement - overtaking": 0.004730928444707274,
        "Judgement - meeting": 0.04257835600236547,
        "Judgement - crossing": 0.011827321111768185,
        "Positioning - normal driving": 0.10112359550561797,
        "Positioning - lane discipline": 0.01537551744529864,
        "Pedestrian crossing": 0.02247191011235955,
        "Position - normal stops": 0.17267888823181549,
        "Awareness / planning": 0.11413364872856298,
        "Ancillary controls": 0.0011827321111768185
    },
    "fails": {
        "Eyesight": 0.0,
        "Emergency stop": 0.00768775872264932,
        "Reverse right - control": 0.00768775872264932,
        "Reverse right - observation": 0.007096392667060911,
        "Parallel park - control": 0.028385570668243643,
        "Parallel park - observation": 0.019515079834417505,
        "Reverse bay park - control": 0.013010053222945003,
        "Reverse bay park - observation": 0.013010053222945003,
        "Vehicle checks": 0.002365464222353637,
        "Forward bay park - control": 0.007096392667060911,
        "Forward bay park - observation": 0.002365464222353637,
        "Precautions": 0.0,
        "Control - accelerator": 0.0,
        "Control - clutch": 0.0,
        "Control - gears": 0.005322294500295683,
        "Control - Footbrake": 0.00827912477823773,
        "Control - parking brake": 0.0,
        "Control - steering": 0.03075103489059728,
        "Move off - safely": 0.0254287403903016,
        "Move off - control": 0.046126552335895916,
        "Mirrors - signalling": 0.01655824955647546,
        "Mirrors - change direction": 0.014192785334121822,
        "Mirrors - change speed": 0.004139562389118865,
        "Signals - necessary": 0.002365464222353637,
        "Signals - correctly": 0.0029568302779420462,
        "Signals - timed": 0.0011827321111768185,
        "Clearance / obstructions": 0.014192785334121822,
        "Response to traffic signs": 0.026611472501478415,
        "Response to road markings": 0.03015966883500887,
        "Response to traffic lights": 0.019515079834417505,
        "Response to traffic controllers": 0.0,
        "Response to road users": 0.0017740981667652277,
        "Use of speed (too fast)": 0.04316972205795387,
        "Following distance": 0.0029568302779420462,
        "Progress - speed (too slow)": 0.013601419278533412,
        "Progress - undue hesitation": 0.03548196333530455,
        "Junctions - approach speed": 0.00768775872264932,
        "Junctions - observation": 0.06209343583678297,
        "Junctions - turning right": 0.026020106445890007,
        "Junctions - turning left": 0.0005913660555884093,
        "Junctions - cutting corners": 0.0035481963335304554,
        "Judgement - overtaking": 0.0011827321111768185,
        "Judgement - meeting": 0.00768775872264932,
        "Judgement - crossing": 0.00827912477823773,
        "Positioning - normal driving": 0.012418687167356593,
        "Positioning - lane discipline": 0.0,
        "Pedestrian crossing": 0.011235955056179775,
        "Position - normal stops": 0.00827912477823773,
        "Awareness / planning": 0.010644589000591367,
        "Ancillary controls": 0.0
    },
    "maneuvres": [
        {
            "name": "Forward bay park",
            "frequency": 0.20875221762270846,
            "pass": 0.6515580736543909,
            "maneuvre_fails": 0.042492917847025496
        },
        {
            "name": "Reverse bay park",
            "frequency": 0.24600827912477824,
            "pass": 0.6033653846153846,
            "maneuvre_fails": 0.0985576923076923
        },
        {
            "name": "Parallel park",
            "frequency": 0.25842696629213485,
            "pass": 0.5743707093821511,
            "maneuvre_fails": 0.16247139588100687
        },
        {
            "name": "Reverse right",
            "frequency": 0.283264340626848,
            "pass": 0.6304801670146137,
            "maneuvre_fails": 0.05219206680584551
        },
        {
            "name": "Emergency stop",
            "frequency": 0.33175635718509755,
            "pass": 0.696969696969697,
            "maneuvre_fails": 0.023172905525846704
        }
    ],
    "totalTestCount": 1691,
    "dailyTestCount": 7.865116279069768,
    "pass": 0.6114725014784151,
    "dangerous_count": 0.06031933767001774,
    "serious_count": 0.5541099940863394,
    "minor_count": 4.733885274985216,
    "dangerous_any": 0.05499704316972206,
    "serious_any": 0.3619160260201064,
    "minor_any": 0.9704316972205795,
    "first_attempt": 0.560615020697812,
    "attempts": 1.8054405677114134,
    "times": [
        {
            "dayType": "Mon-Fri",
            "time": "08:00-09:00",
            "pass": 0.6270491803278688,
            "dailyTests": 3.177674418604651
        },
        {
            "dayType": "Mon-Fri",
            "time": "09:00-10:00",
            "pass": 0.6180257510729614,
            "dailyTests": 1.5172093023255813
        },
        {
            "dayType": "Mon-Fri",
            "time": "10:00-11:00",
            "pass": 0.7333333333333333,
            "dailyTests": 0.09767441860465116
        },
        {
            "dayType": "Mon-Fri",
            "time": "11:00-12:00",
            "pass": 0.5924453280318092,
            "dailyTests": 3.2753488372093025
        },
        {
            "dayType": "Mon-Fri",
            "time": "13:00-14:00",
            "pass": 0.559748427672956,
            "dailyTests": 1.0353488372093023
        },
        {
            "dayType": "Mon-Fri",
            "time": "14:00-15:00",
            "pass": 0.6320754716981132,
            "dailyTests": 1.3804651162790698
        },
        {
            "dayType": "Mon-Fri",
            "time": "15:00-16:00",