{
    "minors": {
        "Eyesight": 0.0,
        "Emergency stop": 0.025559105431309903,
        "Reverse right - control": 0.04472843450479233,
        "Reverse right - observation": 0.01597444089456869,
        "Parallel park - control": 0.10862619808306709,
        "Parallel park - observation": 0.06389776357827476,
        "Reverse bay park - control": 0.10223642172523961,
        "Reverse bay park - observation": 0.03194888178913738,
        "Vehicle checks": 0.08626198083067092,
        "Forward bay park - control": 0.038338658146964855,
        "Forward bay park - observation": 0.012779552715654952,
        "Precautions": 0.0,
        "Control - accelerator": 0.0,
        "Control - clutch": 0.012779552715654952,
        "Control - gears": 0.19808306709265175,
        "Control - Footbrake": 0.04472843450479233,
        "Control - parking brake": 0.03194888178913738,
        "Control - steering": 0.36741214057507987,
        "Move off - safely": 0.5399361022364217,
        "Move off - control": 0.3706070287539936,
        "Mirrors - signalling": 0.3706070287539936,
        "Mirrors - change direction": 0.18849840255591055,
        "Mirrors - change speed": 0.34185303514376997,
        "Signals - necessary": 0.11501597444089456,
        "Signals - correctly": 0.08306709265175719,
        "Signals - timed": 0.09584664536741214,
        "Clearance / obstructions": 0.134185303514377,
        "Response to traffic signs": 0.012779552715654952,
        "Response to road markings": 0.03514376996805112,
        "Response to traffic lights": 0.03514376996805112,
        "Response to traffic controllers": 0.0,
        "Response to road users": 0.009584664536741214,
        "Use of speed (too fast)": 0.07667731629392971,
        "Following distance": 0.03194888178913738,
        "Progress - speed (too slow)": 0.3003194888178914,
        "Progress - undue hesitation": 0.3003194888178914,
        "Junctions - approach speed": 0.10543130990415335,
        "Junctions - observation": 0.2108626198083067,
        "Junctions - turning right": 0.038338658146964855,
        "Junctions - turning left": 0.009584664536741214,
        "Junctions - cutting corners": 0.003194888178913738,
        "Judgement - overtaking": 0.022364217252396165,
        "Judgement - meeting": 0.13099041533546327,
        "Judgement - crossing": 0.009584664536741214,
        "Positioning - normal driving": 0.11182108626198083,
        "Positioning - lane discipline": 0.019169329073482427,
        "Pedestrian crossing": 0.003194888178913738,
        "Position - normal stops": 0.28753993610223644,
        "Awareness / planning": 0.06070287539936102,
        "Ancillary controls": 0.0
    },
    "fails": {
        "Eyesight": 0.003194888178913738,
        "Emergency stop": 0.019169329073482427,
        "Reverse right - control": 0.019169329073482427,
        "Reverse right - observation": 0.025559105431309903,
        "Parallel park - control": 0.02875399361022364,
        "Parallel park - observation": 0.022364217252396165,
        "Reverse bay park - control": 0.006389776357827476,
        "Reverse bay park - observation": 0.019169329073482427,
        "Vehicle checks": 0.003194888178913738,
        "Forward bay park - control": 0.006389776357827476,
        "Forward bay park - observation": 0.003194888178913738,
        "Precautions": 0.0,
        "Control - accelerator": 0.0,
        "Control - clutch": 0.0,
        "Control - gears": 0.01597444089456869,
        "Control - Footbrake": 0.006389776357827476,
        "Control - parking brake": 0.0,
        "Control - steering": 0.04472843450479233,
        "Move off - safely": 0.06070287539936102,
        "Move off - control": 0.051118210862619806,
        "Mirrors - signalling": 0.006389776357827476,
        "Mirrors - change direction": 0.025559105431309903,
        "Mirrors - change speed": 0.02875399361022364,
        "Signals - necessary": 0.003194888178913738,
        "Signals - correctly": 0.003194888178913738,
        "Signals - timed": 0.003194888178913738,
        "Clearance / obstructions": 0.022364217252396165,
        "Response to traffic signs": 0.006389776357827476,
        "Response to road markings": 0.051118210862619806,
        "Response to traffic lights": 0.009584664536741214,
        "Response to traffic controllers": 0.003194888178913738,
        "Response to road users": 0.01597444089456869,
        "Use of speed (too fast)": 0.009584664536741214,
        "Following distance": 0.006389776357827476,
        "Progress - speed (too slow)": 0.04472843450479233,
        "Progress - undue hesitation": 0.022364217252396165,
        "Junctions - approach speed": 0.01597444089456869,
        "Junctions - observation": 0.10223642172523961,
        "Junctions - turning right": 0.012779552715654952,
        "Junctions - turning left": 0.0,
        "Junctions - cutting corners": 0.003194888178913738,
        "Judgement - overtaking": 0.0,
        "Judgement - meeting": 0.07028753993610223,
        "Judgement - crossing": 0.025559105431309903,
        "Positioning - normal driving": 0.022364217252396165,
        "Positioning - lane discipline": 0.0,
        "Pedestrian crossing": 0.003194888178913738,
        "Position - normal stops": 0.03514376996805112,
        "Awareness / planning": 0.04472843450479233,
        "Ancillary controls": 0.0
    },
    "maneuvres": [
        {
            "name": "Forward bay park",
            "frequency": 0.20447284345047922,
            "pass": 0.734375,
            "maneuvre_fails": 0.046875
        },
        {
            "name": "Reverse bay park",
            "frequency": 0.21725239616613418,
            "pass": 0.6470588235294118,
            "maneuvre_fails": 0.11764705882352941
        },
        {
            "name": "Parallel park",
            "frequency": 0.2779552715654952,
            "pass": 0.5057471264367817,
            "maneuvre_fails": 0.14942528735632185
        },
        {
            "name": "Reverse right",
            "frequency": 0.29073482428115016,
            "pass": 0.5054945054945055,
            "maneuvre_fails": 0.13186813186813187
        },
        {
            "name": "Emergency stop",
            "frequency": 0.38338658146964855,
            "pass": 0.7083333333333334,
            "maneuvre_fails": 0.05
        }
    ],
    "totalTestCount": 313,
    "dailyTestCount": 1.455813953488372,
    "pass": 0.5782747603833865,
    "dangerous_count": 0.08945686900958466,
    "serious_count": 0.8434504792332268,
    "minor_count": 5.23961661341853,
    "dangerous_any": 0.08306709265175719,
    "serious_any": 0.3961661341853035,
    "minor_any": 0.9137380191693291,
    "first_attempt": 0.6357827476038339,
    "attempts": 1.6357827476038338,
    "times": [
        {
            "dayType": "Mon-Fri",
            "time": "08:00-09:00",
            "pass": 0.4666666666666667,
            "dailyTests": 0.2930232558139535
        },
        {
            "dayType": "Mon-Fri",
            "time": "09:00-10:00",
            "pass": 0.6545454545454545,
            "dailyTests": 0.35813953488372097
        },
        {
            "dayType": "Mon-Fri",
            "time": "10:00-11:00",
            "pass": 0.5,
            "dailyTests": 0.35162790697674423
        },
        {
            "dayType": "Mon-Fri",
            "time": "11:00-12:00",
            "pass": 0.543859649122807,
            "dailyTests": 0.3711627906976744
        },
        {
            "dayType": "Mon-Fri",
            "time": "12:00-13:00",
            "pass": 0.62,
            "dailyTests": 0.32558139534883723
        },
        {
            "dayType": "Mon-Fri",
            "time": "13:00-14:00",
            "pass": 0.68,
            "dailyTests": 0.32558139534883723
        },
        {
            "dayType": "Mon-Fri",
            "time": "14:00-15:00",
            "pass": 0.5,
            "dailyTests": 0.013023255813953489
        },
        {
            "dayType": "Mon-Fri",