{
    "minors": {
        "Eyesight": 0.0,
        "Emergency stop": 0.03897058823529412,
        "Reverse right - control": 0.01948529411764706,
        "Reverse right - observation": 0.04154411764705882,
        "Parallel park - control": 0.09632352941176471,
        "Parallel park - observation": 0.05477941176470588,
        "Reverse bay park - control": 0.10845588235294118,
        "Reverse bay park - observation": 0.045588235294117645,
        "Vehicle checks": 0.125,
        "Forward bay park - control": 0.05330882352941176,
        "Forward bay park - observation": 0.015441176470588236,
        "Precautions": 0.002573529411764706,
        "Control - accelerator": 0.0014705882352941176,
        "Control - clutch": 0.023161764705882354,
        "Control - gears": 0.14227941176470588,
        "Control - Footbrake": 0.05919117647058823,
        "Control - parking brake": 0.02536764705882353,
        "Control - steering": 0.3830882352941177,
        "Move off - safely": 0.4676470588235294,
        "Move off - control": 0.2889705882352941,
        "Mirrors - signalling": 0.15294117647058825,
        "Mirrors - change direction": 0.13455882352941176,
        "Mirrors - change speed": 0.18198529411764705,
        "Signals - necessary": 0.07389705882352941,
        "Signals - correctly": 0.1724264705882353,
        "Signals - timed": 0.11139705882352942,
        "Clearance / obstructions": 0.07941176470588235,
        "Response to traffic signs": 0.08345588235294117,
        "Response to road markings": 0.03051470588235294,
        "Response to traffic lights": 0.06102941176470588,
        "Response to traffic controllers": 0.0007352941176470588,
        "Response to road users": 0.020588235294117647,
        "Use of speed (too fast)": 0.14669117647058824,
        "Following distance": 0.1738970588235294,
        "Progress - speed (too slow)": 0.45330882352941176,
        "Progress - undue hesitation": 0.2875,
        "Junctions - approach speed": 0.225,
        "Junctions - observation": 0.24558823529411763,
        "Junctions - turning right": 0.04779411764705882,
        "Junctions - turning left": 0.022794117647058822,
        "Junctions - cutting corners": 0.022426470588235294,
        "Judgement - overtaking": 0.027941176470588237,
        "Judgement - meeting": 0.11470588235294117,
        "Judgement - crossing": 0.013970588235294118,
        "Positioning - normal driving": 0.13897058823529412,
        "Positioning - lane discipline": 0.02463235294117647,
        "Pedestrian crossing": 0.01801470588235294,
        "Position - normal stops": 0.16470588235294117,
        "Awareness / planning": 0.09779411764705882,
        "Ancillary controls": 0.006617647058823529
    },
    "fails": {
        "Eyesight": 0.0007352941176470588,
        "Emergency stop": 0.0055147058823529415,
        "Reverse right - control": 0.0033088235294117647,
        "Reverse right - observation": 0.010661764705882353,
        "Parallel park - control": 0.021691176470588235,
        "Parallel park - observation": 0.020955882352941175,
        "Reverse bay park - control": 0.008823529411764706,
        "Reverse bay park - observation": 0.008088235294117648,
        "Vehicle checks": 0.004044117647058824,
        "Forward bay park - control": 0.0011029411764705882,
        "Forward bay park - observation": 0.003676470588235294,
        "Precautions": 0.0,
        "Control - accelerator": 0.0,
        "Control - clutch": 0.0,
        "Control - gears": 0.011029411764705883,
        "Control - Footbrake": 0.0033088235294117647,
        "Control - parking brake": 0.0003676470588235294,
        "Control - steering": 0.03161764705882353,
        "Move off - safely": 0.04007352941176471,
        "Move off - control": 0.028676470588235293,
        "Mirrors - signalling": 0.0029411764705882353,
        "Mirrors - change direction": 0.05772058823529412,
        "Mirrors - change speed": 0.022794117647058822,
        "Signals - necessary": 0.003676470588235294,
        "Signals - correctly": 0.011029411764705883,
        "Signals - timed": 0.0014705882352941176,
        "Clearance / obstructions": 0.014338235294117646,
        "Response to traffic signs": 0.03566176470588235,
        "Response to road markings": 0.04191176470588235,
        "Response to traffic lights": 0.0375,
        "Response to traffic controllers": 0.0007352941176470588,
        "Response to road users": 0.004779411764705883,
        "Use of speed (too fast)": 0.039705882352941174,
        "Following distance": 0.05220588235294118,
        "Progress - speed (too slow)": 0.042279411764705885,
        "Progress - undue hesitation": 0.014705882352941176,
        "Junctions - approach speed": 0.02610294117647059,
        "Junctions - observation": 0.11727941176470588,
        "Junctions - turning right": 0.047058823529411764,
        "Junctions - turning left": 0.0014705882352941176,
        "Junctions - cutting corners": 0.0029411764705882353,
        "Judgement - overtaking": 0.0125,
        "Judgement - meeting": 0.033823529411764704,
        "Judgement - crossing": 0.016544117647058824,
        "Positioning - normal driving": 0.028676470588235293,
        "Positioning - lane discipline": 0.00625,
        "Pedestrian crossing": 0.008455882352941176,
        "Position - normal stops": 0.01213235294117647,
        "Awareness / planning": 0.02426470588235294,
        "Ancillary controls": 0.0007352941176470588
    },
    "maneuvres": [
        {
            "name": "Forward bay park",
            "frequency": 0.225,
            "pass": 0.4820261437908497,
            "maneuvre_fails": 0.021241830065359478
        },
        {
            "name": "Reverse bay park",
            "frequency": 0.2676470588235294,
            "pass": 0.4684065934065934,
            "maneuvre_fails": 0.057692307692307696
        },
        {
            "name": "Parallel park",
            "frequency": 0.23933823529411766,
            "pass": 0.4946236559139785,
            "maneuvre_fails": 0.15668202764976957
        },
        {
            "name": "Reverse right",
            "frequency": 0.26323529411764707,
            "pass": 0.4958100558659218,
            "maneuvre_fails": 0.051675977653631286
        },
        {
            "name": "Emergency stop",
            "frequency": 0.2757352941176471,
            "pass": 0.5293333333333333,
            "maneuvre_fails": 0.02
        }
    ],
    "totalTestCount": 2720,
    "dailyTestCount": 12.651162790697674,
    "pass": 0.4827205882352941,
    "dangerous_count": 0.030147058823529412,
    "serious_count": 0.8966911764705883,
    "minor_count": 5.327941176470588,
    "dangerous_any": 0.02977941176470588,
    "serious_any": 0.5066176470588235,
    "minor_any": 0.9838235294117647,
    "first_attempt": 0.4525735294117647,
    "attempts": 2.1422794117647057,
    "times": [
        {
            "dayType": "Mon-Fri",
            "time": "08:00-09:00",
            "pass": 0.45789473684210524,
            "dailyTests": 2.474418604651163
        },
        {
            "dayType": "Mon-Fri",
            "time": "09:00-10:00",
            "pass": 0.5109289617486339,
            "dailyTests": 2.3832558139534883
        },
        {
            "dayType": "Mon-Fri",
            "time": "10:00-11:00",
            "pass": 0.49748743718592964,
            "dailyTests": 2.5916279069767443
        },
        {
            "dayType": "Mon-Fri",
            "time": "11:00-12:00",
            "pass": 0.49206349206349204,
            "dailyTests": 2.4613953488372093
        },
        {
            "dayType": "Mon-Fri",
            "time": "12:00-13:00",
            "pass": 0.5,
            "dailyTests": 0.052093023255813956
        },
        {
            "dayType": "Mon-Fri",
            "time": "13:00-14:00",
            "pass": 0.48655913978494625,
            "dailyTests": 2.4223255813953486
        },
        {
            "dayType": "Mon-Fri",
            "time": "14:00-15:00",