{
    "minors": {
        "Eyesight": 0.0,
        "Emergency stop": 0.011683254002596278,
        "Reverse right - control": 0.018606663781912593,
        "Reverse right - observation": 0.03396797922977066,
        "Parallel park - control": 0.049762007788836,
        "Parallel park - observation": 0.022717438338381652,
        "Reverse bay park - control": 0.0783210731285158,
        "Reverse bay park - observation": 0.030506274340112504,
        "Vehicle checks": 0.13414106447425356,
        "Forward bay park - control": 0.031804413673734315,
        "Forward bay park - observation": 0.012548680225010819,
        "Precautions": 0.003245348334054522,
        "Control - accelerator": 0.0038944180008654264,
        "Control - clutch": 0.021635655560363478,
        "Control - gears": 0.07983556901774123,
        "Control - Footbrake": 0.030073561228905237,
        "Control - parking brake": 0.020986585893552574,
        "Control - steering": 0.17459974037213327,
        "Move off - safely": 0.5947641713543921,
        "Move off - control": 0.292081350064907,
        "Mirrors - signalling": 0.3132842925140632,
        "Mirrors - change direction": 0.11683254002596279,
        "Mirrors - change speed": 0.15685850281263522,
        "Signals - necessary": 0.07485936823885764,
        "Signals - correctly": 0.12613587191691908,
        "Signals - timed": 0.05495456512332324,
        "Clearance / obstructions": 0.16443098225876243,
        "Response to traffic signs": 0.0646906101254868,
        "Response to road markings": 0.03115534400692341,
        "Response to traffic lights": 0.05755084379056685,
        "Response to traffic controllers": 0.0010817827780181739,
        "Response to road users": 0.010817827780181739,
        "Use of speed (too fast)": 0.15577672003461704,
        "Following distance": 0.04738208567719602,
        "Progress - speed (too slow)": 0.3513630463003029,
        "Progress - undue hesitation": 0.44547814798788404,
        "Junctions - approach speed": 0.1479878840328862,
        "Junctions - observation": 0.17481609692773692,
        "Junctions - turning right": 0.05106014712245781,
        "Junctions - turning left": 0.006923409779316313,
        "Junctions - cutting corners": 0.012332323669407183,
        "Judgement - overtaking": 0.005192557334487235,
        "Judgement - meeting": 0.0783210731285158,
        "Judgement - crossing": 0.008437905668541757,
        "Positioning - normal driving": 0.18303764604067504,
        "Positioning - lane discipline": 0.05214192990047598,
        "Pedestrian crossing": 0.01709216789268715,
        "Position - normal stops": 0.15512765036780615,
        "Awareness / planning": 0.08199913457377758,
        "Ancillary controls": 0.0073561228905235825
    },
    "fails": {
        "Eyesight": 0.0,
        "Emergency stop": 0.0006490696668109044,
        "Reverse right - control": 0.0028126352228472523,
        "Reverse right - observation": 0.015577672003461706,
        "Parallel park - control": 0.012548680225010819,
        "Parallel park - observation": 0.008005192557334487,
        "Reverse bay park - control": 0.015144958892254435,
        "Reverse bay park - observation": 0.01038511466897447,
        "Vehicle checks": 0.0015144958892254435,
        "Forward bay park - control": 0.0049762007788836,
        "Forward bay park - observation": 0.004543487667676331,
        "Precautions": 0.0,
        "Control - accelerator": 0.00043271311120726956,
        "Control - clutch": 0.00021635655560363478,
        "Control - gears": 0.008870618779749026,
        "Control - Footbrake": 0.0017308524448290783,
        "Control - parking brake": 0.003028991778450887,
        "Control - steering": 0.032453483340545215,
        "Move off - safely": 0.06144526179143228,
        "Move off - control": 0.040025962786672434,
        "Mirrors - signalling": 0.007788836001730853,
        "Mirrors - change direction": 0.0690177412375595,
        "Mirrors - change speed": 0.013414106447425357,
        "Signals - necessary": 0.0010817827780181739,
        "Signals - correctly": 0.00865426222414539,
        "Signals - timed": 0.0006490696668109044,
        "Clearance / obstructions": 0.030073561228905237,
        "Response to traffic signs": 0.07702293379489399,
        "Response to road markings": 0.03591518823020338,
        "Response to traffic lights": 0.06144526179143228,
        "Response to traffic controllers": 0.00043271311120726956,
        "Response to road users": 0.005192557334487235,
        "Use of speed (too fast)": 0.03959324967546517,
        "Following distance": 0.003245348334054522,
        "Progress - speed (too slow)": 0.03353526611856339,
        "Progress - undue hesitation": 0.05062743401125054,
        "Junctions - approach speed": 0.011899610558199913,
        "Junctions - observation": 0.11163998269147556,
        "Junctions - turning right": 0.041756815231501515,
        "Junctions - turning left": 0.006057983556901774,
        "Junctions - cutting corners": 0.0021635655560363477,
        "Judgement - overtaking": 0.0034617048896581565,
        "Judgement - meeting": 0.024231934227607096,
        "Judgement - crossing": 0.02444829078321073,
        "Positioning - normal driving": 0.06490696668109043,
        "Positioning - lane discipline": 0.019255733448723496,
        "Pedestrian crossing": 0.016010385114668974,
        "Position - normal stops": 0.012115967113803548,
        "Awareness / planning": 0.017741237559498052,
        "Ancillary controls": 0.0008654262224145391
    },
    "maneuvres": [
        {
            "name": "Forward bay park",
            "frequency": 0.23344872349632192,
            "pass": 0.4995366079703429,
            "maneuvre_fails": 0.04077849860982391
        },
        {
            "name": "Reverse bay park",
            "frequency": 0.28385980095196883,
            "pass": 0.45121951219512196,
            "maneuvre_fails": 0.08307926829268293
        },
        {
            "name": "Parallel park",
            "frequency": 0.22176546949372566,
            "pass": 0.5365853658536586,
            "maneuvre_fails": 0.08195121951219513
        },
        {
            "name": "Reverse right",
            "frequency": 0.24729554305495458,
            "pass": 0.4759405074365704,
            "maneuvre_fails": 0.0726159230096238
        },
        {
            "name": "Emergency stop",
            "frequency": 0.32128948507139765,
            "pass": 0.6013468013468013,
            "maneuvre_fails": 0.00202020202020202
        }
    ],
    "totalTestCount": 4622,
    "dailyTestCount": 21.49767441860465,
    "pass": 0.4813933362180874,
    "dangerous_count": 0.1784941583729987,
    "serious_count": 0.8485504110774557,
    "minor_count": 4.799653829511034,
    "dangerous_any": 0.15512765036780615,
    "serious_any": 0.46668109043704026,
    "minor_any": 0.9420164430982259,
    "first_attempt": 0.45045434876676765,
    "attempts": 2.230419731717871,
    "times": [
        {
            "dayType": "Mon-Fri",
            "time": "07:00-08:00",
            "pass": 0.4264705882352941,
            "dailyTests": 0.8855813953488372
        },
        {
            "dayType": "Mon-Fri",
            "time": "08:00-09:00",
            "pass": 0.4995224450811843,
            "dailyTests": 6.817674418604651
        },
        {
            "dayType": "Mon-Fri",
            "time": "10:00-11:00",
            "pass": 0.5207547169811321,
            "dailyTests": 3.451162790697674
        },
        {
            "dayType": "Mon-Fri",
            "time": "11:00-12:00",
            "pass": 0.4887640449438202,
            "dailyTests": 3.4772093023255812
        },
        {
            "dayType": "Mon-Fri",
            "time": "12:00-13:00",
            "pass": 0.4412532637075718,
            "dailyTests": 2.4939534883720933
        },
        {
            "dayType": "Mon-Fri",
            "time": "13:00-14:00",
            "pass": 0.4491869918699187,