{
    "minors": {
        "Eyesight": 0.0,
        "Emergency stop": 0.038461538461538464,
        "Reverse right - control": 0.03076923076923077,
        "Reverse right - observation": 0.015384615384615385,
        "Parallel park - control": 0.1076923076923077,
        "Parallel park - observation": 0.06923076923076923,
        "Reverse bay park - control": 0.1076923076923077,
        "Reverse bay park - observation": 0.05384615384615385,
        "Vehicle checks": 0.16923076923076924,
        "Forward bay park - control": 0.03076923076923077,
        "Forward bay park - observation": 0.015384615384615385,
        "Precautions": 0.0,
        "Control - accelerator": 0.0,
        "Control - clutch": 0.046153846153846156,
        "Control - gears": 0.26153846153846155,
        "Control - Footbrake": 0.046153846153846156,
        "Control - parking brake": 0.023076923076923078,
        "Control - steering": 0.3153846153846154,
        "Move off - safely": 0.4153846153846154,
        "Move off - control": 0.4230769230769231,
        "Mirrors - signalling": 0.007692307692307693,
        "Mirrors - change direction": 0.015384615384615385,
        "Mirrors - change speed": 0.12307692307692308,
        "Signals - necessary": 0.015384615384615385,
        "Signals - correctly": 0.023076923076923078,
        "Signals - timed": 0.11538461538461539,
        "Clearance / obstructions": 0.18461538461538463,
        "Response to traffic signs": 0.03076923076923077,
        "Response to road markings": 0.0,
        "Response to traffic lights": 0.0,
        "Response to traffic controllers": 0.0,
        "Response to road users": 0.015384615384615385,
        "Use of speed (too fast)": 0.12307692307692308,
        "Following distance": 0.007692307692307693,
        "Progress - speed (too slow)": 0.3230769230769231,
        "Progress - undue hesitation": 0.24615384615384617,
        "Junctions - approach speed": 0.007692307692307693,
        "Junctions - observation": 0.17692307692307693,
        "Junctions - turning right": 0.05384615384615385,
        "Junctions - turning left": 0.0,
        "Junctions - cutting corners": 0.015384615384615385,
        "Judgement - overtaking": 0.0,
        "Judgement - meeting": 0.06153846153846154,
        "Judgement - crossing": 0.007692307692307693,
        "Positioning - normal driving": 0.08461538461538462,
        "Positioning - lane discipline": 0.0,
        "Pedestrian crossing": 0.0,
        "Position - normal stops": 0.14615384615384616,
        "Awareness / planning": 0.06923076923076923,
        "Ancillary controls": 0.0
    },
    "fails": {
        "Eyesight": 0.0,
        "Emergency stop": 0.0,
        "Reverse right - control": 0.0,
        "Reverse right - observation": 0.007692307692307693,
        "Parallel park - control": 0.03076923076923077,
        "Parallel park - observation": 0.015384615384615385,
        "Reverse bay park - control": 0.015384615384615385,
        "Reverse bay park - observation": 0.0,
        "Vehicle checks": 0.0,
        "Forward bay park - control": 0.015384615384615385,
        "Forward bay park - observation": 0.007692307692307693,
        "Precautions": 0.0,
        "Control - accelerator": 0.0,
        "Control - clutch": 0.0,
        "Control - gears": 0.03076923076923077,
        "Control - Footbrake": 0.0,
        "Control - parking brake": 0.0,
        "Control - steering": 0.046153846153846156,
        "Move off - safely": 0.046153846153846156,
        "Move off - control": 0.06153846153846154,
        "Mirrors - signalling": 0.0,
        "Mirrors - change direction": 0.0,
        "Mirrors - change speed": 0.007692307692307693,
        "Signals - necessary": 0.0,
        "Signals - correctly": 0.015384615384615385,
        "Signals - timed": 0.007692307692307693,
        "Clearance / obstructions": 0.06153846153846154,
        "Response to traffic signs": 0.06923076923076923,
        "Response to road markings": 0.015384615384615385,
        "Response to traffic lights": 0.0,
        "Response to traffic controllers": 0.0,
        "Response to road users": 0.0,
        "Use of speed (too fast)": 0.023076923076923078,
        "Following distance": 0.0,
        "Progress - speed (too slow)": 0.023076923076923078,
        "Progress - undue hesitation": 0.007692307692307693,
        "Junctions - approach speed": 0.007692307692307693,
        "Junctions - observation": 0.07692307692307693,
        "Junctions - turning right": 0.0,
        "Junctions - turning left": 0.0,
        "Junctions - cutting corners": 0.0,
        "Judgement - overtaking": 0.007692307692307693,
        "Judgement - meeting": 0.06153846153846154,
        "Judgement - crossing": 0.015384615384615385,
        "Positioning - normal driving": 0.0,
        "Positioning - lane discipline": 0.0,
        "Pedestrian crossing": 0.007692307692307693,
        "Position - normal stops": 0.015384615384615385,
        "Awareness / planning": 0.015384615384615385,
        "Ancillary controls": 0.0
    },
    "maneuvres": [
        {
            "name": "Forward bay park",
            "frequency": 0.19230769230769232,
            "pass": 0.48,
            "maneuvre_fails": 0.12
        },
        {
            "name": "Reverse bay park",
            "frequency": 0.25384615384615383,
            "pass": 0.7272727272727273,
            "maneuvre_fails": 0.06060606060606061
        },
        {
            "name": "Parallel park",
            "frequency": 0.2846153846153846,
            "pass": 0.5945945945945946,
            "maneuvre_fails": 0.13513513513513514
        },
        {
            "name": "Reverse right",
            "frequency": 0.24615384615384617,
            "pass": 0.46875,
            "maneuvre_fails": 0.03125
        },
        {
            "name": "Emergency stop",
            "frequency": 0.34615384615384615,
            "pass": 0.6444444444444445,
            "maneuvre_fails": 0.0
        }
    ],
    "totalTestCount": 130,
    "dailyTestCount": 0.6046511627906976,
    "pass": 0.5615384615384615,
    "dangerous_count": 0.0,
    "serious_count": 0.7153846153846154,
    "minor_count": 4.023076923076923,
    "dangerous_any": 0.0,
    "serious_any": 0.43846153846153846,
    "minor_any": 0.9461538461538461,
    "first_attempt": 0.5384615384615384,
    "attempts": 1.7153846153846153,
    "times": [
        {
            "dayType": "Mon-Fri",
            "time": "08:00-09:00",
            "pass": 0.5,
            "dailyTests": 0.13023255813953488
        },
        {
            "dayType": "Mon-Fri",
            "time": "09:00-10:00",
            "pass": 0.6363636363636364,
            "dailyTests": 0.14325581395348835
        },
        {
            "dayType": "Mon-Fri",
            "time": "10:00-11:00",
            "pass": 0.6666666666666666,
            "dailyTests": 0.13674418604651162
        },
        {
            "dayType": "Mon-Fri",
            "time": "11:00-12:00",
            "pass": 0.42105263157894735,
            "dailyTests": 0.12372093023255815
        },
        {
            "dayType": "Mon-Fri",
            "time": "12:00-13:00",
            "pass": 0.5882352941176471,
            "dailyTests": 0.11069767441860465
        },
        {
            "dayType": "Mon-Fri",
            "time": "13:00-14:00",
            "pass": 0.23529411764705882,
            "dailyTests": 0.11069767441860465
        },
        {
            "dayType": "Mon-Fri",
            "time": "14:00-15:00",
            "pass": 0.9285714285714286,
            "dailyTests": 0.09116279069767441
        },
        {
            "dayType": "Mon-Fri",
            "pass": 0.5615384615384615,
            "dailyTests": 0.8465116279069766,
            "time": "All times"
        }
    ],
    "name": "Banff",
    "id": 242,
    "address": {
        "name": "Banff",
        "latitude": 57.666245,
        "longitude": -2.523942,
        "addrLine1": "Driving Vehicle Standards Agency",