{
    "minors": {
        "Eyesight": 0.0,
        "Emergency stop": 0.01675041876046901,
        "Reverse right - control": 0.01675041876046901,
        "Reverse right - observation": 0.031825795644891124,
        "Parallel park - control": 0.05695142378559464,
        "Parallel park - observation": 0.04690117252931323,
        "Reverse bay park - control": 0.05527638190954774,
        "Reverse bay park - observation": 0.04020100502512563,
        "Vehicle checks": 0.09547738693467336,
        "Forward bay park - control": 0.06365159128978225,
        "Forward bay park - observation": 0.02680067001675042,
        "Precautions": 0.0033500837520938024,
        "Control - accelerator": 0.005025125628140704,
        "Control - clutch": 0.12395309882747069,
        "Control - gears": 0.32998324958123953,
        "Control - Footbrake": 0.09882747068676717,
        "Control - parking brake": 0.048576214405360134,
        "Control - steering": 0.4338358458961474,
        "Move off - safely": 0.3869346733668342,
        "Move off - control": 0.4338358458961474,
        "Mirrors - signalling": 0.11725293132328309,
        "Mirrors - change direction": 0.06700167504187604,
        "Mirrors - change speed": 0.08040201005025126,
        "Signals - necessary": 0.08207705192629816,
        "Signals - correctly": 0.1574539363484087,
        "Signals - timed": 0.07705192629815745,
        "Clearance / obstructions": 0.09045226130653267,
        "Response to traffic signs": 0.031825795644891124,
        "Response to road markings": 0.021775544388609715,
        "Response to traffic lights": 0.03685092127303183,
        "Response to traffic controllers": 0.0,
        "Response to road users": 0.0033500837520938024,
        "Use of speed (too fast)": 0.24455611390284757,
        "Following distance": 0.035175879396984924,
        "Progress - speed (too slow)": 0.38190954773869346,
        "Progress - undue hesitation": 0.23450586264656617,
        "Junctions - approach speed": 0.15577889447236182,
        "Junctions - observation": 0.1390284757118928,
        "Junctions - turning right": 0.04355108877721943,
        "Junctions - turning left": 0.03350083752093802,
        "Junctions - cutting corners": 0.011725293132328308,
        "Judgement - overtaking": 0.01507537688442211,
        "Judgement - meeting": 0.05695142378559464,
        "Judgement - crossing": 0.005025125628140704,
        "Positioning - normal driving": 0.22948073701842547,
        "Positioning - lane discipline": 0.010050251256281407,
        "Pedestrian crossing": 0.0033500837520938024,
        "Position - normal stops": 0.09380234505862646,
        "Awareness / planning": 0.10552763819095477,
        "Ancillary controls": 0.02512562814070352
    },
    "fails": {
        "Eyesight": 0.0,
        "Emergency stop": 0.0016750418760469012,
        "Reverse right - control": 0.006700167504187605,
        "Reverse right - observation": 0.011725293132328308,
        "Parallel park - control": 0.03015075376884422,
        "Parallel park - observation": 0.018425460636515914,
        "Reverse bay park - control": 0.018425460636515914,
        "Reverse bay park - observation": 0.01675041876046901,
        "Vehicle checks": 0.006700167504187605,
        "Forward bay park - control": 0.020100502512562814,
        "Forward bay park - observation": 0.006700167504187605,
        "Precautions": 0.0,
        "Control - accelerator": 0.0,
        "Control - clutch": 0.0016750418760469012,
        "Control - gears": 0.03015075376884422,
        "Control - Footbrake": 0.005025125628140704,
        "Control - parking brake": 0.0,
        "Control - steering": 0.04020100502512563,
        "Move off - safely": 0.05360134003350084,
        "Move off - control": 0.03685092127303183,
        "Mirrors - signalling": 0.0033500837520938024,
        "Mirrors - change direction": 0.01507537688442211,
        "Mirrors - change speed": 0.010050251256281407,
        "Signals - necessary": 0.008375209380234505,
        "Signals - correctly": 0.006700167504187605,
        "Signals - timed": 0.0016750418760469012,
        "Clearance / obstructions": 0.0033500837520938024,
        "Response to traffic signs": 0.01675041876046901,
        "Response to road markings": 0.005025125628140704,
        "Response to traffic lights": 0.02847571189279732,
        "Response to traffic controllers": 0.0,
        "Response to road users": 0.0,
        "Use of speed (too fast)": 0.05527638190954774,
        "Following distance": 0.005025125628140704,
        "Progress - speed (too slow)": 0.020100502512562814,
        "Progress - undue hesitation": 0.0033500837520938024,
        "Junctions - approach speed": 0.011725293132328308,
        "Junctions - observation": 0.09045226130653267,
        "Junctions - turning right": 0.038525963149078725,
        "Junctions - turning left": 0.006700167504187605,
        "Junctions - cutting corners": 0.0,
        "Judgement - overtaking": 0.006700167504187605,
        "Judgement - meeting": 0.018425460636515914,
        "Judgement - crossing": 0.011725293132328308,
        "Positioning - normal driving": 0.03015075376884422,
        "Positioning - lane discipline": 0.0,
        "Pedestrian crossing": 0.0,
        "Position - normal stops": 0.008375209380234505,
        "Awareness / planning": 0.020100502512562814,
        "Ancillary controls": 0.005025125628140704
    },
    "maneuvres": [
        {
            "name": "Forward bay park",
            "frequency": 0.2646566164154104,
            "pass": 0.6075949367088608,
            "maneuvre_fails": 0.0949367088607595
        },
        {
            "name": "Reverse bay park",
            "frequency": 0.19765494137353434,
            "pass": 0.4322033898305085,
            "maneuvre_fails": 0.15254237288135594
        },
        {
            "name": "Parallel park",
            "frequency": 0.24120603015075376,
            "pass": 0.5347222222222222,
            "maneuvre_fails": 0.18055555555555555
        },
        {
            "name": "Reverse right",
            "frequency": 0.2931323283082077,
            "pass": 0.6914285714285714,
            "maneuvre_fails": 0.06285714285714286
        },
        {
            "name": "Emergency stop",
            "frequency": 0.2864321608040201,
            "pass": 0.6374269005847953,
            "maneuvre_fails": 0.005847953216374269
        }
    ],
    "totalTestCount": 597,
    "dailyTestCount": 2.7767441860465114,
    "pass": 0.5778894472361809,
    "dangerous_count": 0.011725293132328308,
    "serious_count": 0.7252931323283082,
    "minor_count": 4.9045226130653266,
    "dangerous_any": 0.011725293132328308,
    "serious_any": 0.4204355108877722,
    "minor_any": 0.9731993299832495,
    "first_attempt": 0.5293132328308208,
    "attempts": 1.9413735343383585,
    "times": [
        {
            "dayType": "Mon-Fri",
            "time": "08:00-09:00",
            "pass": 0.5909090909090909,
            "dailyTests": 0.5730232558139534
        },
        {
            "dayType": "Mon-Fri",
            "time": "09:00-10:00",
            "pass": 0.5454545454545454,
            "dailyTests": 0.5730232558139534
        },
        {
            "dayType": "Mon-Fri",
            "time": "10:00-11:00",
            "pass": 0.5747126436781609,
            "dailyTests": 0.5665116279069767
        },
        {
            "dayType": "Mon-Fri",
            "time": "11:00-12:00",
            "pass": 0.5125,
            "dailyTests": 0.5209302325581395
        },
        {
            "dayType": "Mon-Fri",
            "time": "12:00-13:00",
            "pass": 0.632183908045977,
            "dailyTests": 0.5665116279069767
        },
        {
            "dayType": "Mon-Fri",
            "time": "13:00-14:00",
            "pass": 0.5952380952380952,
            "dailyTests": 0.5469767441860465
        },
        {
            "dayType": "Mon-Fri",
            "time": "14:00-15:00",