{
    "minors": {
        "Eyesight": 0.0,
        "Emergency stop": 0.0,
        "Reverse right - control": 0.012048192771084338,
        "Reverse right - observation": 0.03614457831325301,
        "Parallel park - control": 0.07228915662650602,
        "Parallel park - observation": 0.04819277108433735,
        "Reverse bay park - control": 0.0963855421686747,
        "Reverse bay park - observation": 0.060240963855421686,
        "Vehicle checks": 0.18072289156626506,
        "Forward bay park - control": 0.03614457831325301,
        "Forward bay park - observation": 0.03614457831325301,
        "Precautions": 0.0,
        "Control - accelerator": 0.012048192771084338,
        "Control - clutch": 0.04819277108433735,
        "Control - gears": 0.20481927710843373,
        "Control - Footbrake": 0.0963855421686747,
        "Control - parking brake": 0.024096385542168676,
        "Control - steering": 0.7831325301204819,
        "Move off - safely": 0.8072289156626506,
        "Move off - control": 0.4819277108433735,
        "Mirrors - signalling": 0.03614457831325301,
        "Mirrors - change direction": 0.14457831325301204,
        "Mirrors - change speed": 0.25301204819277107,
        "Signals - necessary": 0.012048192771084338,
        "Signals - correctly": 0.1686746987951807,
        "Signals - timed": 0.0963855421686747,
        "Clearance / obstructions": 0.18072289156626506,
        "Response to traffic signs": 0.012048192771084338,
        "Response to road markings": 0.024096385542168676,
        "Response to traffic lights": 0.012048192771084338,
        "Response to traffic controllers": 0.0,
        "Response to road users": 0.0,
        "Use of speed (too fast)": 0.1927710843373494,
        "Following distance": 0.024096385542168676,
        "Progress - speed (too slow)": 0.3253012048192771,
        "Progress - undue hesitation": 0.30120481927710846,
        "Junctions - approach speed": 0.2289156626506024,
        "Junctions - observation": 0.2891566265060241,
        "Junctions - turning right": 0.3132530120481928,
        "Junctions - turning left": 0.024096385542168676,
        "Junctions - cutting corners": 0.012048192771084338,
        "Judgement - overtaking": 0.012048192771084338,
        "Judgement - meeting": 0.3493975903614458,
        "Judgement - crossing": 0.0963855421686747,
        "Positioning - normal driving": 0.18072289156626506,
        "Positioning - lane discipline": 0.0,
        "Pedestrian crossing": 0.012048192771084338,
        "Position - normal stops": 0.18072289156626506,
        "Awareness / planning": 0.26506024096385544,
        "Ancillary controls": 0.024096385542168676
    },
    "fails": {
        "Eyesight": 0.0,
        "Emergency stop": 0.0,
        "Reverse right - control": 0.0,
        "Reverse right - observation": 0.012048192771084338,
        "Parallel park - control": 0.024096385542168676,
        "Parallel park - observation": 0.024096385542168676,
        "Reverse bay park - control": 0.024096385542168676,
        "Reverse bay park - observation": 0.024096385542168676,
        "Vehicle checks": 0.024096385542168676,
        "Forward bay park - control": 0.0,
        "Forward bay park - observation": 0.0,
        "Precautions": 0.0,
        "Control - accelerator": 0.0,
        "Control - clutch": 0.0,
        "Control - gears": 0.03614457831325301,
        "Control - Footbrake": 0.0,
        "Control - parking brake": 0.0,
        "Control - steering": 0.04819277108433735,
        "Move off - safely": 0.060240963855421686,
        "Move off - control": 0.024096385542168676,
        "Mirrors - signalling": 0.0,
        "Mirrors - change direction": 0.0,
        "Mirrors - change speed": 0.024096385542168676,
        "Signals - necessary": 0.012048192771084338,
        "Signals - correctly": 0.0,
        "Signals - timed": 0.0,
        "Clearance / obstructions": 0.0963855421686747,
        "Response to traffic signs": 0.04819277108433735,
        "Response to road markings": 0.04819277108433735,
        "Response to traffic lights": 0.0,
        "Response to traffic controllers": 0.0,
        "Response to road users": 0.0,
        "Use of speed (too fast)": 0.03614457831325301,
        "Following distance": 0.0,
        "Progress - speed (too slow)": 0.024096385542168676,
        "Progress - undue hesitation": 0.012048192771084338,
        "Junctions - approach speed": 0.024096385542168676,
        "Junctions - observation": 0.14457831325301204,
        "Junctions - turning right": 0.03614457831325301,
        "Junctions - turning left": 0.0,
        "Junctions - cutting corners": 0.0,
        "Judgement - overtaking": 0.0,
        "Judgement - meeting": 0.07228915662650602,
        "Judgement - crossing": 0.12048192771084337,
        "Positioning - normal driving": 0.0,
        "Positioning - lane discipline": 0.0,
        "Pedestrian crossing": 0.0,
        "Position - normal stops": 0.0,
        "Awareness / planning": 0.04819277108433735,
        "Ancillary controls": 0.0
    },
    "maneuvres": [
        {
            "name": "Forward bay park",
            "frequency": 0.26506024096385544,
            "pass": 0.5,
            "maneuvre_fails": 0.0
        },
        {
            "name": "Reverse bay park",
            "frequency": 0.21686746987951808,
            "pass": 0.4444444444444444,
            "maneuvre_fails": 0.1111111111111111
        },
        {
            "name": "Parallel park",
            "frequency": 0.25301204819277107,
            "pass": 0.6190476190476191,
            "maneuvre_fails": 0.19047619047619047
        },
        {
            "name": "Reverse right",
            "frequency": 0.24096385542168675,
            "pass": 0.7,
            "maneuvre_fails": 0.05
        },
        {
            "name": "Emergency stop",
            "frequency": 0.30120481927710846,
            "pass": 0.6,
            "maneuvre_fails": 0.0
        }
    ],
    "totalTestCount": 83,
    "dailyTestCount": 0.386046511627907,
    "pass": 0.5542168674698795,
    "dangerous_count": 0.07228915662650602,
    "serious_count": 0.9879518072289156,
    "minor_count": 6.807228915662651,
    "dangerous_any": 0.07228915662650602,
    "serious_any": 0.43373493975903615,
    "minor_any": 0.9759036144578314,
    "first_attempt": 0.5542168674698795,
    "attempts": 1.6867469879518073,
    "times": [
        {
            "dayType": "Mon-Fri",
            "time": "09:00-10:00",
            "pass": 0.6666666666666666,
            "dailyTests": 0.09767441860465116
        },
        {
            "dayType": "Mon-Fri",
            "time": "10:00-11:00",
            "pass": 0.4666666666666667,
            "dailyTests": 0.09767441860465116
        },
        {
            "dayType": "Mon-Fri",
            "time": "11:00-12:00",
            "pass": 0.5333333333333333,
            "dailyTests": 0.09767441860465116
        },
        {
            "dayType": "Mon-Fri",
            "time": "12:00-13:00",
            "pass": 0.6428571428571429,
            "dailyTests": 0.09116279069767441
        },
        {
            "dayType": "Mon-Fri",
            "time": "13:00-14:00",
            "pass": 0.5,
            "dailyTests": 0.07813953488372093
        },
        {
            "dayType": "Mon-Fri",
            "time": "14:00-15:00",
            "pass": 0.5,
            "dailyTests": 0.07813953488372093
        },
        {
            "dayType": "Mon-Fri",
            "pass": 0.5542168674698795,
            "dailyTests": 0.5404651162790698,
            "time": "All times"
        }
    ],
    "name": "Crieff",
    "id": 259,
    "address": {
        "name": "Crieff",
        "latitude": 56.3680696,
        "longitude": -3.8455867,
        "addrLine1": "Driver and Vehicle Standards Agency",
        "addrLine2": "Driving Test Centre Crieff",
        "addrLine3": "Crieff Fire Station, Broich Road",
        "addrLine4": "Crieff",
        "addrLine5": "",
        "postcode": "PH7 3SB"
    }
}