{
    "minors": {
        "Eyesight": 0.0,
        "Emergency stop": 0.0410958904109589,
        "Reverse right - control": 0.0,
        "Reverse right - observation": 0.0136986301369863,
        "Parallel park - control": 0.0547945205479452,
        "Parallel park - observation": 0.0547945205479452,
        "Reverse bay park - control": 0.0684931506849315,
        "Reverse bay park - observation": 0.0958904109589041,
        "Vehicle checks": 0.136986301369863,
        "Forward bay park - control": 0.0684931506849315,
        "Forward bay park - observation": 0.0273972602739726,
        "Precautions": 0.0,
        "Control - accelerator": 0.0,
        "Control - clutch": 0.0821917808219178,
        "Control - gears": 0.1917808219178082,
        "Control - Footbrake": 0.0273972602739726,
        "Control - parking brake": 0.0136986301369863,
        "Control - steering": 0.6438356164383562,
        "Move off - safely": 0.3835616438356164,
        "Move off - control": 0.547945205479452,
        "Mirrors - signalling": 0.2876712328767123,
        "Mirrors - change direction": 0.0136986301369863,
        "Mirrors - change speed": 0.1643835616438356,
        "Signals - necessary": 0.0684931506849315,
        "Signals - correctly": 0.0547945205479452,
        "Signals - timed": 0.0273972602739726,
        "Clearance / obstructions": 0.0958904109589041,
        "Response to traffic signs": 0.0273972602739726,
        "Response to road markings": 0.0,
        "Response to traffic lights": 0.0,
        "Response to traffic controllers": 0.0,
        "Response to road users": 0.0,
        "Use of speed (too fast)": 0.2191780821917808,
        "Following distance": 0.0136986301369863,
        "Progress - speed (too slow)": 0.3013698630136986,
        "Progress - undue hesitation": 0.4931506849315068,
        "Junctions - approach speed": 0.0410958904109589,
        "Junctions - observation": 0.1095890410958904,
        "Junctions - turning right": 0.0273972602739726,
        "Junctions - turning left": 0.0,
        "Junctions - cutting corners": 0.0136986301369863,
        "Judgement - overtaking": 0.0,
        "Judgement - meeting": 0.2054794520547945,
        "Judgement - crossing": 0.0,
        "Positioning - normal driving": 0.0684931506849315,
        "Positioning - lane discipline": 0.0,
        "Pedestrian crossing": 0.0,
        "Position - normal stops": 0.0958904109589041,
        "Awareness / planning": 0.1095890410958904,
        "Ancillary controls": 0.0
    },
    "fails": {
        "Eyesight": 0.0,
        "Emergency stop": 0.0273972602739726,
        "Reverse right - control": 0.0136986301369863,
        "Reverse right - observation": 0.0273972602739726,
        "Parallel park - control": 0.0273972602739726,
        "Parallel park - observation": 0.0,
        "Reverse bay park - control": 0.0136986301369863,
        "Reverse bay park - observation": 0.0,
        "Vehicle checks": 0.0,
        "Forward bay park - control": 0.0,
        "Forward bay park - observation": 0.0,
        "Precautions": 0.0,
        "Control - accelerator": 0.0,
        "Control - clutch": 0.0,
        "Control - gears": 0.0273972602739726,
        "Control - Footbrake": 0.0,
        "Control - parking brake": 0.0,
        "Control - steering": 0.0547945205479452,
        "Move off - safely": 0.0136986301369863,
        "Move off - control": 0.0273972602739726,
        "Mirrors - signalling": 0.0136986301369863,
        "Mirrors - change direction": 0.0,
        "Mirrors - change speed": 0.0136986301369863,
        "Signals - necessary": 0.0,
        "Signals - correctly": 0.0,
        "Signals - timed": 0.0,
        "Clearance / obstructions": 0.0,
        "Response to traffic signs": 0.0,
        "Response to road markings": 0.0136986301369863,
        "Response to traffic lights": 0.0,
        "Response to traffic controllers": 0.0,
        "Response to road users": 0.0,
        "Use of speed (too fast)": 0.0,
        "Following distance": 0.0,
        "Progress - speed (too slow)": 0.0273972602739726,
        "Progress - undue hesitation": 0.0,
        "Junctions - approach speed": 0.0,
        "Junctions - observation": 0.0547945205479452,
        "Junctions - turning right": 0.0,
        "Junctions - turning left": 0.0,
        "Junctions - cutting corners": 0.0,
        "Judgement - overtaking": 0.0,
        "Judgement - meeting": 0.0136986301369863,
        "Judgement - crossing": 0.0136986301369863,
        "Positioning - normal driving": 0.0,
        "Positioning - lane discipline": 0.0,
        "Pedestrian crossing": 0.0,
        "Position - normal stops": 0.0,
        "Awareness / planning": 0.0,
        "Ancillary controls": 0.0
    },
    "maneuvres": [
        {
            "name": "Forward bay park",
            "frequency": 0.3013698630136986,
            "pass": 0.6818181818181818,
            "maneuvre_fails": 0.0
        },
        {
            "name": "Reverse bay park",
            "frequency": 0.2465753424657534,
            "pass": 0.7777777777777778,
            "maneuvre_fails": 0.05555555555555555
        },
        {
            "name": "Parallel park",
            "frequency": 0.2054794520547945,
            "pass": 0.6,
            "maneuvre_fails": 0.13333333333333333
        },
        {
            "name": "Reverse right",
            "frequency": 0.2465753424657534,
            "pass": 0.7222222222222222,
            "maneuvre_fails": 0.16666666666666666
        },
        {
            "name": "Emergency stop",
            "frequency": 0.2876712328767123,
            "pass": 0.7142857142857143,
            "maneuvre_fails": 0.09523809523809523
        }
    ],
    "totalTestCount": 73,
    "dailyTestCount": 0.3395348837209302,
    "pass": 0.6986301369863014,
    "dangerous_count": 0.0136986301369863,
    "serious_count": 0.3698630136986301,
    "minor_count": 4.890410958904109,
    "dangerous_any": 0.0136986301369863,
    "serious_any": 0.3013698630136986,
    "minor_any": 0.9726027397260274,
    "first_attempt": 0.4383561643835616,
    "attempts": 2.0136986301369864,
    "times": [
        {
            "dayType": "Mon-Fri",
            "time": "08:00-09:00",
            "pass": 0.75,
            "dailyTests": 0.026046511627906978
        },
        {
            "dayType": "Mon-Fri",
            "time": "09:00-10:00",
            "pass": 0.6428571428571429,
            "dailyTests": 0.09116279069767441
        },
        {
            "dayType": "Mon-Fri",
            "time": "10:00-11:00",
            "pass": 0.6428571428571429,
            "dailyTests": 0.09116279069767441
        },
        {
            "dayType": "Mon-Fri",
            "time": "11:00-12:00",
            "pass": 0.7857142857142857,
            "dailyTests": 0.09116279069767441
        },
        {
            "dayType": "Mon-Fri",
            "time": "12:00-13:00",
            "pass": 0.7272727272727273,
            "dailyTests": 0.07162790697674418
        },
        {
            "dayType": "Mon-Fri",
            "time": "13:00-14:00",
            "pass": 0.6153846153846154,
            "dailyTests": 0.08465116279069768
        },
        {
            "dayType": "Mon-Fri",
            "time": "14:00-15:00",
            "pass": 1.0,
            "dailyTests": 0.01953488372093023
        },
        {
            "dayType": "Mon-Fri",
            "pass": 0.6986301369863014,
            "dailyTests": 0.4753488372093023,
            "time": "All times"
        }
    ],
    "name": "Duns",
    "id": 267,
    "address": {
        "name": "Duns",
        "latitude": 55.7778233,
        "longitude": -2.3481823,
        "addrLine1": "Driver and Vehicle Standards Agency",
        "addrLine2": "Driving Test Centre Duns",
        "addrLine3": "Scottish Borders Council, 8 Newton Street",
        "addrLine4": "Duns",
        "addrLine5": "",
        "postcode": "TD11 3AU"
    }
}