{
    "minors": {
        "Eyesight": 0.0,
        "Emergency stop": 0.013245033112582781,
        "Reverse right - control": 0.026490066225165563,
        "Reverse right - observation": 0.039735099337748346,
        "Parallel park - control": 0.0728476821192053,
        "Parallel park - observation": 0.013245033112582781,
        "Reverse bay park - control": 0.0728476821192053,
        "Reverse bay park - observation": 0.033112582781456956,
        "Vehicle checks": 0.08609271523178808,
        "Forward bay park - control": 0.046357615894039736,
        "Forward bay park - observation": 0.006622516556291391,
        "Precautions": 0.0,
        "Control - accelerator": 0.0,
        "Control - clutch": 0.033112582781456956,
        "Control - gears": 0.2582781456953642,
        "Control - Footbrake": 0.046357615894039736,
        "Control - parking brake": 0.07947019867549669,
        "Control - steering": 0.44370860927152317,
        "Move off - safely": 0.2582781456953642,
        "Move off - control": 0.40397350993377484,
        "Mirrors - signalling": 0.06622516556291391,
        "Mirrors - change direction": 0.019867549668874173,
        "Mirrors - change speed": 0.019867549668874173,
        "Signals - necessary": 0.09271523178807947,
        "Signals - correctly": 0.12582781456953643,
        "Signals - timed": 0.08609271523178808,
        "Clearance / obstructions": 0.16556291390728478,
        "Response to traffic signs": 0.033112582781456956,
        "Response to road markings": 0.013245033112582781,
        "Response to traffic lights": 0.026490066225165563,
        "Response to traffic controllers": 0.0,
        "Response to road users": 0.019867549668874173,
        "Use of speed (too fast)": 0.11920529801324503,
        "Following distance": 0.033112582781456956,
        "Progress - speed (too slow)": 0.25165562913907286,
        "Progress - undue hesitation": 0.304635761589404,
        "Junctions - approach speed": 0.11920529801324503,
        "Junctions - observation": 0.2913907284768212,
        "Junctions - turning right": 0.046357615894039736,
        "Junctions - turning left": 0.0,
        "Junctions - cutting corners": 0.0,
        "Judgement - overtaking": 0.0,
        "Judgement - meeting": 0.052980132450331126,
        "Judgement - crossing": 0.006622516556291391,
        "Positioning - normal driving": 0.2119205298013245,
        "Positioning - lane discipline": 0.0,
        "Pedestrian crossing": 0.0,
        "Position - normal stops": 0.059602649006622516,
        "Awareness / planning": 0.08609271523178808,
        "Ancillary controls": 0.0
    },
    "fails": {
        "Eyesight": 0.0,
        "Emergency stop": 0.0,
        "Reverse right - control": 0.013245033112582781,
        "Reverse right - observation": 0.013245033112582781,
        "Parallel park - control": 0.013245033112582781,
        "Parallel park - observation": 0.013245033112582781,
        "Reverse bay park - control": 0.006622516556291391,
        "Reverse bay park - observation": 0.006622516556291391,
        "Vehicle checks": 0.013245033112582781,
        "Forward bay park - control": 0.0,
        "Forward bay park - observation": 0.0,
        "Precautions": 0.0,
        "Control - accelerator": 0.0,
        "Control - clutch": 0.0,
        "Control - gears": 0.006622516556291391,
        "Control - Footbrake": 0.0,
        "Control - parking brake": 0.0,
        "Control - steering": 0.0728476821192053,
        "Move off - safely": 0.046357615894039736,
        "Move off - control": 0.059602649006622516,
        "Mirrors - signalling": 0.0,
        "Mirrors - change direction": 0.019867549668874173,
        "Mirrors - change speed": 0.0,
        "Signals - necessary": 0.0,
        "Signals - correctly": 0.013245033112582781,
        "Signals - timed": 0.0,
        "Clearance / obstructions": 0.013245033112582781,
        "Response to traffic signs": 0.026490066225165563,
        "Response to road markings": 0.0,
        "Response to traffic lights": 0.013245033112582781,
        "Response to traffic controllers": 0.0,
        "Response to road users": 0.006622516556291391,
        "Use of speed (too fast)": 0.0,
        "Following distance": 0.006622516556291391,
        "Progress - speed (too slow)": 0.006622516556291391,
        "Progress - undue hesitation": 0.033112582781456956,
        "Junctions - approach speed": 0.0,
        "Junctions - observation": 0.09271523178807947,
        "Junctions - turning right": 0.019867549668874173,
        "Junctions - turning left": 0.0,
        "Junctions - cutting corners": 0.0,
        "Judgement - overtaking": 0.006622516556291391,
        "Judgement - meeting": 0.013245033112582781,
        "Judgement - crossing": 0.006622516556291391,
        "Positioning - normal driving": 0.033112582781456956,
        "Positioning - lane discipline": 0.0,
        "Pedestrian crossing": 0.0,
        "Position - normal stops": 0.006622516556291391,
        "Awareness / planning": 0.0,
        "Ancillary controls": 0.0
    },
    "maneuvres": [
        {
            "name": "Forward bay park",
            "frequency": 0.23841059602649006,
            "pass": 0.6388888888888888,
            "maneuvre_fails": 0.0
        },
        {
            "name": "Reverse bay park",
            "frequency": 0.23178807947019867,
            "pass": 0.4857142857142857,
            "maneuvre_fails": 0.05714285714285714
        },
        {
            "name": "Parallel park",
            "frequency": 0.2251655629139073,
            "pass": 0.5882352941176471,
            "maneuvre_fails": 0.11764705882352941
        },
        {
            "name": "Reverse right",
            "frequency": 0.2847682119205298,
            "pass": 0.7674418604651163,
            "maneuvre_fails": 0.06976744186046512
        },
        {
            "name": "Emergency stop",
            "frequency": 0.271523178807947,
            "pass": 0.6097560975609756,
            "maneuvre_fails": 0.0
        }
    ],
    "totalTestCount": 151,
    "dailyTestCount": 0.7023255813953488,
    "pass": 0.6158940397350994,
    "dangerous_count": 0.013245033112582781,
    "serious_count": 0.5761589403973509,
    "minor_count": 4.185430463576159,
    "dangerous_any": 0.013245033112582781,
    "serious_any": 0.3841059602649007,
    "minor_any": 0.9271523178807947,
    "first_attempt": 0.5562913907284768,
    "attempts": 1.695364238410596,
    "times": [
        {
            "dayType": "Mon-Fri",
            "time": "08:00-09:00",
            "pass": 0.7666666666666667,
            "dailyTests": 0.19534883720930232
        },
        {
            "dayType": "Mon-Fri",
            "time": "09:00-10:00",
            "pass": 0.6333333333333333,
            "dailyTests": 0.19534883720930232
        },
        {
            "dayType": "Mon-Fri",
            "time": "10:00-11:00",
            "pass": 0.5806451612903226,
            "dailyTests": 0.20186046511627911
        },
        {
            "dayType": "Mon-Fri",
            "time": "11:00-12:00",
            "pass": 0.5333333333333333,
            "dailyTests": 0.19534883720930232
        },
        {
            "dayType": "Mon-Fri",
            "time": "12:00-13:00",
            "pass": 0.5666666666666667,
            "dailyTests": 0.19534883720930232
        },
        {
            "dayType": "Mon-Fri",
            "pass": 0.6158940397350994,
            "dailyTests": 0.9832558139534884,
            "time": "All times"
        }
    ],
    "name": "Girvan",
    "id": 280,
    "address": {
        "name": "Girvan",
        "latitude": 55.241219,
        "longitude": -4.858645,
        "addrLine1": "The Carrick Buildings Learning",
        "addrLine2": "Centre",
        "addrLine3": "Henrietta Street",
        "addrLine4": "Girvan",
        "addrLine5": "",
        "postcode": "KA26 9AL"
    }
}