{
    "minors": {
        "Eyesight": 0.0,
        "Emergency stop": 0.03333333333333333,
        "Reverse right - control": 0.016666666666666666,
        "Reverse right - observation": 0.016666666666666666,
        "Parallel park - control": 0.11666666666666667,
        "Parallel park - observation": 0.0,
        "Reverse bay park - control": 0.08333333333333333,
        "Reverse bay park - observation": 0.03333333333333333,
        "Vehicle checks": 0.1,
        "Forward bay park - control": 0.016666666666666666,
        "Forward bay park - observation": 0.0,
        "Precautions": 0.0,
        "Control - accelerator": 0.0,
        "Control - clutch": 0.06666666666666667,
        "Control - gears": 0.3,
        "Control - Footbrake": 0.11666666666666667,
        "Control - parking brake": 0.016666666666666666,
        "Control - steering": 0.13333333333333333,
        "Move off - safely": 0.16666666666666666,
        "Move off - control": 0.23333333333333334,
        "Mirrors - signalling": 0.26666666666666666,
        "Mirrors - change direction": 0.06666666666666667,
        "Mirrors - change speed": 0.03333333333333333,
        "Signals - necessary": 0.016666666666666666,
        "Signals - correctly": 0.0,
        "Signals - timed": 0.03333333333333333,
        "Clearance / obstructions": 0.05,
        "Response to traffic signs": 0.06666666666666667,
        "Response to road markings": 0.016666666666666666,
        "Response to traffic lights": 0.0,
        "Response to traffic controllers": 0.0,
        "Response to road users": 0.016666666666666666,
        "Use of speed (too fast)": 0.21666666666666667,
        "Following distance": 0.05,
        "Progress - speed (too slow)": 0.15,
        "Progress - undue hesitation": 0.3,
        "Junctions - approach speed": 0.03333333333333333,
        "Junctions - observation": 0.11666666666666667,
        "Junctions - turning right": 0.03333333333333333,
        "Junctions - turning left": 0.0,
        "Junctions - cutting corners": 0.0,
        "Judgement - overtaking": 0.05,
        "Judgement - meeting": 0.06666666666666667,
        "Judgement - crossing": 0.0,
        "Positioning - normal driving": 0.05,
        "Positioning - lane discipline": 0.0,
        "Pedestrian crossing": 0.0,
        "Position - normal stops": 0.13333333333333333,
        "Awareness / planning": 0.06666666666666667,
        "Ancillary controls": 0.0
    },
    "fails": {
        "Eyesight": 0.0,
        "Emergency stop": 0.0,
        "Reverse right - control": 0.0,
        "Reverse right - observation": 0.0,
        "Parallel park - control": 0.0,
        "Parallel park - observation": 0.0,
        "Reverse bay park - control": 0.0,
        "Reverse bay park - observation": 0.0,
        "Vehicle checks": 0.03333333333333333,
        "Forward bay park - control": 0.016666666666666666,
        "Forward bay park - observation": 0.0,
        "Precautions": 0.0,
        "Control - accelerator": 0.0,
        "Control - clutch": 0.0,
        "Control - gears": 0.03333333333333333,
        "Control - Footbrake": 0.0,
        "Control - parking brake": 0.0,
        "Control - steering": 0.08333333333333333,
        "Move off - safely": 0.03333333333333333,
        "Move off - control": 0.03333333333333333,
        "Mirrors - signalling": 0.03333333333333333,
        "Mirrors - change direction": 0.0,
        "Mirrors - change speed": 0.016666666666666666,
        "Signals - necessary": 0.0,
        "Signals - correctly": 0.0,
        "Signals - timed": 0.0,
        "Clearance / obstructions": 0.0,
        "Response to traffic signs": 0.0,
        "Response to road markings": 0.0,
        "Response to traffic lights": 0.0,
        "Response to traffic controllers": 0.0,
        "Response to road users": 0.016666666666666666,
        "Use of speed (too fast)": 0.0,
        "Following distance": 0.0,
        "Progress - speed (too slow)": 0.016666666666666666,
        "Progress - undue hesitation": 0.06666666666666667,
        "Junctions - approach speed": 0.0,
        "Junctions - observation": 0.016666666666666666,
        "Junctions - turning right": 0.016666666666666666,
        "Junctions - turning left": 0.0,
        "Junctions - cutting corners": 0.0,
        "Judgement - overtaking": 0.016666666666666666,
        "Judgement - meeting": 0.016666666666666666,
        "Judgement - crossing": 0.016666666666666666,
        "Positioning - normal driving": 0.0,
        "Positioning - lane discipline": 0.0,
        "Pedestrian crossing": 0.016666666666666666,
        "Position - normal stops": 0.016666666666666666,
        "Awareness / planning": 0.0,
        "Ancillary controls": 0.0
    },
    "maneuvres": [
        {
            "name": "Forward bay park",
            "frequency": 0.23333333333333334,
            "pass": 0.8571428571428571,
            "maneuvre_fails": 0.07142857142857142
        },
        {
            "name": "Reverse bay park",
            "frequency": 0.23333333333333334,
            "pass": 0.5714285714285714,
            "maneuvre_fails": 0.0
        },
        {
            "name": "Parallel park",
            "frequency": 0.31666666666666665,
            "pass": 0.5789473684210527,
            "maneuvre_fails": 0.0
        },
        {
            "name": "Reverse right",
            "frequency": 0.21666666666666667,
            "pass": 0.6923076923076923,
            "maneuvre_fails": 0.0
        },
        {
            "name": "Emergency stop",
            "frequency": 0.3333333333333333,
            "pass": 0.6,
            "maneuvre_fails": 0.0
        }
    ],
    "totalTestCount": 60,
    "dailyTestCount": 0.27906976744186046,
    "pass": 0.6666666666666666,
    "dangerous_count": 0.0,
    "serious_count": 0.5,
    "minor_count": 3.283333333333333,
    "dangerous_any": 0.0,
    "serious_any": 0.3333333333333333,
    "minor_any": 0.9,
    "first_attempt": 0.6166666666666667,
    "attempts": 1.6333333333333333,
    "times": [
        {
            "dayType": "Mon-Fri",
            "time": "08:00-09:00",
            "pass": 0.0,
            "dailyTests": 0.013023255813953489
        },
        {
            "dayType": "Mon-Fri",
            "time": "09:00-10:00",
            "pass": 0.5833333333333334,
            "dailyTests": 0.07813953488372093
        },
        {
            "dayType": "Mon-Fri",
            "time": "10:00-11:00",
            "pass": 0.5454545454545454,
            "dailyTests": 0.07162790697674418
        },
        {
            "dayType": "Mon-Fri",
            "time": "11:00-12:00",
            "pass": 0.8,
            "dailyTests": 0.06511627906976744
        },
        {
            "dayType": "Mon-Fri",
            "time": "12:00-13:00",
            "pass": 0.8333333333333334,
            "dailyTests": 0.07813953488372093
        },
        {
            "dayType": "Mon-Fri",
            "time": "13:00-14:00",
            "pass": 0.8,
            "dailyTests": 0.06511627906976744
        },
        {
            "dayType": "Mon-Fri",
            "time": "14:00-15:00",
            "pass": 0.3333333333333333,
            "dailyTests": 0.01953488372093023
        },
        {
            "dayType": "Mon-Fri",
            "pass": 0.6666666666666666,
            "dailyTests": 0.39069767441860465,
            "time": "All times"
        }
    ],
    "name": "Golspie",
    "id": 283,
    "address": {
        "name": "Golspie",
        "latitude": 57.9729923,
        "longitude": -3.9837147,
        "addrLine1": "Driver and Vehicle Standards Agency",
        "addrLine2": "Driving Test Centre Golspie",
        "addrLine3": "Golspie Fire Station, Back Road",
        "addrLine4": "Golspie",
        "addrLine5": "",
        "postcode": "KW10 6SP"
    }
}