{
    "minors": {
        "Eyesight": 0.0,
        "Emergency stop": 0.05235602094240838,
        "Reverse right - control": 0.02617801047120419,
        "Reverse right - observation": 0.041884816753926704,
        "Parallel park - control": 0.09424083769633508,
        "Parallel park - observation": 0.05759162303664921,
        "Reverse bay park - control": 0.13089005235602094,
        "Reverse bay park - observation": 0.03664921465968586,
        "Vehicle checks": 0.1099476439790576,
        "Forward bay park - control": 0.041884816753926704,
        "Forward bay park - observation": 0.03664921465968586,
        "Precautions": 0.010471204188481676,
        "Control - accelerator": 0.0,
        "Control - clutch": 0.020942408376963352,
        "Control - gears": 0.09947643979057591,
        "Control - Footbrake": 0.020942408376963352,
        "Control - parking brake": 0.02617801047120419,
        "Control - steering": 0.24607329842931938,
        "Move off - safely": 0.33507853403141363,
        "Move off - control": 0.21465968586387435,
        "Mirrors - signalling": 0.09947643979057591,
        "Mirrors - change direction": 0.041884816753926704,
        "Mirrors - change speed": 0.12041884816753927,
        "Signals - necessary": 0.04712041884816754,
        "Signals - correctly": 0.05759162303664921,
        "Signals - timed": 0.05759162303664921,
        "Clearance / obstructions": 0.1518324607329843,
        "Response to traffic signs": 0.005235602094240838,
        "Response to road markings": 0.005235602094240838,
        "Response to traffic lights": 0.0,
        "Response to traffic controllers": 0.005235602094240838,
        "Response to road users": 0.010471204188481676,
        "Use of speed (too fast)": 0.07853403141361257,
        "Following distance": 0.010471204188481676,
        "Progress - speed (too slow)": 0.49214659685863876,
        "Progress - undue hesitation": 0.31413612565445026,
        "Junctions - approach speed": 0.14136125654450263,
        "Junctions - observation": 0.11518324607329843,
        "Junctions - turning right": 0.04712041884816754,
        "Junctions - turning left": 0.020942408376963352,
        "Junctions - cutting corners": 0.02617801047120419,
        "Judgement - overtaking": 0.0,
        "Judgement - meeting": 0.09947643979057591,
        "Judgement - crossing": 0.010471204188481676,
        "Positioning - normal driving": 0.10471204188481675,
        "Positioning - lane discipline": 0.0,
        "Pedestrian crossing": 0.0,
        "Position - normal stops": 0.09947643979057591,
        "Awareness / planning": 0.041884816753926704,
        "Ancillary controls": 0.0
    },
    "fails": {
        "Eyesight": 0.0,
        "Emergency stop": 0.0,
        "Reverse right - control": 0.0,
        "Reverse right - observation": 0.015706806282722512,
        "Parallel park - control": 0.010471204188481676,
        "Parallel park - observation": 0.010471204188481676,
        "Reverse bay park - control": 0.020942408376963352,
        "Reverse bay park - observation": 0.010471204188481676,
        "Vehicle checks": 0.005235602094240838,
        "Forward bay park - control": 0.005235602094240838,
        "Forward bay park - observation": 0.005235602094240838,
        "Precautions": 0.0,
        "Control - accelerator": 0.0,
        "Control - clutch": 0.0,
        "Control - gears": 0.010471204188481676,
        "Control - Footbrake": 0.0,
        "Control - parking brake": 0.0,
        "Control - steering": 0.04712041884816754,
        "Move off - safely": 0.03664921465968586,
        "Move off - control": 0.03664921465968586,
        "Mirrors - signalling": 0.005235602094240838,
        "Mirrors - change direction": 0.015706806282722512,
        "Mirrors - change speed": 0.005235602094240838,
        "Signals - necessary": 0.0,
        "Signals - correctly": 0.020942408376963352,
        "Signals - timed": 0.0,
        "Clearance / obstructions": 0.041884816753926704,
        "Response to traffic signs": 0.04712041884816754,
        "Response to road markings": 0.0,
        "Response to traffic lights": 0.0,
        "Response to traffic controllers": 0.010471204188481676,
        "Response to road users": 0.005235602094240838,
        "Use of speed (too fast)": 0.0,
        "Following distance": 0.0,
        "Progress - speed (too slow)": 0.015706806282722512,
        "Progress - undue hesitation": 0.03664921465968586,
        "Junctions - approach speed": 0.010471204188481676,
        "Junctions - observation": 0.03664921465968586,
        "Junctions - turning right": 0.02617801047120419,
        "Junctions - turning left": 0.005235602094240838,
        "Junctions - cutting corners": 0.005235602094240838,
        "Judgement - overtaking": 0.010471204188481676,
        "Judgement - meeting": 0.031413612565445025,
        "Judgement - crossing": 0.020942408376963352,
        "Positioning - normal driving": 0.010471204188481676,
        "Positioning - lane discipline": 0.0,
        "Pedestrian crossing": 0.005235602094240838,
        "Position - normal stops": 0.0,
        "Awareness / planning": 0.005235602094240838,
        "Ancillary controls": 0.0
    },
    "maneuvres": [
        {
            "name": "Forward bay park",
            "frequency": 0.18848167539267016,
            "pass": 0.75,
            "maneuvre_fails": 0.027777777777777776
        },
        {
            "name": "Reverse bay park",
            "frequency": 0.2617801047120419,
            "pass": 0.62,
            "maneuvre_fails": 0.1
        },
        {
            "name": "Parallel park",
            "frequency": 0.2774869109947644,
            "pass": 0.6226415094339622,
            "maneuvre_fails": 0.05660377358490566
        },
        {
            "name": "Reverse right",
            "frequency": 0.27225130890052357,
            "pass": 0.6538461538461539,
            "maneuvre_fails": 0.057692307692307696
        },
        {
            "name": "Emergency stop",
            "frequency": 0.32460732984293195,
            "pass": 0.6935483870967742,
            "maneuvre_fails": 0.0
        }
    ],
    "totalTestCount": 191,
    "dailyTestCount": 0.8883720930232558,
    "pass": 0.6544502617801047,
    "dangerous_count": 0.02617801047120419,
    "serious_count": 0.5654450261780105,
    "minor_count": 3.806282722513089,
    "dangerous_any": 0.02617801047120419,
    "serious_any": 0.33507853403141363,
    "minor_any": 0.8848167539267016,
    "first_attempt": 0.581151832460733,
    "attempts": 1.743455497382199,
    "times": [
        {
            "dayType": "Mon-Fri",
            "time": "08:00-09:00",
            "pass": 0.6428571428571429,
            "dailyTests": 0.09116279069767441
        },
        {
            "dayType": "Mon-Fri",
            "time": "09:00-10:00",
            "pass": 0.7428571428571429,
            "dailyTests": 0.22790697674418606
        },
        {
            "dayType": "Mon-Fri",
            "time": "10:00-11:00",
            "pass": 0.5882352941176471,
            "dailyTests": 0.2213953488372093
        },
        {
            "dayType": "Mon-Fri",
            "time": "11:00-12:00",
            "pass": 0.7714285714285715,
            "dailyTests": 0.22790697674418606
        },
        {
            "dayType": "Mon-Fri",
            "time": "12:00-13:00",
            "pass": 0.6060606060606061,
            "dailyTests": 0.21488372093023256
        },
        {
            "dayType": "Mon-Fri",
            "time": "13:00-14:00",
            "pass": 0.5384615384615384,
            "dailyTests": 0.16930232558139535
        },
        {
            "dayType": "Mon-Fri",
            "time": "14:00-15:00",
            "pass": 0.6153846153846154,
            "dailyTests": 0.08465116279069768
        },
        {
            "dayType": "Mon-Fri",
            "time": "15:00-16:00",
            "pass": 1.0,