{
    "minors": {
        "Eyesight": 0.0,
        "Emergency stop": 0.041666666666666664,
        "Reverse right - control": 0.013888888888888888,
        "Reverse right - observation": 0.027777777777777776,
        "Parallel park - control": 0.08333333333333333,
        "Parallel park - observation": 0.05555555555555555,
        "Reverse bay park - control": 0.09722222222222222,
        "Reverse bay park - observation": 0.013888888888888888,
        "Vehicle checks": 0.19444444444444445,
        "Forward bay park - control": 0.06944444444444445,
        "Forward bay park - observation": 0.06944444444444445,
        "Precautions": 0.0,
        "Control - accelerator": 0.0,
        "Control - clutch": 0.05555555555555555,
        "Control - gears": 0.16666666666666666,
        "Control - Footbrake": 0.06944444444444445,
        "Control - parking brake": 0.08333333333333333,
        "Control - steering": 0.19444444444444445,
        "Move off - safely": 0.4722222222222222,
        "Move off - control": 0.3194444444444444,
        "Mirrors - signalling": 0.1111111111111111,
        "Mirrors - change direction": 0.027777777777777776,
        "Mirrors - change speed": 0.05555555555555555,
        "Signals - necessary": 0.05555555555555555,
        "Signals - correctly": 0.1527777777777778,
        "Signals - timed": 0.06944444444444445,
        "Clearance / obstructions": 0.1388888888888889,
        "Response to traffic signs": 0.013888888888888888,
        "Response to road markings": 0.0,
        "Response to traffic lights": 0.05555555555555555,
        "Response to traffic controllers": 0.0,
        "Response to road users": 0.0,
        "Use of speed (too fast)": 0.19444444444444445,
        "Following distance": 0.027777777777777776,
        "Progress - speed (too slow)": 0.375,
        "Progress - undue hesitation": 0.20833333333333334,
        "Junctions - approach speed": 0.08333333333333333,
        "Junctions - observation": 0.09722222222222222,
        "Junctions - turning right": 0.1111111111111111,
        "Junctions - turning left": 0.013888888888888888,
        "Junctions - cutting corners": 0.013888888888888888,
        "Judgement - overtaking": 0.0,
        "Judgement - meeting": 0.08333333333333333,
        "Judgement - crossing": 0.013888888888888888,
        "Positioning - normal driving": 0.027777777777777776,
        "Positioning - lane discipline": 0.0,
        "Pedestrian crossing": 0.0,
        "Position - normal stops": 0.1527777777777778,
        "Awareness / planning": 0.027777777777777776,
        "Ancillary controls": 0.013888888888888888
    },
    "fails": {
        "Eyesight": 0.0,
        "Emergency stop": 0.0,
        "Reverse right - control": 0.013888888888888888,
        "Reverse right - observation": 0.013888888888888888,
        "Parallel park - control": 0.0,
        "Parallel park - observation": 0.013888888888888888,
        "Reverse bay park - control": 0.013888888888888888,
        "Reverse bay park - observation": 0.013888888888888888,
        "Vehicle checks": 0.0,
        "Forward bay park - control": 0.0,
        "Forward bay park - observation": 0.0,
        "Precautions": 0.0,
        "Control - accelerator": 0.0,
        "Control - clutch": 0.0,
        "Control - gears": 0.027777777777777776,
        "Control - Footbrake": 0.0,
        "Control - parking brake": 0.013888888888888888,
        "Control - steering": 0.06944444444444445,
        "Move off - safely": 0.06944444444444445,
        "Move off - control": 0.06944444444444445,
        "Mirrors - signalling": 0.0,
        "Mirrors - change direction": 0.0,
        "Mirrors - change speed": 0.0,
        "Signals - necessary": 0.0,
        "Signals - correctly": 0.0,
        "Signals - timed": 0.0,
        "Clearance / obstructions": 0.041666666666666664,
        "Response to traffic signs": 0.013888888888888888,
        "Response to road markings": 0.0,
        "Response to traffic lights": 0.013888888888888888,
        "Response to traffic controllers": 0.0,
        "Response to road users": 0.0,
        "Use of speed (too fast)": 0.0,
        "Following distance": 0.0,
        "Progress - speed (too slow)": 0.05555555555555555,
        "Progress - undue hesitation": 0.05555555555555555,
        "Junctions - approach speed": 0.027777777777777776,
        "Junctions - observation": 0.06944444444444445,
        "Junctions - turning right": 0.041666666666666664,
        "Junctions - turning left": 0.013888888888888888,
        "Junctions - cutting corners": 0.0,
        "Judgement - overtaking": 0.013888888888888888,
        "Judgement - meeting": 0.08333333333333333,
        "Judgement - crossing": 0.013888888888888888,
        "Positioning - normal driving": 0.0,
        "Positioning - lane discipline": 0.0,
        "Pedestrian crossing": 0.0,
        "Position - normal stops": 0.0,
        "Awareness / planning": 0.027777777777777776,
        "Ancillary controls": 0.0
    },
    "maneuvres": [
        {
            "name": "Forward bay park",
            "frequency": 0.25,
            "pass": 0.6666666666666666,
            "maneuvre_fails": 0.0
        },
        {
            "name": "Reverse bay park",
            "frequency": 0.2361111111111111,
            "pass": 0.5294117647058824,
            "maneuvre_fails": 0.11764705882352941
        },
        {
            "name": "Parallel park",
            "frequency": 0.2638888888888889,
            "pass": 0.5789473684210527,
            "maneuvre_fails": 0.05263157894736842
        },
        {
            "name": "Reverse right",
            "frequency": 0.25,
            "pass": 0.5555555555555556,
            "maneuvre_fails": 0.05555555555555555
        },
        {
            "name": "Emergency stop",
            "frequency": 0.2777777777777778,
            "pass": 0.6,
            "maneuvre_fails": 0.0
        }
    ],
    "totalTestCount": 72,
    "dailyTestCount": 0.33488372093023255,
    "pass": 0.5833333333333334,
    "dangerous_count": 0.0,
    "serious_count": 0.7916666666666666,
    "minor_count": 4.152777777777778,
    "dangerous_any": 0.0,
    "serious_any": 0.4166666666666667,
    "minor_any": 0.9166666666666666,
    "first_attempt": 0.6527777777777778,
    "attempts": 1.5555555555555556,
    "times": [
        {
            "dayType": "Mon-Fri",
            "time": "09:00-10:00",
            "pass": 0.5,
            "dailyTests": 0.09116279069767441
        },
        {
            "dayType": "Mon-Fri",
            "time": "10:00-11:00",
            "pass": 0.6923076923076923,
            "dailyTests": 0.08465116279069768
        },
        {
            "dayType": "Mon-Fri",
            "time": "11:00-12:00",
            "pass": 0.6,
            "dailyTests": 0.09767441860465116
        },
        {
            "dayType": "Mon-Fri",
            "time": "12:00-13:00",
            "pass": 0.4666666666666667,
            "dailyTests": 0.09767441860465116
        },
        {
            "dayType": "Mon-Fri",
            "time": "13:00-14:00",
            "pass": 0.5833333333333334,
            "dailyTests": 0.07813953488372093
        },
        {
            "dayType": "Mon-Fri",
            "time": "14:00-15:00",
            "pass": 1.0,
            "dailyTests": 0.01953488372093023
        },
        {
            "dayType": "Mon-Fri",
            "pass": 0.5833333333333334,
            "dailyTests": 0.4688372093023256,
            "time": "All times"
        }
    ],
    "name": "Kingussie",
    "id": 295,
    "address": {
        "name": "Kingussie",
        "latitude": 57.0786177,
        "longitude": -4.0537893,
        "addrLine1": "Driver and Vehicle Standards Agency",
        "addrLine2": "Driving Test Centre Kingussie",
        "addrLine3": "Kingussie Shinty Club The Market Stance",
        "addrLine4": "Ruthven Road, Kingussie",
        "addrLine5": "",
        "postcode": "PH21 1EN"
    }
}