{
    "minors": {
        "Eyesight": 0.0,
        "Emergency stop": 0.041474654377880185,
        "Reverse right - control": 0.02304147465437788,
        "Reverse right - observation": 0.055299539170506916,
        "Parallel park - control": 0.027649769585253458,
        "Parallel park - observation": 0.03686635944700461,
        "Reverse bay park - control": 0.055299539170506916,
        "Reverse bay park - observation": 0.027649769585253458,
        "Vehicle checks": 0.12903225806451613,
        "Forward bay park - control": 0.055299539170506916,
        "Forward bay park - observation": 0.02304147465437788,
        "Precautions": 0.0,
        "Control - accelerator": 0.004608294930875576,
        "Control - clutch": 0.041474654377880185,
        "Control - gears": 0.16129032258064516,
        "Control - Footbrake": 0.041474654377880185,
        "Control - parking brake": 0.041474654377880185,
        "Control - steering": 0.4009216589861751,
        "Move off - safely": 0.3778801843317972,
        "Move off - control": 0.33640552995391704,
        "Mirrors - signalling": 0.30414746543778803,
        "Mirrors - change direction": 0.17511520737327188,
        "Mirrors - change speed": 0.0967741935483871,
        "Signals - necessary": 0.09216589861751152,
        "Signals - correctly": 0.09216589861751152,
        "Signals - timed": 0.14285714285714285,
        "Clearance / obstructions": 0.04608294930875576,
        "Response to traffic signs": 0.059907834101382486,
        "Response to road markings": 0.055299539170506916,
        "Response to traffic lights": 0.004608294930875576,
        "Response to traffic controllers": 0.0,
        "Response to road users": 0.013824884792626729,
        "Use of speed (too fast)": 0.12903225806451613,
        "Following distance": 0.041474654377880185,
        "Progress - speed (too slow)": 0.20276497695852536,
        "Progress - undue hesitation": 0.5898617511520737,
        "Junctions - approach speed": 0.05069124423963134,
        "Junctions - observation": 0.31797235023041476,
        "Junctions - turning right": 0.03225806451612903,
        "Junctions - turning left": 0.018433179723502304,
        "Junctions - cutting corners": 0.027649769585253458,
        "Judgement - overtaking": 0.004608294930875576,
        "Judgement - meeting": 0.12442396313364056,
        "Judgement - crossing": 0.027649769585253458,
        "Positioning - normal driving": 0.15668202764976957,
        "Positioning - lane discipline": 0.02304147465437788,
        "Pedestrian crossing": 0.0,
        "Position - normal stops": 0.055299539170506916,
        "Awareness / planning": 0.14285714285714285,
        "Ancillary controls": 0.0
    },
    "fails": {
        "Eyesight": 0.004608294930875576,
        "Emergency stop": 0.018433179723502304,
        "Reverse right - control": 0.0,
        "Reverse right - observation": 0.013824884792626729,
        "Parallel park - control": 0.004608294930875576,
        "Parallel park - observation": 0.02304147465437788,
        "Reverse bay park - control": 0.004608294930875576,
        "Reverse bay park - observation": 0.009216589861751152,
        "Vehicle checks": 0.0,
        "Forward bay park - control": 0.0,
        "Forward bay park - observation": 0.004608294930875576,
        "Precautions": 0.0,
        "Control - accelerator": 0.0,
        "Control - clutch": 0.0,
        "Control - gears": 0.004608294930875576,
        "Control - Footbrake": 0.0,
        "Control - parking brake": 0.004608294930875576,
        "Control - steering": 0.004608294930875576,
        "Move off - safely": 0.02304147465437788,
        "Move off - control": 0.013824884792626729,
        "Mirrors - signalling": 0.004608294930875576,
        "Mirrors - change direction": 0.013824884792626729,
        "Mirrors - change speed": 0.0,
        "Signals - necessary": 0.0,
        "Signals - correctly": 0.0,
        "Signals - timed": 0.0,
        "Clearance / obstructions": 0.004608294930875576,
        "Response to traffic signs": 0.041474654377880185,
        "Response to road markings": 0.027649769585253458,
        "Response to traffic lights": 0.0,
        "Response to traffic controllers": 0.0,
        "Response to road users": 0.0,
        "Use of speed (too fast)": 0.03686635944700461,
        "Following distance": 0.0,
        "Progress - speed (too slow)": 0.013824884792626729,
        "Progress - undue hesitation": 0.018433179723502304,
        "Junctions - approach speed": 0.004608294930875576,
        "Junctions - observation": 0.08755760368663594,
        "Junctions - turning right": 0.08755760368663594,
        "Junctions - turning left": 0.009216589861751152,
        "Junctions - cutting corners": 0.0,
        "Judgement - overtaking": 0.004608294930875576,
        "Judgement - meeting": 0.009216589861751152,
        "Judgement - crossing": 0.0,
        "Positioning - normal driving": 0.004608294930875576,
        "Positioning - lane discipline": 0.0,
        "Pedestrian crossing": 0.0,
        "Position - normal stops": 0.004608294930875576,
        "Awareness / planning": 0.02304147465437788,
        "Ancillary controls": 0.0
    },
    "maneuvres": [
        {
            "name": "Forward bay park",
            "frequency": 0.23963133640552994,
            "pass": 0.7307692307692307,
            "maneuvre_fails": 0.019230769230769232
        },
        {
            "name": "Reverse bay park",
            "frequency": 0.14285714285714285,
            "pass": 0.7419354838709677,
            "maneuvre_fails": 0.06451612903225806
        },
        {
            "name": "Parallel park",
            "frequency": 0.2073732718894009,
            "pass": 0.5777777777777777,
            "maneuvre_fails": 0.13333333333333333
        },
        {
            "name": "Reverse right",
            "frequency": 0.4055299539170507,
            "pass": 0.7045454545454546,
            "maneuvre_fails": 0.03409090909090909
        },
        {
            "name": "Emergency stop",
            "frequency": 0.2995391705069124,
            "pass": 0.5692307692307692,
            "maneuvre_fails": 0.06153846153846154
        }
    ],
    "totalTestCount": 217,
    "dailyTestCount": 1.0093023255813953,
    "pass": 0.6866359447004609,
    "dangerous_count": 0.004608294930875576,
    "serious_count": 0.5253456221198156,
    "minor_count": 4.907834101382488,
    "dangerous_any": 0.004608294930875576,
    "serious_any": 0.31336405529953915,
    "minor_any": 0.9769585253456221,
    "first_attempt": 0.5944700460829493,
    "attempts": 1.8294930875576036,
    "times": [
        {
            "dayType": "Mon-Fri",
            "time": "08:00-09:00",
            "pass": 0.7407407407407407,
            "dailyTests": 0.17581395348837212
        },
        {
            "dayType": "Mon-Fri",
            "time": "09:00-10:00",
            "pass": 0.6052631578947368,
            "dailyTests": 0.2474418604651163
        },
        {
            "dayType": "Mon-Fri",
            "time": "10:00-11:00",
            "pass": 0.6923076923076923,
            "dailyTests": 0.25395348837209303
        },
        {
            "dayType": "Mon-Fri",
            "time": "11:00-12:00",
            "pass": 0.6829268292682927,
            "dailyTests": 0.26697674418604656
        },
        {
            "dayType": "Mon-Fri",
            "time": "13:00-14:00",
            "pass": 0.7368421052631579,
            "dailyTests": 0.2474418604651163
        },
        {
            "dayType": "Mon-Fri",
            "time": "14:00-15:00",
            "pass": 0.6764705882352942,
            "dailyTests": 0.2213953488372093
        },
        {
            "dayType": "Mon-Fri",
            "pass": 0.6866359447004609,
            "dailyTests": 1.4130232558139535,
            "time": "All times"
        }
    ],
    "name": "Kelso",
    "id": 300,
    "address": {
        "name": "Kelso",
        "latitude": 55.91679,
        "longitude": -2.424584,