{
    "minors": {
        "Eyesight": 0.0,
        "Emergency stop": 0.03333333333333333,
        "Reverse right - control": 0.03333333333333333,
        "Reverse right - observation": 0.16666666666666666,
        "Parallel park - control": 0.16666666666666666,
        "Parallel park - observation": 0.1,
        "Reverse bay park - control": 0.0,
        "Reverse bay park - observation": 0.0,
        "Vehicle checks": 0.2,
        "Forward bay park - control": 0.03333333333333333,
        "Forward bay park - observation": 0.0,
        "Precautions": 0.0,
        "Control - accelerator": 0.0,
        "Control - clutch": 0.03333333333333333,
        "Control - gears": 0.2,
        "Control - Footbrake": 0.13333333333333333,
        "Control - parking brake": 0.0,
        "Control - steering": 0.4,
        "Move off - safely": 0.23333333333333334,
        "Move off - control": 0.43333333333333335,
        "Mirrors - signalling": 0.36666666666666664,
        "Mirrors - change direction": 0.06666666666666667,
        "Mirrors - change speed": 0.23333333333333334,
        "Signals - necessary": 0.0,
        "Signals - correctly": 0.0,
        "Signals - timed": 0.03333333333333333,
        "Clearance / obstructions": 0.2,
        "Response to traffic signs": 0.03333333333333333,
        "Response to road markings": 0.03333333333333333,
        "Response to traffic lights": 0.0,
        "Response to traffic controllers": 0.0,
        "Response to road users": 0.0,
        "Use of speed (too fast)": 0.06666666666666667,
        "Following distance": 0.03333333333333333,
        "Progress - speed (too slow)": 0.26666666666666666,
        "Progress - undue hesitation": 0.16666666666666666,
        "Junctions - approach speed": 0.13333333333333333,
        "Junctions - observation": 0.06666666666666667,
        "Junctions - turning right": 0.0,
        "Junctions - turning left": 0.0,
        "Junctions - cutting corners": 0.0,
        "Judgement - overtaking": 0.0,
        "Judgement - meeting": 0.03333333333333333,
        "Judgement - crossing": 0.0,
        "Positioning - normal driving": 0.03333333333333333,
        "Positioning - lane discipline": 0.0,
        "Pedestrian crossing": 0.0,
        "Position - normal stops": 0.03333333333333333,
        "Awareness / planning": 0.03333333333333333,
        "Ancillary controls": 0.0
    },
    "fails": {
        "Eyesight": 0.0,
        "Emergency stop": 0.0,
        "Reverse right - control": 0.0,
        "Reverse right - observation": 0.0,
        "Parallel park - control": 0.0,
        "Parallel park - observation": 0.06666666666666667,
        "Reverse bay park - control": 0.0,
        "Reverse bay park - observation": 0.0,
        "Vehicle checks": 0.0,
        "Forward bay park - control": 0.03333333333333333,
        "Forward bay park - observation": 0.0,
        "Precautions": 0.0,
        "Control - accelerator": 0.0,
        "Control - clutch": 0.0,
        "Control - gears": 0.03333333333333333,
        "Control - Footbrake": 0.0,
        "Control - parking brake": 0.0,
        "Control - steering": 0.06666666666666667,
        "Move off - safely": 0.0,
        "Move off - control": 0.0,
        "Mirrors - signalling": 0.0,
        "Mirrors - change direction": 0.0,
        "Mirrors - change speed": 0.0,
        "Signals - necessary": 0.0,
        "Signals - correctly": 0.0,
        "Signals - timed": 0.0,
        "Clearance / obstructions": 0.03333333333333333,
        "Response to traffic signs": 0.0,
        "Response to road markings": 0.0,
        "Response to traffic lights": 0.0,
        "Response to traffic controllers": 0.0,
        "Response to road users": 0.0,
        "Use of speed (too fast)": 0.06666666666666667,
        "Following distance": 0.0,
        "Progress - speed (too slow)": 0.06666666666666667,
        "Progress - undue hesitation": 0.0,
        "Junctions - approach speed": 0.0,
        "Junctions - observation": 0.0,
        "Junctions - turning right": 0.0,
        "Junctions - turning left": 0.0,
        "Junctions - cutting corners": 0.0,
        "Judgement - overtaking": 0.0,
        "Judgement - meeting": 0.0,
        "Judgement - crossing": 0.0,
        "Positioning - normal driving": 0.0,
        "Positioning - lane discipline": 0.0,
        "Pedestrian crossing": 0.0,
        "Position - normal stops": 0.0,
        "Awareness / planning": 0.0,
        "Ancillary controls": 0.0
    },
    "maneuvres": [
        {
            "name": "Forward bay park",
            "frequency": 0.13333333333333333,
            "pass": 0.75,
            "maneuvre_fails": 0.25
        },
        {
            "name": "Reverse bay park",
            "frequency": 0.0,
            "pass": 1.0,
            "maneuvre_fails": 0
        },
        {
            "name": "Parallel park",
            "frequency": 0.5333333333333333,
            "pass": 0.75,
            "maneuvre_fails": 0.125
        },
        {
            "name": "Reverse right",
            "frequency": 0.3333333333333333,
            "pass": 0.9,
            "maneuvre_fails": 0.0
        },
        {
            "name": "Emergency stop",
            "frequency": 0.26666666666666666,
            "pass": 1.0,
            "maneuvre_fails": 0.0
        }
    ],
    "totalTestCount": 30,
    "dailyTestCount": 0.13953488372093023,
    "pass": 0.8,
    "dangerous_count": 0.0,
    "serious_count": 0.36666666666666664,
    "minor_count": 4.0,
    "dangerous_any": 0.0,
    "serious_any": 0.2,
    "minor_any": 0.9333333333333333,
    "first_attempt": 0.6333333333333333,
    "attempts": 1.8333333333333333,
    "times": [
        {
            "dayType": "Mon-Fri",
            "time": "08:00-09:00",
            "pass": 1.0,
            "dailyTests": 0.01953488372093023
        },
        {
            "dayType": "Mon-Fri",
            "time": "09:00-10:00",
            "pass": 0.8,
            "dailyTests": 0.03255813953488372
        },
        {
            "dayType": "Mon-Fri",
            "time": "10:00-11:00",
            "pass": 0.75,
            "dailyTests": 0.026046511627906978
        },
        {
            "dayType": "Mon-Fri",
            "time": "11:00-12:00",
            "pass": 0.8,
            "dailyTests": 0.03255813953488372
        },
        {
            "dayType": "Mon-Fri",
            "time": "12:00-13:00",
            "pass": 0.8,
            "dailyTests": 0.03255813953488372
        },
        {
            "dayType": "Mon-Fri",
            "time": "13:00-14:00",
            "pass": 0.6,
            "dailyTests": 0.03255813953488372
        },
        {
            "dayType": "Mon-Fri",
            "time": "14:00-15:00",
            "pass": 1.0,
            "dailyTests": 0.01953488372093023
        },
        {
            "dayType": "Mon-Fri",
            "pass": 0.8,
            "dailyTests": 0.19534883720930232,
            "time": "All times"
        }
    ],
    "name": "Mallaig",
    "id": 307,
    "address": {
        "name": "Mallaig",
        "latitude": 57.0061552,
        "longitude": -5.8306023,
        "addrLine1": "Driver and Vehicle Standards Agency",
        "addrLine2": "Driving Test Centre Mallaig",
        "addrLine3": "Mallaig and Morar Community Centre",
        "addrLine4": "West Bay",
        "addrLine5": "",
        "postcode": "PH41 4PX"
    }
}