{
    "minors": {
        "Eyesight": 0.0,
        "Emergency stop": 0.05785123966942149,
        "Reverse right - control": 0.01652892561983471,
        "Reverse right - observation": 0.049586776859504134,
        "Parallel park - control": 0.09917355371900827,
        "Parallel park - observation": 0.05785123966942149,
        "Reverse bay park - control": 0.08264462809917356,
        "Reverse bay park - observation": 0.049586776859504134,
        "Vehicle checks": 0.17355371900826447,
        "Forward bay park - control": 0.08264462809917356,
        "Forward bay park - observation": 0.01652892561983471,
        "Precautions": 0.0,
        "Control - accelerator": 0.008264462809917356,
        "Control - clutch": 0.11570247933884298,
        "Control - gears": 0.512396694214876,
        "Control - Footbrake": 0.14049586776859505,
        "Control - parking brake": 0.01652892561983471,
        "Control - steering": 0.49586776859504134,
        "Move off - safely": 0.5619834710743802,
        "Move off - control": 0.6859504132231405,
        "Mirrors - signalling": 0.1487603305785124,
        "Mirrors - change direction": 0.05785123966942149,
        "Mirrors - change speed": 0.1322314049586777,
        "Signals - necessary": 0.11570247933884298,
        "Signals - correctly": 0.19008264462809918,
        "Signals - timed": 0.05785123966942149,
        "Clearance / obstructions": 0.1322314049586777,
        "Response to traffic signs": 0.024793388429752067,
        "Response to road markings": 0.03305785123966942,
        "Response to traffic lights": 0.01652892561983471,
        "Response to traffic controllers": 0.0,
        "Response to road users": 0.0,
        "Use of speed (too fast)": 0.09090909090909091,
        "Following distance": 0.024793388429752067,
        "Progress - speed (too slow)": 0.3140495867768595,
        "Progress - undue hesitation": 0.4380165289256198,
        "Junctions - approach speed": 0.1487603305785124,
        "Junctions - observation": 0.2066115702479339,
        "Junctions - turning right": 0.03305785123966942,
        "Junctions - turning left": 0.049586776859504134,
        "Junctions - cutting corners": 0.0,
        "Judgement - overtaking": 0.008264462809917356,
        "Judgement - meeting": 0.06611570247933884,
        "Judgement - crossing": 0.0,
        "Positioning - normal driving": 0.15702479338842976,
        "Positioning - lane discipline": 0.0,
        "Pedestrian crossing": 0.0,
        "Position - normal stops": 0.10743801652892562,
        "Awareness / planning": 0.14049586776859505,
        "Ancillary controls": 0.01652892561983471
    },
    "fails": {
        "Eyesight": 0.0,
        "Emergency stop": 0.008264462809917356,
        "Reverse right - control": 0.0,
        "Reverse right - observation": 0.0,
        "Parallel park - control": 0.01652892561983471,
        "Parallel park - observation": 0.024793388429752067,
        "Reverse bay park - control": 0.01652892561983471,
        "Reverse bay park - observation": 0.008264462809917356,
        "Vehicle checks": 0.0,
        "Forward bay park - control": 0.0,
        "Forward bay park - observation": 0.008264462809917356,
        "Precautions": 0.0,
        "Control - accelerator": 0.0,
        "Control - clutch": 0.0,
        "Control - gears": 0.01652892561983471,
        "Control - Footbrake": 0.008264462809917356,
        "Control - parking brake": 0.0,
        "Control - steering": 0.05785123966942149,
        "Move off - safely": 0.04132231404958678,
        "Move off - control": 0.09090909090909091,
        "Mirrors - signalling": 0.008264462809917356,
        "Mirrors - change direction": 0.01652892561983471,
        "Mirrors - change speed": 0.01652892561983471,
        "Signals - necessary": 0.01652892561983471,
        "Signals - correctly": 0.04132231404958678,
        "Signals - timed": 0.0,
        "Clearance / obstructions": 0.0,
        "Response to traffic signs": 0.0,
        "Response to road markings": 0.008264462809917356,
        "Response to traffic lights": 0.0,
        "Response to traffic controllers": 0.0,
        "Response to road users": 0.0,
        "Use of speed (too fast)": 0.01652892561983471,
        "Following distance": 0.0,
        "Progress - speed (too slow)": 0.01652892561983471,
        "Progress - undue hesitation": 0.008264462809917356,
        "Junctions - approach speed": 0.01652892561983471,
        "Junctions - observation": 0.06611570247933884,
        "Junctions - turning right": 0.008264462809917356,
        "Junctions - turning left": 0.0,
        "Junctions - cutting corners": 0.0,
        "Judgement - overtaking": 0.0,
        "Judgement - meeting": 0.01652892561983471,
        "Judgement - crossing": 0.01652892561983471,
        "Positioning - normal driving": 0.01652892561983471,
        "Positioning - lane discipline": 0.0,
        "Pedestrian crossing": 0.0,
        "Position - normal stops": 0.008264462809917356,
        "Awareness / planning": 0.01652892561983471,
        "Ancillary controls": 0.0
    },
    "maneuvres": [
        {
            "name": "Forward bay park",
            "frequency": 0.2644628099173554,
            "pass": 0.65625,
            "maneuvre_fails": 0.03125
        },
        {
            "name": "Reverse bay park",
            "frequency": 0.2231404958677686,
            "pass": 0.6296296296296297,
            "maneuvre_fails": 0.07407407407407407
        },
        {
            "name": "Parallel park",
            "frequency": 0.2975206611570248,
            "pass": 0.6666666666666666,
            "maneuvre_fails": 0.1388888888888889
        },
        {
            "name": "Reverse right",
            "frequency": 0.19834710743801653,
            "pass": 0.875,
            "maneuvre_fails": 0.0
        },
        {
            "name": "Emergency stop",
            "frequency": 0.4380165289256198,
            "pass": 0.7169811320754716,
            "maneuvre_fails": 0.018867924528301886
        }
    ],
    "totalTestCount": 121,
    "dailyTestCount": 0.5627906976744186,
    "pass": 0.6859504132231405,
    "dangerous_count": 0.01652892561983471,
    "serious_count": 0.5950413223140496,
    "minor_count": 5.933884297520661,
    "dangerous_any": 0.008264462809917356,
    "serious_any": 0.3140495867768595,
    "minor_any": 0.9752066115702479,
    "first_attempt": 0.5785123966942148,
    "attempts": 1.7272727272727273,
    "times": [
        {
            "dayType": "Mon-Fri",
            "time": "10:00-11:00",
            "pass": 0.8076923076923077,
            "dailyTests": 0.16930232558139535
        },
        {
            "dayType": "Mon-Fri",
            "time": "11:00-12:00",
            "pass": 0.6538461538461539,
            "dailyTests": 0.16930232558139535
        },
        {
            "dayType": "Mon-Fri",
            "time": "12:00-13:00",
            "pass": 0.6538461538461539,
            "dailyTests": 0.16930232558139535
        },
        {
            "dayType": "Mon-Fri",
            "time": "13:00-14:00",
            "pass": 1.0,
            "dailyTests": 0.0065116279069767444
        },
        {
            "dayType": "Mon-Fri",
            "time": "14:00-15:00",
            "pass": 0.6785714285714286,
            "dailyTests": 0.18232558139534882
        },
        {
            "dayType": "Mon-Fri",
            "time": "15:00-16:00",
            "pass": 0.5714285714285714,
            "dailyTests": 0.09116279069767441
        },
        {
            "dayType": "Mon-Fri",
            "pass": 0.6859504132231405,
            "dailyTests": 0.7879069767441861,
            "time": "All times"
        }
    ],
    "name": "Newton Stewart",
    "id": 310,
    "address": {
        "name": "Newton Stewart",
        "latitude": 54.9607172,
        "longitude": -4.4852691,
        "addrLine1": "Driving Vehicle Standard Agency",
        "addrLine2": "Driving Test Centre Newton Stewart",
        "addrLine3": "The Crown Hotel",