{
    "minors": {
        "Eyesight": 0.0,
        "Emergency stop": 0.005405405405405406,
        "Reverse right - control": 0.021621621621621623,
        "Reverse right - observation": 0.07567567567567568,
        "Parallel park - control": 0.15135135135135136,
        "Parallel park - observation": 0.12432432432432433,
        "Reverse bay park - control": 0.11351351351351352,
        "Reverse bay park - observation": 0.11351351351351352,
        "Vehicle checks": 0.08648648648648649,
        "Forward bay park - control": 0.04864864864864865,
        "Forward bay park - observation": 0.043243243243243246,
        "Precautions": 0.0,
        "Control - accelerator": 0.010810810810810811,
        "Control - clutch": 0.010810810810810811,
        "Control - gears": 0.14054054054054055,
        "Control - Footbrake": 0.11891891891891893,
        "Control - parking brake": 0.03783783783783784,
        "Control - steering": 0.4702702702702703,
        "Move off - safely": 0.5297297297297298,
        "Move off - control": 0.34594594594594597,
        "Mirrors - signalling": 0.5297297297297298,
        "Mirrors - change direction": 0.16756756756756758,
        "Mirrors - change speed": 0.6648648648648648,
        "Signals - necessary": 0.043243243243243246,
        "Signals - correctly": 0.07567567567567568,
        "Signals - timed": 0.04864864864864865,
        "Clearance / obstructions": 0.1945945945945946,
        "Response to traffic signs": 0.010810810810810811,
        "Response to road markings": 0.021621621621621623,
        "Response to traffic lights": 0.010810810810810811,
        "Response to traffic controllers": 0.0,
        "Response to road users": 0.0,
        "Use of speed (too fast)": 0.14594594594594595,
        "Following distance": 0.04864864864864865,
        "Progress - speed (too slow)": 0.3675675675675676,
        "Progress - undue hesitation": 0.1891891891891892,
        "Junctions - approach speed": 0.07567567567567568,
        "Junctions - observation": 0.20540540540540542,
        "Junctions - turning right": 0.03783783783783784,
        "Junctions - turning left": 0.07567567567567568,
        "Junctions - cutting corners": 0.005405405405405406,
        "Judgement - overtaking": 0.005405405405405406,
        "Judgement - meeting": 0.032432432432432434,
        "Judgement - crossing": 0.005405405405405406,
        "Positioning - normal driving": 0.0972972972972973,
        "Positioning - lane discipline": 0.0,
        "Pedestrian crossing": 0.010810810810810811,
        "Position - normal stops": 0.07567567567567568,
        "Awareness / planning": 0.10810810810810811,
        "Ancillary controls": 0.005405405405405406
    },
    "fails": {
        "Eyesight": 0.0,
        "Emergency stop": 0.0,
        "Reverse right - control": 0.0,
        "Reverse right - observation": 0.0,
        "Parallel park - control": 0.02702702702702703,
        "Parallel park - observation": 0.032432432432432434,
        "Reverse bay park - control": 0.021621621621621623,
        "Reverse bay park - observation": 0.010810810810810811,
        "Vehicle checks": 0.0,
        "Forward bay park - control": 0.0,
        "Forward bay park - observation": 0.0,
        "Precautions": 0.0,
        "Control - accelerator": 0.0,
        "Control - clutch": 0.0,
        "Control - gears": 0.010810810810810811,
        "Control - Footbrake": 0.005405405405405406,
        "Control - parking brake": 0.005405405405405406,
        "Control - steering": 0.05945945945945946,
        "Move off - safely": 0.03783783783783784,
        "Move off - control": 0.03783783783783784,
        "Mirrors - signalling": 0.02702702702702703,
        "Mirrors - change direction": 0.02702702702702703,
        "Mirrors - change speed": 0.0,
        "Signals - necessary": 0.0,
        "Signals - correctly": 0.005405405405405406,
        "Signals - timed": 0.0,
        "Clearance / obstructions": 0.02702702702702703,
        "Response to traffic signs": 0.04864864864864865,
        "Response to road markings": 0.010810810810810811,
        "Response to traffic lights": 0.005405405405405406,
        "Response to traffic controllers": 0.0,
        "Response to road users": 0.0,
        "Use of speed (too fast)": 0.010810810810810811,
        "Following distance": 0.016216216216216217,
        "Progress - speed (too slow)": 0.021621621621621623,
        "Progress - undue hesitation": 0.0,
        "Junctions - approach speed": 0.016216216216216217,
        "Junctions - observation": 0.04864864864864865,
        "Junctions - turning right": 0.021621621621621623,
        "Junctions - turning left": 0.005405405405405406,
        "Junctions - cutting corners": 0.0,
        "Judgement - overtaking": 0.0,
        "Judgement - meeting": 0.010810810810810811,
        "Judgement - crossing": 0.016216216216216217,
        "Positioning - normal driving": 0.0,
        "Positioning - lane discipline": 0.0,
        "Pedestrian crossing": 0.005405405405405406,
        "Position - normal stops": 0.0,
        "Awareness / planning": 0.005405405405405406,
        "Ancillary controls": 0.0
    },
    "maneuvres": [
        {
            "name": "Forward bay park",
            "frequency": 0.1891891891891892,
            "pass": 0.6,
            "maneuvre_fails": 0.0
        },
        {
            "name": "Reverse bay park",
            "frequency": 0.21621621621621623,
            "pass": 0.6,
            "maneuvre_fails": 0.15
        },
        {
            "name": "Parallel park",
            "frequency": 0.3027027027027027,
            "pass": 0.5357142857142857,
            "maneuvre_fails": 0.19642857142857142
        },
        {
            "name": "Reverse right",
            "frequency": 0.2918918918918919,
            "pass": 0.5925925925925926,
            "maneuvre_fails": 0.0
        },
        {
            "name": "Emergency stop",
            "frequency": 0.2972972972972973,
            "pass": 0.7636363636363637,
            "maneuvre_fails": 0.0
        }
    ],
    "totalTestCount": 185,
    "dailyTestCount": 0.8604651162790697,
    "pass": 0.5783783783783784,
    "dangerous_count": 0.0,
    "serious_count": 0.5783783783783784,
    "minor_count": 5.708108108108108,
    "dangerous_any": 0.0,
    "serious_any": 0.42162162162162165,
    "minor_any": 0.9945945945945946,
    "first_attempt": 0.6216216216216216,
    "attempts": 1.664864864864865,
    "times": [
        {
            "dayType": "Mon-Fri",
            "time": "07:00-08:00",
            "pass": 0.6666666666666666,
            "dailyTests": 0.01953488372093023
        },
        {
            "dayType": "Mon-Fri",
            "time": "08:00-09:00",
            "pass": 0.8333333333333334,
            "dailyTests": 0.15627906976744185
        },
        {
            "dayType": "Mon-Fri",
            "time": "09:00-10:00",
            "pass": 0.34782608695652173,
            "dailyTests": 0.14976744186046512
        },
        {
            "dayType": "Mon-Fri",
            "time": "10:00-11:00",
            "pass": 0.6,
            "dailyTests": 0.16279069767441862
        },
        {
            "dayType": "Mon-Fri",
            "time": "11:00-12:00",
            "pass": 0.5428571428571428,
            "dailyTests": 0.22790697674418606
        },
        {
            "dayType": "Mon-Fri",
            "time": "12:00-13:00",
            "pass": 0.6,
            "dailyTests": 0.13023255813953488
        },
        {
            "dayType": "Mon-Fri",
            "time": "13:00-14:00",
            "pass": 0.56,
            "dailyTests": 0.16279069767441862
        },
        {
            "dayType": "Mon-Fri",
            "time": "14:00-15:00",
            "pass": 0.6521739130434783,
            "dailyTests": 0.14976744186046512
        },
        {
            "dayType": "Mon-Fri",
            "time": "15:00-16:00",
            "pass": 0.2857142857142857,