{
    "minors": {
        "Eyesight": 0.0,
        "Emergency stop": 0.0,
        "Reverse right - control": 0.0,
        "Reverse right - observation": 0.07246376811594203,
        "Parallel park - control": 0.014492753623188406,
        "Parallel park - observation": 0.043478260869565216,
        "Reverse bay park - control": 0.028985507246376812,
        "Reverse bay park - observation": 0.043478260869565216,
        "Vehicle checks": 0.11594202898550725,
        "Forward bay park - control": 0.028985507246376812,
        "Forward bay park - observation": 0.0,
        "Precautions": 0.0,
        "Control - accelerator": 0.0,
        "Control - clutch": 0.07246376811594203,
        "Control - gears": 0.2028985507246377,
        "Control - Footbrake": 0.043478260869565216,
        "Control - parking brake": 0.014492753623188406,
        "Control - steering": 0.18840579710144928,
        "Move off - safely": 0.6231884057971014,
        "Move off - control": 0.3188405797101449,
        "Mirrors - signalling": 0.0,
        "Mirrors - change direction": 0.028985507246376812,
        "Mirrors - change speed": 0.18840579710144928,
        "Signals - necessary": 0.028985507246376812,
        "Signals - correctly": 0.07246376811594203,
        "Signals - timed": 0.10144927536231885,
        "Clearance / obstructions": 0.11594202898550725,
        "Response to traffic signs": 0.043478260869565216,
        "Response to road markings": 0.014492753623188406,
        "Response to traffic lights": 0.0,
        "Response to traffic controllers": 0.0,
        "Response to road users": 0.014492753623188406,
        "Use of speed (too fast)": 0.18840579710144928,
        "Following distance": 0.014492753623188406,
        "Progress - speed (too slow)": 0.43478260869565216,
        "Progress - undue hesitation": 0.3333333333333333,
        "Junctions - approach speed": 0.2028985507246377,
        "Junctions - observation": 0.2898550724637681,
        "Junctions - turning right": 0.028985507246376812,
        "Junctions - turning left": 0.043478260869565216,
        "Junctions - cutting corners": 0.028985507246376812,
        "Judgement - overtaking": 0.0,
        "Judgement - meeting": 0.17391304347826086,
        "Judgement - crossing": 0.0,
        "Positioning - normal driving": 0.08695652173913043,
        "Positioning - lane discipline": 0.0,
        "Pedestrian crossing": 0.014492753623188406,
        "Position - normal stops": 0.043478260869565216,
        "Awareness / planning": 0.08695652173913043,
        "Ancillary controls": 0.0
    },
    "fails": {
        "Eyesight": 0.0,
        "Emergency stop": 0.0,
        "Reverse right - control": 0.0,
        "Reverse right - observation": 0.0,
        "Parallel park - control": 0.028985507246376812,
        "Parallel park - observation": 0.014492753623188406,
        "Reverse bay park - control": 0.014492753623188406,
        "Reverse bay park - observation": 0.0,
        "Vehicle checks": 0.014492753623188406,
        "Forward bay park - control": 0.0,
        "Forward bay park - observation": 0.0,
        "Precautions": 0.0,
        "Control - accelerator": 0.0,
        "Control - clutch": 0.0,
        "Control - gears": 0.028985507246376812,
        "Control - Footbrake": 0.0,
        "Control - parking brake": 0.0,
        "Control - steering": 0.0,
        "Move off - safely": 0.07246376811594203,
        "Move off - control": 0.057971014492753624,
        "Mirrors - signalling": 0.0,
        "Mirrors - change direction": 0.014492753623188406,
        "Mirrors - change speed": 0.014492753623188406,
        "Signals - necessary": 0.014492753623188406,
        "Signals - correctly": 0.0,
        "Signals - timed": 0.0,
        "Clearance / obstructions": 0.043478260869565216,
        "Response to traffic signs": 0.043478260869565216,
        "Response to road markings": 0.0,
        "Response to traffic lights": 0.0,
        "Response to traffic controllers": 0.0,
        "Response to road users": 0.0,
        "Use of speed (too fast)": 0.07246376811594203,
        "Following distance": 0.0,
        "Progress - speed (too slow)": 0.043478260869565216,
        "Progress - undue hesitation": 0.07246376811594203,
        "Junctions - approach speed": 0.0,
        "Junctions - observation": 0.11594202898550725,
        "Junctions - turning right": 0.0,
        "Junctions - turning left": 0.0,
        "Junctions - cutting corners": 0.014492753623188406,
        "Judgement - overtaking": 0.014492753623188406,
        "Judgement - meeting": 0.043478260869565216,
        "Judgement - crossing": 0.0,
        "Positioning - normal driving": 0.014492753623188406,
        "Positioning - lane discipline": 0.0,
        "Pedestrian crossing": 0.0,
        "Position - normal stops": 0.0,
        "Awareness / planning": 0.043478260869565216,
        "Ancillary controls": 0.0
    },
    "maneuvres": [
        {
            "name": "Forward bay park",
            "frequency": 0.2753623188405797,
            "pass": 0.7894736842105263,
            "maneuvre_fails": 0.0
        },
        {
            "name": "Reverse bay park",
            "frequency": 0.08695652173913043,
            "pass": 0.3333333333333333,
            "maneuvre_fails": 0.16666666666666666
        },
        {
            "name": "Parallel park",
            "frequency": 0.15942028985507245,
            "pass": 0.2727272727272727,
            "maneuvre_fails": 0.2727272727272727
        },
        {
            "name": "Reverse right",
            "frequency": 0.4782608695652174,
            "pass": 0.6666666666666666,
            "maneuvre_fails": 0.0
        },
        {
            "name": "Emergency stop",
            "frequency": 0.13043478260869565,
            "pass": 0.7777777777777778,
            "maneuvre_fails": 0.0
        }
    ],
    "totalTestCount": 69,
    "dailyTestCount": 0.3209302325581395,
    "pass": 0.6086956521739131,
    "dangerous_count": 0.014492753623188406,
    "serious_count": 0.7971014492753623,
    "minor_count": 4.391304347826087,
    "dangerous_any": 0.014492753623188406,
    "serious_any": 0.391304347826087,
    "minor_any": 0.9420289855072463,
    "first_attempt": 0.4927536231884058,
    "attempts": 2.130434782608696,
    "times": [
        {
            "dayType": "Mon-Fri",
            "time": "08:00-09:00",
            "pass": 0.6,
            "dailyTests": 0.06511627906976744
        },
        {
            "dayType": "Mon-Fri",
            "time": "09:00-10:00",
            "pass": 0.8461538461538461,
            "dailyTests": 0.08465116279069768
        },
        {
            "dayType": "Mon-Fri",
            "time": "10:00-11:00",
            "pass": 0.6153846153846154,
            "dailyTests": 0.08465116279069768
        },
        {
            "dayType": "Mon-Fri",
            "time": "11:00-12:00",
            "pass": 0.6666666666666666,
            "dailyTests": 0.07813953488372093
        },
        {
            "dayType": "Mon-Fri",
            "time": "12:00-13:00",
            "pass": 0.5454545454545454,
            "dailyTests": 0.07162790697674418
        },
        {
            "dayType": "Mon-Fri",
            "time": "13:00-14:00",
            "pass": 0.4,
            "dailyTests": 0.03255813953488372
        },
        {
            "dayType": "Mon-Fri",
            "time": "14:00-15:00",
            "pass": 0.2,
            "dailyTests": 0.03255813953488372
        },
        {
            "dayType": "Mon-Fri",
            "pass": 0.6086956521739131,
            "dailyTests": 0.4493023255813953,
            "time": "All times"
        }
    ],
    "name": "Pitlochry",
    "id": 317,
    "address": {
        "name": "Pitlochry",
        "latitude": 56.7056417,
        "longitude": -3.7332482,
        "addrLine1": "Driver and Vehicle Standards Agency",
        "addrLine2": "Driving Test Centre Pitlochry",
        "addrLine3": "The Hall, West Moulin Road",
        "addrLine4": "Pitlochry",