{
    "minors": {
        "Eyesight": 0.0,
        "Emergency stop": 0.04815864022662889,
        "Reverse right - control": 0.014164305949008499,
        "Reverse right - observation": 0.0056657223796034,
        "Parallel park - control": 0.06515580736543909,
        "Parallel park - observation": 0.014164305949008499,
        "Reverse bay park - control": 0.0453257790368272,
        "Reverse bay park - observation": 0.0113314447592068,
        "Vehicle checks": 0.059490084985835696,
        "Forward bay park - control": 0.025495750708215296,
        "Forward bay park - observation": 0.0028328611898017,
        "Precautions": 0.0,
        "Control - accelerator": 0.0,
        "Control - clutch": 0.0453257790368272,
        "Control - gears": 0.12181303116147309,
        "Control - Footbrake": 0.0453257790368272,
        "Control - parking brake": 0.025495750708215296,
        "Control - steering": 0.20396600566572237,
        "Move off - safely": 0.23229461756373937,
        "Move off - control": 0.24929178470254956,
        "Mirrors - signalling": 0.16997167138810199,
        "Mirrors - change direction": 0.04815864022662889,
        "Mirrors - change speed": 0.0821529745042493,
        "Signals - necessary": 0.0906515580736544,
        "Signals - correctly": 0.1529745042492918,
        "Signals - timed": 0.04815864022662889,
        "Clearance / obstructions": 0.0169971671388102,
        "Response to traffic signs": 0.0028328611898017,
        "Response to road markings": 0.042492917847025496,
        "Response to traffic lights": 0.019830028328611898,
        "Response to traffic controllers": 0.0,
        "Response to road users": 0.0,
        "Use of speed (too fast)": 0.019830028328611898,
        "Following distance": 0.042492917847025496,
        "Progress - speed (too slow)": 0.12181303116147309,
        "Progress - undue hesitation": 0.1954674220963173,
        "Junctions - approach speed": 0.028328611898016998,
        "Junctions - observation": 0.13031161473087818,
        "Junctions - turning right": 0.0084985835694051,
        "Junctions - turning left": 0.0113314447592068,
        "Junctions - cutting corners": 0.0056657223796034,
        "Judgement - overtaking": 0.019830028328611898,
        "Judgement - meeting": 0.036827195467422094,
        "Judgement - crossing": 0.0,
        "Positioning - normal driving": 0.11331444759206799,
        "Positioning - lane discipline": 0.0028328611898017,
        "Pedestrian crossing": 0.0056657223796034,
        "Position - normal stops": 0.0906515580736544,
        "Awareness / planning": 0.036827195467422094,
        "Ancillary controls": 0.0113314447592068
    },
    "fails": {
        "Eyesight": 0.0,
        "Emergency stop": 0.0,
        "Reverse right - control": 0.0,
        "Reverse right - observation": 0.0056657223796034,
        "Parallel park - control": 0.0113314447592068,
        "Parallel park - observation": 0.0113314447592068,
        "Reverse bay park - control": 0.0028328611898017,
        "Reverse bay park - observation": 0.0,
        "Vehicle checks": 0.0,
        "Forward bay park - control": 0.0,
        "Forward bay park - observation": 0.0028328611898017,
        "Precautions": 0.0,
        "Control - accelerator": 0.0,
        "Control - clutch": 0.0028328611898017,
        "Control - gears": 0.0084985835694051,
        "Control - Footbrake": 0.0028328611898017,
        "Control - parking brake": 0.0,
        "Control - steering": 0.0226628895184136,
        "Move off - safely": 0.025495750708215296,
        "Move off - control": 0.0169971671388102,
        "Mirrors - signalling": 0.0056657223796034,
        "Mirrors - change direction": 0.0339943342776204,
        "Mirrors - change speed": 0.0,
        "Signals - necessary": 0.0,
        "Signals - correctly": 0.0084985835694051,
        "Signals - timed": 0.0,
        "Clearance / obstructions": 0.0084985835694051,
        "Response to traffic signs": 0.0084985835694051,
        "Response to road markings": 0.025495750708215296,
        "Response to traffic lights": 0.0084985835694051,
        "Response to traffic controllers": 0.0,
        "Response to road users": 0.0,
        "Use of speed (too fast)": 0.019830028328611898,
        "Following distance": 0.0056657223796034,
        "Progress - speed (too slow)": 0.0056657223796034,
        "Progress - undue hesitation": 0.014164305949008499,
        "Junctions - approach speed": 0.014164305949008499,
        "Junctions - observation": 0.06515580736543909,
        "Junctions - turning right": 0.014164305949008499,
        "Junctions - turning left": 0.0,
        "Junctions - cutting corners": 0.0084985835694051,
        "Judgement - overtaking": 0.0084985835694051,
        "Judgement - meeting": 0.0028328611898017,
        "Judgement - crossing": 0.0028328611898017,
        "Positioning - normal driving": 0.019830028328611898,
        "Positioning - lane discipline": 0.0,
        "Pedestrian crossing": 0.0056657223796034,
        "Position - normal stops": 0.0028328611898017,
        "Awareness / planning": 0.0056657223796034,
        "Ancillary controls": 0.0
    },
    "maneuvres": [
        {
            "name": "Forward bay park",
            "frequency": 0.254957507082153,
            "pass": 0.7777777777777778,
            "maneuvre_fails": 0.011111111111111112
        },
        {
            "name": "Reverse bay park",
            "frequency": 0.24079320113314448,
            "pass": 0.8352941176470589,
            "maneuvre_fails": 0.011764705882352941
        },
        {
            "name": "Parallel park",
            "frequency": 0.24362606232294617,
            "pass": 0.6976744186046512,
            "maneuvre_fails": 0.09302325581395349
        },
        {
            "name": "Reverse right",
            "frequency": 0.254957507082153,
            "pass": 0.7555555555555555,
            "maneuvre_fails": 0.022222222222222223
        },
        {
            "name": "Emergency stop",
            "frequency": 0.2719546742209632,
            "pass": 0.8125,
            "maneuvre_fails": 0.0
        }
    ],
    "totalTestCount": 353,
    "dailyTestCount": 1.6418604651162791,
    "pass": 0.7620396600566572,
    "dangerous_count": 0.06232294617563739,
    "serious_count": 0.34844192634560905,
    "minor_count": 2.770538243626062,
    "dangerous_any": 0.06232294617563739,
    "serious_any": 0.20679886685552407,
    "minor_any": 0.8158640226628895,
    "first_attempt": 0.7422096317280453,
    "attempts": 1.4079320113314449,
    "times": [
        {
            "dayType": "Mon-Fri",
            "time": "08:00-09:00",
            "pass": 0.74,
            "dailyTests": 0.32558139534883723
        },
        {
            "dayType": "Mon-Fri",
            "time": "09:00-10:00",
            "pass": 0.7254901960784313,
            "dailyTests": 0.33209302325581397
        },
        {
            "dayType": "Mon-Fri",
            "time": "10:00-11:00",
            "pass": 0.68,
            "dailyTests": 0.32558139534883723
        },
        {
            "dayType": "Mon-Fri",
            "time": "11:00-12:00",
            "pass": 0.7254901960784313,
            "dailyTests": 0.33209302325581397
        },
        {
            "dayType": "Mon-Fri",
            "time": "12:00-13:00",
            "pass": 0.8,
            "dailyTests": 0.32558139534883723
        },
        {
            "dayType": "Mon-Fri",
            "time": "13:00-14:00",
            "pass": 0.7551020408163265,
            "dailyTests": 0.31906976744186044
        },
        {
            "dayType": "Mon-Fri",
            "time": "14:00-15:00",
            "pass": 0.8979591836734694,
            "dailyTests": 0.31906976744186044
        },
        {
            "dayType": "Mon-Fri",
            "time": "15:00-16:00",
            "pass": 1.0,
            "dailyTests": 0.013023255813953489
        },
        {
            "dayType": "Mon-Fri",
            "time": "16:00-17:00",