{
    "minors": {
        "Eyesight": 0.0,
        "Emergency stop": 0.0,
        "Reverse right - control": 0.0,
        "Reverse right - observation": 0.0,
        "Parallel park - control": 0.05555555555555555,
        "Parallel park - observation": 0.08333333333333333,
        "Reverse bay park - control": 0.05555555555555555,
        "Reverse bay park - observation": 0.027777777777777776,
        "Vehicle checks": 0.1111111111111111,
        "Forward bay park - control": 0.05555555555555555,
        "Forward bay park - observation": 0.0,
        "Precautions": 0.0,
        "Control - accelerator": 0.0,
        "Control - clutch": 0.05555555555555555,
        "Control - gears": 0.4444444444444444,
        "Control - Footbrake": 0.08333333333333333,
        "Control - parking brake": 0.0,
        "Control - steering": 0.5277777777777778,
        "Move off - safely": 0.19444444444444445,
        "Move off - control": 0.25,
        "Mirrors - signalling": 0.0,
        "Mirrors - change direction": 0.0,
        "Mirrors - change speed": 0.19444444444444445,
        "Signals - necessary": 0.0,
        "Signals - correctly": 0.0,
        "Signals - timed": 0.05555555555555555,
        "Clearance / obstructions": 0.05555555555555555,
        "Response to traffic signs": 0.027777777777777776,
        "Response to road markings": 0.0,
        "Response to traffic lights": 0.0,
        "Response to traffic controllers": 0.0,
        "Response to road users": 0.05555555555555555,
        "Use of speed (too fast)": 0.16666666666666666,
        "Following distance": 0.0,
        "Progress - speed (too slow)": 0.16666666666666666,
        "Progress - undue hesitation": 0.3333333333333333,
        "Junctions - approach speed": 0.08333333333333333,
        "Junctions - observation": 0.2222222222222222,
        "Junctions - turning right": 0.2222222222222222,
        "Junctions - turning left": 0.0,
        "Junctions - cutting corners": 0.0,
        "Judgement - overtaking": 0.0,
        "Judgement - meeting": 0.08333333333333333,
        "Judgement - crossing": 0.0,
        "Positioning - normal driving": 0.027777777777777776,
        "Positioning - lane discipline": 0.0,
        "Pedestrian crossing": 0.0,
        "Position - normal stops": 0.1388888888888889,
        "Awareness / planning": 0.1111111111111111,
        "Ancillary controls": 0.0
    },
    "fails": {
        "Eyesight": 0.0,
        "Emergency stop": 0.0,
        "Reverse right - control": 0.0,
        "Reverse right - observation": 0.027777777777777776,
        "Parallel park - control": 0.027777777777777776,
        "Parallel park - observation": 0.027777777777777776,
        "Reverse bay park - control": 0.0,
        "Reverse bay park - observation": 0.0,
        "Vehicle checks": 0.0,
        "Forward bay park - control": 0.0,
        "Forward bay park - observation": 0.0,
        "Precautions": 0.0,
        "Control - accelerator": 0.0,
        "Control - clutch": 0.0,
        "Control - gears": 0.027777777777777776,
        "Control - Footbrake": 0.027777777777777776,
        "Control - parking brake": 0.0,
        "Control - steering": 0.027777777777777776,
        "Move off - safely": 0.05555555555555555,
        "Move off - control": 0.0,
        "Mirrors - signalling": 0.0,
        "Mirrors - change direction": 0.0,
        "Mirrors - change speed": 0.027777777777777776,
        "Signals - necessary": 0.027777777777777776,
        "Signals - correctly": 0.027777777777777776,
        "Signals - timed": 0.0,
        "Clearance / obstructions": 0.0,
        "Response to traffic signs": 0.0,
        "Response to road markings": 0.0,
        "Response to traffic lights": 0.0,
        "Response to traffic controllers": 0.0,
        "Response to road users": 0.0,
        "Use of speed (too fast)": 0.05555555555555555,
        "Following distance": 0.0,
        "Progress - speed (too slow)": 0.05555555555555555,
        "Progress - undue hesitation": 0.0,
        "Junctions - approach speed": 0.0,
        "Junctions - observation": 0.027777777777777776,
        "Junctions - turning right": 0.027777777777777776,
        "Junctions - turning left": 0.0,
        "Junctions - cutting corners": 0.027777777777777776,
        "Judgement - overtaking": 0.027777777777777776,
        "Judgement - meeting": 0.027777777777777776,
        "Judgement - crossing": 0.0,
        "Positioning - normal driving": 0.027777777777777776,
        "Positioning - lane discipline": 0.0,
        "Pedestrian crossing": 0.0,
        "Position - normal stops": 0.027777777777777776,
        "Awareness / planning": 0.08333333333333333,
        "Ancillary controls": 0.0
    },
    "maneuvres": [
        {
            "name": "Forward bay park",
            "frequency": 0.19444444444444445,
            "pass": 0.7142857142857143,
            "maneuvre_fails": 0.0
        },
        {
            "name": "Reverse bay park",
            "frequency": 0.2222222222222222,
            "pass": 0.875,
            "maneuvre_fails": 0.0
        },
        {
            "name": "Parallel park",
            "frequency": 0.2777777777777778,
            "pass": 0.6,
            "maneuvre_fails": 0.2
        },
        {
            "name": "Reverse right",
            "frequency": 0.3055555555555556,
            "pass": 0.5454545454545454,
            "maneuvre_fails": 0.09090909090909091
        },
        {
            "name": "Emergency stop",
            "frequency": 0.3333333333333333,
            "pass": 0.5833333333333334,
            "maneuvre_fails": 0.0
        }
    ],
    "totalTestCount": 36,
    "dailyTestCount": 0.16744186046511628,
    "pass": 0.6666666666666666,
    "dangerous_count": 0.0,
    "serious_count": 0.6944444444444444,
    "minor_count": 3.888888888888889,
    "dangerous_any": 0.0,
    "serious_any": 0.3333333333333333,
    "minor_any": 0.9722222222222222,
    "first_attempt": 0.75,
    "attempts": 1.2777777777777777,
    "times": [
        {
            "dayType": "Mon-Fri",
            "time": "08:00-09:00",
            "pass": 0.5,
            "dailyTests": 0.013023255813953489
        },
        {
            "dayType": "Mon-Fri",
            "time": "09:00-10:00",
            "pass": 0.8333333333333334,
            "dailyTests": 0.03906976744186046
        },
        {
            "dayType": "Mon-Fri",
            "time": "10:00-11:00",
            "pass": 0.6666666666666666,
            "dailyTests": 0.03906976744186046
        },
        {
            "dayType": "Mon-Fri",
            "time": "11:00-12:00",
            "pass": 0.5714285714285714,
            "dailyTests": 0.045581395348837206
        },
        {
            "dayType": "Mon-Fri",
            "time": "12:00-13:00",
            "pass": 0.6,
            "dailyTests": 0.03255813953488372
        },
        {
            "dayType": "Mon-Fri",
            "time": "13:00-14:00",
            "pass": 0.5714285714285714,
            "dailyTests": 0.045581395348837206
        },
        {
            "dayType": "Mon-Fri",
            "time": "14:00-15:00",
            "pass": 1.0,
            "dailyTests": 0.01953488372093023
        },
        {
            "dayType": "Mon-Fri",
            "pass": 0.6666666666666666,
            "dailyTests": 0.2344186046511628,
            "time": "All times"
        }
    ],
    "name": "Ullapool",
    "id": 331,
    "address": {
        "name": "Ullapool",
        "latitude": 57.89895,
        "longitude": -5.159258,
        "addrLine1": "Ullapool Fire Station",
        "addrLine2": "Lady Smith Street",
        "addrLine3": "Ullapool",
        "addrLine4": "",
        "addrLine5": "",
        "postcode": "IV26 2UW"
    }
}