{
    "minors": {
        "Eyesight": 0.0,
        "Emergency stop": 0.04633204633204633,
        "Reverse right - control": 0.05662805662805663,
        "Reverse right - observation": 0.05791505791505792,
        "Parallel park - control": 0.10424710424710425,
        "Parallel park - observation": 0.03346203346203346,
        "Reverse bay park - control": 0.10553410553410554,
        "Reverse bay park - observation": 0.03474903474903475,
        "Vehicle checks": 0.0694980694980695,
        "Forward bay park - control": 0.08365508365508366,
        "Forward bay park - observation": 0.02574002574002574,
        "Precautions": 0.001287001287001287,
        "Control - accelerator": 0.001287001287001287,
        "Control - clutch": 0.005148005148005148,
        "Control - gears": 0.13256113256113256,
        "Control - Footbrake": 0.002574002574002574,
        "Control - parking brake": 0.018018018018018018,
        "Control - steering": 0.323037323037323,
        "Move off - safely": 0.26898326898326896,
        "Move off - control": 0.27413127413127414,
        "Mirrors - signalling": 0.014157014157014158,
        "Mirrors - change direction": 0.10038610038610038,
        "Mirrors - change speed": 0.07850707850707851,
        "Signals - necessary": 0.08751608751608751,
        "Signals - correctly": 0.0990990990990991,
        "Signals - timed": 0.06435006435006435,
        "Clearance / obstructions": 0.059202059202059204,
        "Response to traffic signs": 0.028314028314028315,
        "Response to road markings": 0.1093951093951094,
        "Response to traffic lights": 0.002574002574002574,
        "Response to traffic controllers": 0.0,
        "Response to road users": 0.010296010296010296,
        "Use of speed (too fast)": 0.15958815958815958,
        "Following distance": 0.018018018018018018,
        "Progress - speed (too slow)": 0.138996138996139,
        "Progress - undue hesitation": 0.18275418275418276,
        "Junctions - approach speed": 0.043758043758043756,
        "Junctions - observation": 0.32947232947232946,
        "Junctions - turning right": 0.06048906048906049,
        "Junctions - turning left": 0.0,
        "Junctions - cutting corners": 0.010296010296010296,
        "Judgement - overtaking": 0.002574002574002574,
        "Judgement - meeting": 0.06306306306306306,
        "Judgement - crossing": 0.006435006435006435,
        "Positioning - normal driving": 0.11711711711711711,
        "Positioning - lane discipline": 0.05276705276705277,
        "Pedestrian crossing": 0.03732303732303732,
        "Position - normal stops": 0.0978120978120978,
        "Awareness / planning": 0.14157014157014158,
        "Ancillary controls": 0.001287001287001287
    },
    "fails": {
        "Eyesight": 0.0,
        "Emergency stop": 0.006435006435006435,
        "Reverse right - control": 0.003861003861003861,
        "Reverse right - observation": 0.007722007722007722,
        "Parallel park - control": 0.02574002574002574,
        "Parallel park - observation": 0.01673101673101673,
        "Reverse bay park - control": 0.02574002574002574,
        "Reverse bay park - observation": 0.007722007722007722,
        "Vehicle checks": 0.002574002574002574,
        "Forward bay park - control": 0.005148005148005148,
        "Forward bay park - observation": 0.003861003861003861,
        "Precautions": 0.0,
        "Control - accelerator": 0.0,
        "Control - clutch": 0.0,
        "Control - gears": 0.04633204633204633,
        "Control - Footbrake": 0.0,
        "Control - parking brake": 0.0,
        "Control - steering": 0.039897039897039896,
        "Move off - safely": 0.021879021879021878,
        "Move off - control": 0.0682110682110682,
        "Mirrors - signalling": 0.0,
        "Mirrors - change direction": 0.07593307593307594,
        "Mirrors - change speed": 0.023166023166023165,
        "Signals - necessary": 0.006435006435006435,
        "Signals - correctly": 0.007722007722007722,
        "Signals - timed": 0.001287001287001287,
        "Clearance / obstructions": 0.006435006435006435,
        "Response to traffic signs": 0.02574002574002574,
        "Response to road markings": 0.02445302445302445,
        "Response to traffic lights": 0.006435006435006435,
        "Response to traffic controllers": 0.0,
        "Response to road users": 0.0,
        "Use of speed (too fast)": 0.01673101673101673,
        "Following distance": 0.002574002574002574,
        "Progress - speed (too slow)": 0.01287001287001287,
        "Progress - undue hesitation": 0.021879021879021878,
        "Junctions - approach speed": 0.0,
        "Junctions - observation": 0.15572715572715573,
        "Junctions - turning right": 0.014157014157014158,
        "Junctions - turning left": 0.0,
        "Junctions - cutting corners": 0.003861003861003861,
        "Judgement - overtaking": 0.002574002574002574,
        "Judgement - meeting": 0.029601029601029602,
        "Judgement - crossing": 0.006435006435006435,
        "Positioning - normal driving": 0.01673101673101673,
        "Positioning - lane discipline": 0.021879021879021878,
        "Pedestrian crossing": 0.007722007722007722,
        "Position - normal stops": 0.003861003861003861,
        "Awareness / planning": 0.028314028314028315,
        "Ancillary controls": 0.0
    },
    "maneuvres": [
        {
            "name": "Forward bay park",
            "frequency": 0.25096525096525096,
            "pass": 0.6307692307692307,
            "maneuvre_fails": 0.03076923076923077
        },
        {
            "name": "Reverse bay park",
            "frequency": 0.24066924066924067,
            "pass": 0.5828877005347594,
            "maneuvre_fails": 0.11764705882352941
        },
        {
            "name": "Parallel park",
            "frequency": 0.25225225225225223,
            "pass": 0.5561224489795918,
            "maneuvre_fails": 0.1377551020408163
        },
        {
            "name": "Reverse right",
            "frequency": 0.2483912483912484,
            "pass": 0.5647668393782384,
            "maneuvre_fails": 0.04145077720207254
        },
        {
            "name": "Emergency stop",
            "frequency": 0.33204633204633205,
            "pass": 0.8023255813953488,
            "maneuvre_fails": 0.01937984496124031
        }
    ],
    "totalTestCount": 777,
    "dailyTestCount": 3.613953488372093,
    "pass": 0.5791505791505791,
    "dangerous_count": 0.010296010296010296,
    "serious_count": 0.7953667953667953,
    "minor_count": 3.761904761904762,
    "dangerous_any": 0.010296010296010296,
    "serious_any": 0.4195624195624196,
    "minor_any": 0.9742599742599742,
    "first_attempt": 0.5353925353925354,
    "attempts": 1.8314028314028314,
    "times": [
        {
            "dayType": "Mon-Fri",
            "time": "08:00-09:00",
            "pass": 0.5964912280701754,
            "dailyTests": 0.7423255813953488
        },
        {
            "dayType": "Mon-Fri",
            "time": "09:00-10:00",
            "pass": 0.6033057851239669,
            "dailyTests": 0.7879069767441861
        },
        {
            "dayType": "Mon-Fri",
            "time": "10:00-11:00",
            "pass": 0.5546218487394958,
            "dailyTests": 0.7748837209302326
        },
        {
            "dayType": "Mon-Fri",
            "time": "11:00-12:00",
            "pass": 0.5739130434782609,
            "dailyTests": 0.7488372093023254
        },
        {
            "dayType": "Mon-Fri",
            "time": "12:00-13:00",
            "pass": 0.5765765765765766,
            "dailyTests": 0.7227906976744186
        },
        {
            "dayType": "Mon-Fri",
            "time": "13:00-14:00",
            "pass": 0.5217391304347826,
            "dailyTests": 0.4493023255813953
        },
        {
            "dayType": "Mon-Fri",
            "time": "14:00-15:00",
            "pass": 0.594059405940594,