{
    "minors": {
        "Eyesight": 0.0,
        "Emergency stop": 0.018702513150204558,
        "Reverse right - control": 0.024547048509643482,
        "Reverse right - observation": 0.0385739333722969,
        "Parallel park - control": 0.09409701928696669,
        "Parallel park - observation": 0.07188778492109878,
        "Reverse bay park - control": 0.08942139099941554,
        "Reverse bay park - observation": 0.056107539450613676,
        "Vehicle checks": 0.1624780829924021,
        "Forward bay park - control": 0.03974284044418469,
        "Forward bay park - observation": 0.023378141437755698,
        "Precautions": 0.006428988895382817,
        "Control - accelerator": 0.0017533606078316774,
        "Control - clutch": 0.04792518994739918,
        "Control - gears": 0.17475160724722386,
        "Control - Footbrake": 0.10578609000584453,
        "Control - parking brake": 0.032144944476914086,
        "Control - steering": 0.36002337814143776,
        "Move off - safely": 0.6808883693746347,
        "Move off - control": 0.4523670368205728,
        "Mirrors - signalling": 0.3267095265926359,
        "Mirrors - change direction": 0.1636469900642899,
        "Mirrors - change speed": 0.11513734658094682,
        "Signals - necessary": 0.12215078901227353,
        "Signals - correctly": 0.13500876680303917,
        "Signals - timed": 0.2571595558153127,
        "Clearance / obstructions": 0.10578609000584453,
        "Response to traffic signs": 0.014611338398597311,
        "Response to road markings": 0.023378141437755698,
        "Response to traffic lights": 0.02162478082992402,
        "Response to traffic controllers": 0.004675628287551139,
        "Response to road users": 0.015195791934541203,
        "Use of speed (too fast)": 0.09643483343074226,
        "Following distance": 0.07948568088836938,
        "Progress - speed (too slow)": 0.5230859146697837,
        "Progress - undue hesitation": 0.5067212156633548,
        "Junctions - approach speed": 0.2331969608416131,
        "Junctions - observation": 0.2162478082992402,
        "Junctions - turning right": 0.029222676797194622,
        "Junctions - turning left": 0.014026884862653419,
        "Junctions - cutting corners": 0.012857977790765635,
        "Judgement - overtaking": 0.022209234365867914,
        "Judgement - meeting": 0.08182349503214495,
        "Judgement - crossing": 0.0058445353594389245,
        "Positioning - normal driving": 0.15663354763296317,
        "Positioning - lane discipline": 0.02396259497369959,
        "Pedestrian crossing": 0.02162478082992402,
        "Position - normal stops": 0.12156633547632963,
        "Awareness / planning": 0.05026300409117475,
        "Ancillary controls": 0.011104617182933957
    },
    "fails": {
        "Eyesight": 0.0011689070718877848,
        "Emergency stop": 0.0029222676797194622,
        "Reverse right - control": 0.0023378141437755697,
        "Reverse right - observation": 0.017533606078316773,
        "Parallel park - control": 0.046756282875511396,
        "Parallel park - observation": 0.026884862653419054,
        "Reverse bay park - control": 0.015195791934541203,
        "Reverse bay park - observation": 0.011104617182933957,
        "Vehicle checks": 0.008182349503214495,
        "Forward bay park - control": 0.0070134424313267095,
        "Forward bay park - observation": 0.0070134424313267095,
        "Precautions": 0.0,
        "Control - accelerator": 0.0,
        "Control - clutch": 0.0005844535359438924,
        "Control - gears": 0.030391583869082407,
        "Control - Footbrake": 0.004675628287551139,
        "Control - parking brake": 0.0017533606078316774,
        "Control - steering": 0.05143191116306254,
        "Move off - safely": 0.08299240210403273,
        "Move off - control": 0.11747516072472239,
        "Mirrors - signalling": 0.008766803039158387,
        "Mirrors - change direction": 0.05961426066627703,
        "Mirrors - change speed": 0.01694915254237288,
        "Signals - necessary": 0.011689070718877849,
        "Signals - correctly": 0.026300409117475162,
        "Signals - timed": 0.012273524254821741,
        "Clearance / obstructions": 0.02571595558153127,
        "Response to traffic signs": 0.018118059614260665,
        "Response to road markings": 0.025131502045587374,
        "Response to traffic lights": 0.014026884862653419,
        "Response to traffic controllers": 0.0,
        "Response to road users": 0.0017533606078316774,
        "Use of speed (too fast)": 0.026884862653419054,
        "Following distance": 0.017533606078316773,
        "Progress - speed (too slow)": 0.03565166569257744,
        "Progress - undue hesitation": 0.02571595558153127,
        "Junctions - approach speed": 0.0058445353594389245,
        "Junctions - observation": 0.1157218001168907,
        "Junctions - turning right": 0.055523085914669784,
        "Junctions - turning left": 0.009935710111046173,
        "Junctions - cutting corners": 0.0070134424313267095,
        "Judgement - overtaking": 0.009351256575102279,
        "Judgement - meeting": 0.028053769725306838,
        "Judgement - crossing": 0.008182349503214495,
        "Positioning - normal driving": 0.052600818234950324,
        "Positioning - lane discipline": 0.009351256575102279,
        "Pedestrian crossing": 0.009351256575102279,
        "Position - normal stops": 0.005260081823495032,
        "Awareness / planning": 0.004675628287551139,
        "Ancillary controls": 0.0
    },
    "maneuvres": [
        {
            "name": "Forward bay park",
            "frequency": 0.2244301578024547,
            "pass": 0.5208333333333334,
            "maneuvre_fails": 0.057291666666666664
        },
        {
            "name": "Reverse bay park",
            "frequency": 0.24547048509643482,
            "pass": 0.4857142857142857,
            "maneuvre_fails": 0.09761904761904762
        },
        {
            "name": "Parallel park",
            "frequency": 0.26066627703097606,
            "pass": 0.3542600896860987,
            "maneuvre_fails": 0.24663677130044842
        },
        {
            "name": "Reverse right",
            "frequency": 0.2630040911747516,
            "pass": 0.5288888888888889,
            "maneuvre_fails": 0.07555555555555556
        },
        {
            "name": "Emergency stop",
            "frequency": 0.3389830508474576,
            "pass": 0.5413793103448276,
            "maneuvre_fails": 0.008620689655172414
        }
    ],
    "totalTestCount": 1711,
    "dailyTestCount": 7.9581395348837205,
    "pass": 0.46756282875511396,
    "dangerous_count": 0.14260666277030976,
    "serious_count": 0.9444769140853302,
    "minor_count": 5.992402104032729,
    "dangerous_any": 0.1315020455873758,
    "serious_any": 0.49561659848042083,
    "minor_any": 0.98947983635301,
    "first_attempt": 0.5353594389246055,
    "attempts": 1.8509643483343075,
    "times": [
        {
            "dayType": "Mon-Fri",
            "time": "08:00-09:00",
            "pass": 0.4318181818181818,
            "dailyTests": 1.7190697674418605
        },
        {
            "dayType": "Mon-Fri",
            "time": "09:00-10:00",
            "pass": 0.4830188679245283,
            "dailyTests": 1.725581395348837
        },
        {
            "dayType": "Mon-Fri",
            "time": "10:00-11:00",
            "pass": 0.45112781954887216,
            "dailyTests": 1.732093023255814
        },
        {
            "dayType": "Mon-Fri",
            "time": "11:00-12:00",
            "pass": 0.5207547169811321,
            "dailyTests": 1.725581395348837
        },
        {
            "dayType": "Mon-Fri",
            "time": "12:00-13:00",
            "pass": 0.4195804195804196,
            "dailyTests": 0.9311627906976744
        },
        {
            "dayType": "Mon-Fri",
            "time": "13:00-14:00",
            "pass": 0.47126436781609193,