{
    "minors": {
        "Eyesight": 0.0,
        "Emergency stop": 0.032713085234093636,
        "Reverse right - control": 0.025210084033613446,
        "Reverse right - observation": 0.04921968787515006,
        "Parallel park - control": 0.09723889555822329,
        "Parallel park - observation": 0.04531812725090036,
        "Reverse bay park - control": 0.11434573829531813,
        "Reverse bay park - observation": 0.04321728691476591,
        "Vehicle checks": 0.08733493397358943,
        "Forward bay park - control": 0.053721488595438176,
        "Forward bay park - observation": 0.014705882352941176,
        "Precautions": 0.001800720288115246,
        "Control - accelerator": 0.0012004801920768306,
        "Control - clutch": 0.030312124849939975,
        "Control - gears": 0.09633853541416566,
        "Control - Footbrake": 0.023109243697478993,
        "Control - parking brake": 0.01680672268907563,
        "Control - steering": 0.287515006002401,
        "Move off - safely": 0.49759903961584634,
        "Move off - control": 0.33763505402160865,
        "Mirrors - signalling": 0.46938775510204084,
        "Mirrors - change direction": 0.13415366146458582,
        "Mirrors - change speed": 0.16266506602641057,
        "Signals - necessary": 0.09783913565426171,
        "Signals - correctly": 0.17286914765906364,
        "Signals - timed": 0.14285714285714285,
        "Clearance / obstructions": 0.10984393757503001,
        "Response to traffic signs": 0.057623049219687875,
        "Response to road markings": 0.03631452581032413,
        "Response to traffic lights": 0.047418967587034816,
        "Response to traffic controllers": 0.0012004801920768306,
        "Response to road users": 0.021608643457382955,
        "Use of speed (too fast)": 0.24669867947178872,
        "Following distance": 0.09183673469387756,
        "Progress - speed (too slow)": 0.4804921968787515,
        "Progress - undue hesitation": 0.3700480192076831,
        "Junctions - approach speed": 0.07292917166866747,
        "Junctions - observation": 0.34603841536614643,
        "Junctions - turning right": 0.0273109243697479,
        "Junctions - turning left": 0.00900360144057623,
        "Junctions - cutting corners": 0.01800720288115246,
        "Judgement - overtaking": 0.012004801920768308,
        "Judgement - meeting": 0.14405762304921968,
        "Judgement - crossing": 0.016506602641056422,
        "Positioning - normal driving": 0.148859543817527,
        "Positioning - lane discipline": 0.011404561824729893,
        "Pedestrian crossing": 0.006602641056422569,
        "Position - normal stops": 0.0702280912364946,
        "Awareness / planning": 0.16116446578631452,
        "Ancillary controls": 0.008703481392557022
    },
    "fails": {
        "Eyesight": 0.0,
        "Emergency stop": 0.001800720288115246,
        "Reverse right - control": 0.006002400960384154,
        "Reverse right - observation": 0.017406962785114045,
        "Parallel park - control": 0.018607442977190875,
        "Parallel park - observation": 0.018907563025210083,
        "Reverse bay park - control": 0.017106842737094837,
        "Reverse bay park - observation": 0.012304921968787515,
        "Vehicle checks": 0.003601440576230492,
        "Forward bay park - control": 0.0078031212484993995,
        "Forward bay park - observation": 0.0027010804321728693,
        "Precautions": 0.0,
        "Control - accelerator": 0.0,
        "Control - clutch": 0.000900360144057623,
        "Control - gears": 0.004201680672268907,
        "Control - Footbrake": 0.0,
        "Control - parking brake": 0.0012004801920768306,
        "Control - steering": 0.031512605042016806,
        "Move off - safely": 0.05612244897959184,
        "Move off - control": 0.029411764705882353,
        "Mirrors - signalling": 0.011104441776710685,
        "Mirrors - change direction": 0.07503001200480192,
        "Mirrors - change speed": 0.015906362545018007,
        "Signals - necessary": 0.0012004801920768306,
        "Signals - correctly": 0.009303721488595438,
        "Signals - timed": 0.003601440576230492,
        "Clearance / obstructions": 0.012605042016806723,
        "Response to traffic signs": 0.07292917166866747,
        "Response to road markings": 0.025510204081632654,
        "Response to traffic lights": 0.0546218487394958,
        "Response to traffic controllers": 0.00030012004801920766,
        "Response to road users": 0.003601440576230492,
        "Use of speed (too fast)": 0.061224489795918366,
        "Following distance": 0.015006002400960384,
        "Progress - speed (too slow)": 0.015906362545018007,
        "Progress - undue hesitation": 0.016206482593037214,
        "Junctions - approach speed": 0.004501800720288115,
        "Junctions - observation": 0.15126050420168066,
        "Junctions - turning right": 0.0663265306122449,
        "Junctions - turning left": 0.01290516206482593,
        "Junctions - cutting corners": 0.006002400960384154,
        "Judgement - overtaking": 0.00900360144057623,
        "Judgement - meeting": 0.013505402160864346,
        "Judgement - crossing": 0.007503001200480192,
        "Positioning - normal driving": 0.026710684273709484,
        "Positioning - lane discipline": 0.00030012004801920766,
        "Pedestrian crossing": 0.0063025210084033615,
        "Position - normal stops": 0.004501800720288115,
        "Awareness / planning": 0.021908763505402162,
        "Ancillary controls": 0.0006002400960384153
    },
    "maneuvres": [
        {
            "name": "Forward bay park",
            "frequency": 0.2382953181272509,
            "pass": 0.3790931989924433,
            "maneuvre_fails": 0.03904282115869018
        },
        {
            "name": "Reverse bay park",
            "frequency": 0.2656062424969988,
            "pass": 0.47570621468926555,
            "maneuvre_fails": 0.10734463276836158
        },
        {
            "name": "Parallel park",
            "frequency": 0.22929171668667467,
            "pass": 0.4581151832460733,
            "maneuvre_fails": 0.14921465968586387
        },
        {
            "name": "Reverse right",
            "frequency": 0.2617046818727491,
            "pass": 0.3738532110091743,
            "maneuvre_fails": 0.08830275229357798
        },
        {
            "name": "Emergency stop",
            "frequency": 0.3169267707082833,
            "pass": 0.48863636363636365,
            "maneuvre_fails": 0.005681818181818182
        }
    ],
    "totalTestCount": 3332,
    "dailyTestCount": 15.497674418604651,
    "pass": 0.41956782713085233,
    "dangerous_count": 0.020108043217286913,
    "serious_count": 0.9360744297719088,
    "minor_count": 5.551020408163265,
    "dangerous_any": 0.020108043217286913,
    "serious_any": 0.5720288115246098,
    "minor_any": 0.987094837935174,
    "first_attempt": 0.4150660264105642,
    "attempts": 2.294717887154862,
    "times": [
        {
            "dayType": "Mon-Fri",
            "time": "07:00-08:00",
            "pass": 0.47101449275362317,
            "dailyTests": 0.8986046511627906
        },
        {
            "dayType": "Mon-Fri",
            "time": "08:00-09:00",
            "pass": 0.42616033755274263,
            "dailyTests": 3.086511627906977
        },
        {
            "dayType": "Mon-Fri",
            "time": "09:00-10:00",
            "pass": 0.4432314410480349,
            "dailyTests": 2.9823255813953486
        },
        {
            "dayType": "Mon-Fri",
            "time": "10:00-11:00",
            "pass": 0.40425531914893614,
            "dailyTests": 2.7544186046511627
        },
        {
            "dayType": "Mon-Fri",
            "time": "11:00-12:00",
            "pass": 0.40229885057471265,
            "dailyTests": 2.832558139534884
        },
        {
            "dayType": "Mon-Fri",
            "time": "12:00-13:00",
            "pass": 0.4107744107744108,