{
    "minors": {
        "Eyesight": 0.0,
        "Emergency stop": 0.012752391073326248,
        "Reverse right - control": 0.021253985122210415,
        "Reverse right - observation": 0.018065887353878853,
        "Parallel park - control": 0.05951115834218916,
        "Parallel park - observation": 0.021253985122210415,
        "Reverse bay park - control": 0.06376195536663125,
        "Reverse bay park - observation": 0.019128586609989374,
        "Vehicle checks": 0.13602550478214664,
        "Forward bay park - control": 0.0563230605738576,
        "Forward bay park - observation": 0.011689691817215728,
        "Precautions": 0.005313496280552604,
        "Control - accelerator": 0.004250797024442083,
        "Control - clutch": 0.02975557917109458,
        "Control - gears": 0.17640807651434645,
        "Control - Footbrake": 0.02975557917109458,
        "Control - parking brake": 0.020191285866099893,
        "Control - steering": 0.24973432518597238,
        "Move off - safely": 0.4718384697130712,
        "Move off - control": 0.434643995749203,
        "Mirrors - signalling": 0.383634431455898,
        "Mirrors - change direction": 0.13177470775770456,
        "Mirrors - change speed": 0.15196599362380447,
        "Signals - necessary": 0.09351753453772582,
        "Signals - correctly": 0.1849096705632306,
        "Signals - timed": 0.11689691817215728,
        "Clearance / obstructions": 0.19341126461211477,
        "Response to traffic signs": 0.02763018065887354,
        "Response to road markings": 0.044633368756641874,
        "Response to traffic lights": 0.08289054197662062,
        "Response to traffic controllers": 0.0010626992561105207,
        "Response to road users": 0.022316684378320937,
        "Use of speed (too fast)": 0.12433581296493093,
        "Following distance": 0.06588735387885228,
        "Progress - speed (too slow)": 0.27523910733262485,
        "Progress - undue hesitation": 0.4771519659936238,
        "Junctions - approach speed": 0.0669500531349628,
        "Junctions - observation": 0.21679064824654623,
        "Junctions - turning right": 0.07332624867162593,
        "Junctions - turning left": 0.01381509032943677,
        "Junctions - cutting corners": 0.01700318809776833,
        "Judgement - overtaking": 0.007438894792773645,
        "Judgement - meeting": 0.077577045696068,
        "Judgement - crossing": 0.01381509032943677,
        "Positioning - normal driving": 0.14984059511158343,
        "Positioning - lane discipline": 0.006376195536663124,
        "Pedestrian crossing": 0.03506907545164718,
        "Position - normal stops": 0.12433581296493093,
        "Awareness / planning": 0.0765143464399575,
        "Ancillary controls": 0.0010626992561105207
    },
    "fails": {
        "Eyesight": 0.0010626992561105207,
        "Emergency stop": 0.0021253985122210413,
        "Reverse right - control": 0.003188097768331562,
        "Reverse right - observation": 0.011689691817215728,
        "Parallel park - control": 0.010626992561105207,
        "Parallel park - observation": 0.008501594048884165,
        "Reverse bay park - control": 0.005313496280552604,
        "Reverse bay park - observation": 0.009564293304994687,
        "Vehicle checks": 0.0021253985122210413,
        "Forward bay park - control": 0.005313496280552604,
        "Forward bay park - observation": 0.004250797024442083,
        "Precautions": 0.0,
        "Control - accelerator": 0.0,
        "Control - clutch": 0.0,
        "Control - gears": 0.01381509032943677,
        "Control - Footbrake": 0.0010626992561105207,
        "Control - parking brake": 0.0010626992561105207,
        "Control - steering": 0.04782146652497343,
        "Move off - safely": 0.06269925611052073,
        "Move off - control": 0.04250797024442083,
        "Mirrors - signalling": 0.007438894792773645,
        "Mirrors - change direction": 0.05100956429330499,
        "Mirrors - change speed": 0.018065887353878853,
        "Signals - necessary": 0.004250797024442083,
        "Signals - correctly": 0.01487778958554729,
        "Signals - timed": 0.010626992561105207,
        "Clearance / obstructions": 0.03719447396386823,
        "Response to traffic signs": 0.026567481402763018,
        "Response to road markings": 0.028692879914984058,
        "Response to traffic lights": 0.044633368756641874,
        "Response to traffic controllers": 0.0010626992561105207,
        "Response to road users": 0.005313496280552604,
        "Use of speed (too fast)": 0.018065887353878853,
        "Following distance": 0.0021253985122210413,
        "Progress - speed (too slow)": 0.019128586609989374,
        "Progress - undue hesitation": 0.01381509032943677,
        "Junctions - approach speed": 0.005313496280552604,
        "Junctions - observation": 0.13283740701381508,
        "Junctions - turning right": 0.031880977683315624,
        "Junctions - turning left": 0.0021253985122210413,
        "Junctions - cutting corners": 0.0021253985122210413,
        "Judgement - overtaking": 0.005313496280552604,
        "Judgement - meeting": 0.026567481402763018,
        "Judgement - crossing": 0.02975557917109458,
        "Positioning - normal driving": 0.019128586609989374,
        "Positioning - lane discipline": 0.0,
        "Pedestrian crossing": 0.036131774707757705,
        "Position - normal stops": 0.0021253985122210413,
        "Awareness / planning": 0.01487778958554729,
        "Ancillary controls": 0.0
    },
    "maneuvres": [
        {
            "name": "Forward bay park",
            "frequency": 0.24654622741764082,
            "pass": 0.5775862068965517,
            "maneuvre_fails": 0.03879310344827586
        },
        {
            "name": "Reverse bay park",
            "frequency": 0.25823591923485656,
            "pass": 0.5102880658436214,
            "maneuvre_fails": 0.053497942386831275
        },
        {
            "name": "Parallel park",
            "frequency": 0.24442082890541977,
            "pass": 0.6478260869565218,
            "maneuvre_fails": 0.07391304347826087
        },
        {
            "name": "Reverse right",
            "frequency": 0.24654622741764082,
            "pass": 0.5043103448275862,
            "maneuvre_fails": 0.05603448275862069
        },
        {
            "name": "Emergency stop",
            "frequency": 0.3294367693942614,
            "pass": 0.6967741935483871,
            "maneuvre_fails": 0.0064516129032258064
        }
    ],
    "totalTestCount": 941,
    "dailyTestCount": 4.376744186046512,
    "pass": 0.5568544102019128,
    "dangerous_count": 0.15834218916046758,
    "serious_count": 0.691817215727949,
    "minor_count": 5.098831030818278,
    "dangerous_any": 0.13708820403825717,
    "serious_any": 0.3942614240170032,
    "minor_any": 0.9681190223166843,
    "first_attempt": 0.5738575982996812,
    "attempts": 1.8055260361317746,
    "times": [
        {
            "dayType": "Mon-Fri",
            "time": "08:00-09:00",
            "pass": 0.6538461538461539,
            "dailyTests": 1.0158139534883721
        },
        {
            "dayType": "Mon-Fri",
            "time": "09:00-10:00",
            "pass": 0.5394736842105263,
            "dailyTests": 0.9897674418604652
        },
        {
            "dayType": "Mon-Fri",
            "time": "10:00-11:00",
            "pass": 0.6111111111111112,
            "dailyTests": 0.7032558139534885
        },
        {
            "dayType": "Mon-Fri",
            "time": "11:00-12:00",
            "pass": 0.48091603053435117,
            "dailyTests": 0.8530232558139534
        },
        {
            "dayType": "Mon-Fri",
            "time": "12:00-13:00",
            "pass": 0.5967741935483871,
            "dailyTests": 0.8074418604651165
        },
        {
            "dayType": "Mon-Fri",
            "time": "13:00-14:00",
            "pass": 0.5477707006369427,