{
    "minors": {
        "Eyesight": 0.0,
        "Emergency stop": 0.019358741681790685,
        "Reverse right - control": 0.02571082879612825,
        "Reverse right - observation": 0.04204476709013914,
        "Parallel park - control": 0.09800362976406533,
        "Parallel park - observation": 0.054748941318814276,
        "Reverse bay park - control": 0.10072595281306715,
        "Reverse bay park - observation": 0.023895946763460376,
        "Vehicle checks": 0.09588626739261948,
        "Forward bay park - control": 0.05535390199637023,
        "Forward bay park - observation": 0.01693889897156685,
        "Precautions": 0.00030248033877797946,
        "Control - accelerator": 0.003932244404113733,
        "Control - clutch": 0.025105868118572294,
        "Control - gears": 0.08015728977616456,
        "Control - Footbrake": 0.05414398064125832,
        "Control - parking brake": 0.013006654567453115,
        "Control - steering": 0.3200241984271022,
        "Move off - safely": 0.4398064125831821,
        "Move off - control": 0.29340592861464004,
        "Mirrors - signalling": 0.1896551724137931,
        "Mirrors - change direction": 0.1306715063520871,
        "Mirrors - change speed": 0.20961887477313976,
        "Signals - necessary": 0.10949788263762855,
        "Signals - correctly": 0.10677555958862674,
        "Signals - timed": 0.117664851784634,
        "Clearance / obstructions": 0.28584392014519056,
        "Response to traffic signs": 0.02117362371445856,
        "Response to road markings": 0.06291591046581972,
        "Response to traffic lights": 0.06957047791893527,
        "Response to traffic controllers": 0.0018148820326678765,
        "Response to road users": 0.029038112522686024,
        "Use of speed (too fast)": 0.13006654567453116,
        "Following distance": 0.04446460980036298,
        "Progress - speed (too slow)": 0.3457350272232305,
        "Progress - undue hesitation": 0.3472474289171204,
        "Junctions - approach speed": 0.04688445251058681,
        "Junctions - observation": 0.20840895341802781,
        "Junctions - turning right": 0.09921355111917725,
        "Junctions - turning left": 0.012099213551119177,
        "Junctions - cutting corners": 0.03690260133091349,
        "Judgement - overtaking": 0.01603145795523291,
        "Judgement - meeting": 0.2365396249243799,
        "Judgement - crossing": 0.045674531155474894,
        "Positioning - normal driving": 0.12734422262552933,
        "Positioning - lane discipline": 0.030248033877797943,
        "Pedestrian crossing": 0.036297640653357534,
        "Position - normal stops": 0.13278886872353296,
        "Awareness / planning": 0.16606170598911071,
        "Ancillary controls": 0.003932244404113733
    },
    "fails": {
        "Eyesight": 0.0,
        "Emergency stop": 0.010889292196007259,
        "Reverse right - control": 0.006049606775559589,
        "Reverse right - observation": 0.016333938294010888,
        "Parallel park - control": 0.019056261343012703,
        "Parallel park - observation": 0.023895946763460376,
        "Reverse bay park - control": 0.012704174228675136,
        "Reverse bay park - observation": 0.003932244404113733,
        "Vehicle checks": 0.003629764065335753,
        "Forward bay park - control": 0.006352087114337568,
        "Forward bay park - observation": 0.004234724742891712,
        "Precautions": 0.0,
        "Control - accelerator": 0.0006049606775559589,
        "Control - clutch": 0.0006049606775559589,
        "Control - gears": 0.00514216575922565,
        "Control - Footbrake": 0.002117362371445856,
        "Control - parking brake": 0.0015124016938898972,
        "Control - steering": 0.0499092558983666,
        "Move off - safely": 0.05807622504537205,
        "Move off - control": 0.03690260133091349,
        "Mirrors - signalling": 0.002117362371445856,
        "Mirrors - change direction": 0.05323653962492438,
        "Mirrors - change speed": 0.017846339987900785,
        "Signals - necessary": 0.0030248033877797943,
        "Signals - correctly": 0.010889292196007259,
        "Signals - timed": 0.0012099213551119178,
        "Clearance / obstructions": 0.05716878402903811,
        "Response to traffic signs": 0.02117362371445856,
        "Response to road markings": 0.04688445251058681,
        "Response to traffic lights": 0.05958862673926195,
        "Response to traffic controllers": 0.0,
        "Response to road users": 0.01119177253478524,
        "Use of speed (too fast)": 0.028130671506352088,
        "Following distance": 0.0030248033877797943,
        "Progress - speed (too slow)": 0.024803387779794312,
        "Progress - undue hesitation": 0.03297035692679976,
        "Junctions - approach speed": 0.003327283726557774,
        "Junctions - observation": 0.12885662431941924,
        "Junctions - turning right": 0.04446460980036298,
        "Junctions - turning left": 0.0015124016938898972,
        "Junctions - cutting corners": 0.012704174228675136,
        "Judgement - overtaking": 0.0054446460980036296,
        "Judgement - meeting": 0.060193587416817906,
        "Judgement - crossing": 0.05807622504537205,
        "Positioning - normal driving": 0.027525710828796127,
        "Positioning - lane discipline": 0.003932244404113733,
        "Pedestrian crossing": 0.030852994555353903,
        "Position - normal stops": 0.01119177253478524,
        "Awareness / planning": 0.036297640653357534,
        "Ancillary controls": 0.0
    },
    "maneuvres": [
        {
            "name": "Forward bay park",
            "frequency": 0.21264367816091953,
            "pass": 0.4623044096728307,
            "maneuvre_fails": 0.04694167852062589
        },
        {
            "name": "Reverse bay park",
            "frequency": 0.2235329703569268,
            "pass": 0.469553450608931,
            "maneuvre_fails": 0.07036535859269283
        },
        {
            "name": "Parallel park",
            "frequency": 0.28735632183908044,
            "pass": 0.42947368421052634,
            "maneuvre_fails": 0.13578947368421052
        },
        {
            "name": "Reverse right",
            "frequency": 0.2737447065940714,
            "pass": 0.38232044198895027,
            "maneuvre_fails": 0.07955801104972375
        },
        {
            "name": "Emergency stop",
            "frequency": 0.3602540834845735,
            "pass": 0.48866498740554154,
            "maneuvre_fails": 0.030226700251889168
        }
    ],
    "totalTestCount": 3306,
    "dailyTestCount": 15.376744186046512,
    "pass": 0.43133696309739866,
    "dangerous_count": 0.062310949788263764,
    "serious_count": 1.0021173623714459,
    "minor_count": 5.162734422262553,
    "dangerous_any": 0.05928614640048397,
    "serious_any": 0.5502117362371446,
    "minor_any": 0.9803387779794314,
    "first_attempt": 0.4748941318814277,
    "attempts": 2.084996975196612,
    "times": [
        {
            "dayType": "Mon-Fri",
            "time": "07:00-08:00",
            "pass": 0.5,
            "dailyTests": 0.10418604651162791
        },
        {
            "dayType": "Mon-Fri",
            "time": "08:00-09:00",
            "pass": 0.4802784222737819,
            "dailyTests": 2.806511627906977
        },
        {
            "dayType": "Mon-Fri",
            "time": "09:00-10:00",
            "pass": 0.40093240093240096,
            "dailyTests": 2.793488372093023
        },
        {
            "dayType": "Mon-Fri",
            "time": "10:00-11:00",
            "pass": 0.41277641277641275,
            "dailyTests": 2.6502325581395345
        },
        {
            "dayType": "Mon-Fri",
            "time": "11:00-12:00",
            "pass": 0.391304347826087,
            "dailyTests": 2.546046511627907
        },
        {
            "dayType": "Mon-Fri",
            "time": "12:00-13:00",
            "pass": 0.4260355029585799,