{
    "minors": {
        "Eyesight": 0.0,
        "Emergency stop": 0.022966134682755938,
        "Reverse right - control": 0.02919423900350331,
        "Reverse right - observation": 0.03892565200467108,
        "Parallel park - control": 0.11560918645387311,
        "Parallel park - observation": 0.04515375632541845,
        "Reverse bay park - control": 0.126508369015181,
        "Reverse bay park - observation": 0.05254963020630596,
        "Vehicle checks": 0.16854807318022577,
        "Forward bay park - control": 0.0650058388478007,
        "Forward bay park - observation": 0.03425457376411055,
        "Precautions": 0.001946282600233554,
        "Control - accelerator": 0.0007785130400934215,
        "Control - clutch": 0.03425457376411055,
        "Control - gears": 0.07434799532892176,
        "Control - Footbrake": 0.05527442584663293,
        "Control - parking brake": 0.012066952121448035,
        "Control - steering": 0.34838458544180617,
        "Move off - safely": 0.397041650447645,
        "Move off - control": 0.28688205527442584,
        "Mirrors - signalling": 0.10860256909303231,
        "Mirrors - change direction": 0.12183729077462048,
        "Mirrors - change speed": 0.10704554301284547,
        "Signals - necessary": 0.14324639937718958,
        "Signals - correctly": 0.16854807318022577,
        "Signals - timed": 0.06773063448812768,
        "Clearance / obstructions": 0.17166212534059946,
        "Response to traffic signs": 0.01634877384196185,
        "Response to road markings": 0.03386531724406384,
        "Response to traffic lights": 0.041261191124951344,
        "Response to traffic controllers": 0.0023355391202802647,
        "Response to road users": 0.0070066173608407945,
        "Use of speed (too fast)": 0.14519268197742313,
        "Following distance": 0.08680420397041651,
        "Progress - speed (too slow)": 0.417282989490074,
        "Progress - undue hesitation": 0.3760217983651226,
        "Junctions - approach speed": 0.08330089528999611,
        "Junctions - observation": 0.24289606850914752,
        "Junctions - turning right": 0.11288439081354612,
        "Junctions - turning left": 0.020630595562475672,
        "Junctions - cutting corners": 0.03191903464383029,
        "Judgement - overtaking": 0.006228104320747372,
        "Judgement - meeting": 0.16543402101985208,
        "Judgement - crossing": 0.03503308680420397,
        "Positioning - normal driving": 0.1950175165434021,
        "Positioning - lane discipline": 0.016738030362008563,
        "Pedestrian crossing": 0.03697936940443752,
        "Position - normal stops": 0.18489684702218762,
        "Awareness / planning": 0.11599844297391981,
        "Ancillary controls": 0.005449591280653951
    },
    "fails": {
        "Eyesight": 0.00038925652004671076,
        "Emergency stop": 0.0023355391202802647,
        "Reverse right - control": 0.010509926041261192,
        "Reverse right - observation": 0.008563643441027637,
        "Parallel park - control": 0.0326975476839237,
        "Parallel park - observation": 0.011677695601401323,
        "Reverse bay park - control": 0.01479174776177501,
        "Reverse bay park - observation": 0.005449591280653951,
        "Vehicle checks": 0.0035033086804203972,
        "Forward bay park - control": 0.004671078240560529,
        "Forward bay park - observation": 0.0027247956403269754,
        "Precautions": 0.0,
        "Control - accelerator": 0.0,
        "Control - clutch": 0.0011677695601401323,
        "Control - gears": 0.00506033476060724,
        "Control - Footbrake": 0.0027247956403269754,
        "Control - parking brake": 0.00038925652004671076,
        "Control - steering": 0.03853639548462437,
        "Move off - safely": 0.025690930323082912,
        "Move off - control": 0.033476060724017126,
        "Mirrors - signalling": 0.001557026080186843,
        "Mirrors - change direction": 0.04904632152588556,
        "Mirrors - change speed": 0.012845465161541456,
        "Signals - necessary": 0.003892565200467108,
        "Signals - correctly": 0.005449591280653951,
        "Signals - timed": 0.0,
        "Clearance / obstructions": 0.02919423900350331,
        "Response to traffic signs": 0.03503308680420397,
        "Response to road markings": 0.053328143246399375,
        "Response to traffic lights": 0.031140521603736863,
        "Response to traffic controllers": 0.00038925652004671076,
        "Response to road users": 0.001557026080186843,
        "Use of speed (too fast)": 0.02413390424289607,
        "Following distance": 0.00506033476060724,
        "Progress - speed (too slow)": 0.031529778123783575,
        "Progress - undue hesitation": 0.030751265083690152,
        "Junctions - approach speed": 0.0058388478007006615,
        "Junctions - observation": 0.10354223433242507,
        "Junctions - turning right": 0.11521992993382639,
        "Junctions - turning left": 0.0035033086804203972,
        "Junctions - cutting corners": 0.003114052160373686,
        "Judgement - overtaking": 0.0007785130400934215,
        "Judgement - meeting": 0.031529778123783575,
        "Judgement - crossing": 0.02997275204359673,
        "Positioning - normal driving": 0.04087193460490463,
        "Positioning - lane discipline": 0.001946282600233554,
        "Pedestrian crossing": 0.015959517321915143,
        "Position - normal stops": 0.0011677695601401323,
        "Awareness / planning": 0.007395873880887505,
        "Ancillary controls": 0.0
    },
    "maneuvres": [
        {
            "name": "Forward bay park",
            "frequency": 0.24601012066952122,
            "pass": 0.5585443037974683,
            "maneuvre_fails": 0.02689873417721519
        },
        {
            "name": "Reverse bay park",
            "frequency": 0.25457376411054883,
            "pass": 0.5535168195718655,
            "maneuvre_fails": 0.07492354740061162
        },
        {
            "name": "Parallel park",
            "frequency": 0.2537952510704554,
            "pass": 0.4938650306748466,
            "maneuvre_fails": 0.1656441717791411
        },
        {
            "name": "Reverse right",
            "frequency": 0.2421175554690541,
            "pass": 0.43086816720257237,
            "maneuvre_fails": 0.07234726688102894
        },
        {
            "name": "Emergency stop",
            "frequency": 0.32074737251848967,
            "pass": 0.6820388349514563,
            "maneuvre_fails": 0.007281553398058253
        }
    ],
    "totalTestCount": 2569,
    "dailyTestCount": 11.948837209302326,
    "pass": 0.5079797586609576,
    "dangerous_count": 0.08330089528999611,
    "serious_count": 0.7991436356558972,
    "minor_count": 5.1778902296613465,
    "dangerous_any": 0.07707279096924874,
    "serious_any": 0.47100038925652005,
    "minor_any": 0.9894900739587388,
    "first_attempt": 0.5379525107045543,
    "attempts": 1.9587388088750486,
    "times": [
        {
            "dayType": "Mon-Fri",
            "time": "08:00-09:00",
            "pass": 0.49851632047477745,
            "dailyTests": 2.1944186046511627
        },
        {
            "dayType": "Mon-Fri",
            "time": "09:00-10:00",
            "pass": 0.48157894736842105,
            "dailyTests": 2.474418604651163
        },
        {
            "dayType": "Mon-Fri",
            "time": "10:00-11:00",
            "pass": 0.5365853658536586,
            "dailyTests": 2.4027906976744187
        },
        {
            "dayType": "Mon-Fri",
            "time": "11:00-12:00",
            "pass": 0.5029239766081871,
            "dailyTests": 2.226976744186046
        },
        {
            "dayType": "Mon-Fri",
            "time": "12:00-13:00",
            "pass": 0.42857142857142855,
            "dailyTests": 0.27348837209302324
        },
        {
            "dayType": "Mon-Fri",
            "time": "13:00-14:00",
            "pass": 0.4906166219839142,