{
    "minors": {
        "Eyesight": 0.0,
        "Emergency stop": 0.023178807947019868,
        "Reverse right - control": 0.03642384105960265,
        "Reverse right - observation": 0.10596026490066225,
        "Parallel park - control": 0.0695364238410596,
        "Parallel park - observation": 0.06291390728476821,
        "Reverse bay park - control": 0.10264900662251655,
        "Reverse bay park - observation": 0.052980132450331126,
        "Vehicle checks": 0.17549668874172186,
        "Forward bay park - control": 0.04966887417218543,
        "Forward bay park - observation": 0.03642384105960265,
        "Precautions": 0.0033112582781456954,
        "Control - accelerator": 0.0,
        "Control - clutch": 0.033112582781456956,
        "Control - gears": 0.18211920529801323,
        "Control - Footbrake": 0.016556291390728478,
        "Control - parking brake": 0.019867549668874173,
        "Control - steering": 0.3344370860927152,
        "Move off - safely": 0.9105960264900662,
        "Move off - control": 0.24503311258278146,
        "Mirrors - signalling": 0.39072847682119205,
        "Mirrors - change direction": 0.20198675496688742,
        "Mirrors - change speed": 0.1456953642384106,
        "Signals - necessary": 0.18543046357615894,
        "Signals - correctly": 0.2251655629139073,
        "Signals - timed": 0.19536423841059603,
        "Clearance / obstructions": 0.06291390728476821,
        "Response to traffic signs": 0.1357615894039735,
        "Response to road markings": 0.033112582781456956,
        "Response to traffic lights": 0.056291390728476824,
        "Response to traffic controllers": 0.0,
        "Response to road users": 0.006622516556291391,
        "Use of speed (too fast)": 0.31125827814569534,
        "Following distance": 0.15562913907284767,
        "Progress - speed (too slow)": 0.5033112582781457,
        "Progress - undue hesitation": 0.20860927152317882,
        "Junctions - approach speed": 0.304635761589404,
        "Junctions - observation": 0.271523178807947,
        "Junctions - turning right": 0.0695364238410596,
        "Junctions - turning left": 0.013245033112582781,
        "Junctions - cutting corners": 0.019867549668874173,
        "Judgement - overtaking": 0.006622516556291391,
        "Judgement - meeting": 0.17549668874172186,
        "Judgement - crossing": 0.006622516556291391,
        "Positioning - normal driving": 0.2814569536423841,
        "Positioning - lane discipline": 0.033112582781456956,
        "Pedestrian crossing": 0.016556291390728478,
        "Position - normal stops": 0.1986754966887417,
        "Awareness / planning": 0.04966887417218543,
        "Ancillary controls": 0.016556291390728478
    },
    "fails": {
        "Eyesight": 0.0,
        "Emergency stop": 0.0033112582781456954,
        "Reverse right - control": 0.013245033112582781,
        "Reverse right - observation": 0.03642384105960265,
        "Parallel park - control": 0.03642384105960265,
        "Parallel park - observation": 0.016556291390728478,
        "Reverse bay park - control": 0.019867549668874173,
        "Reverse bay park - observation": 0.019867549668874173,
        "Vehicle checks": 0.006622516556291391,
        "Forward bay park - control": 0.006622516556291391,
        "Forward bay park - observation": 0.006622516556291391,
        "Precautions": 0.0,
        "Control - accelerator": 0.0,
        "Control - clutch": 0.0,
        "Control - gears": 0.009933774834437087,
        "Control - Footbrake": 0.0,
        "Control - parking brake": 0.0,
        "Control - steering": 0.029801324503311258,
        "Move off - safely": 0.1456953642384106,
        "Move off - control": 0.013245033112582781,
        "Mirrors - signalling": 0.0,
        "Mirrors - change direction": 0.0728476821192053,
        "Mirrors - change speed": 0.029801324503311258,
        "Signals - necessary": 0.006622516556291391,
        "Signals - correctly": 0.009933774834437087,
        "Signals - timed": 0.023178807947019868,
        "Clearance / obstructions": 0.013245033112582781,
        "Response to traffic signs": 0.1291390728476821,
        "Response to road markings": 0.0695364238410596,
        "Response to traffic lights": 0.016556291390728478,
        "Response to traffic controllers": 0.0,
        "Response to road users": 0.006622516556291391,
        "Use of speed (too fast)": 0.1357615894039735,
        "Following distance": 0.0033112582781456954,
        "Progress - speed (too slow)": 0.0695364238410596,
        "Progress - undue hesitation": 0.013245033112582781,
        "Junctions - approach speed": 0.03642384105960265,
        "Junctions - observation": 0.1986754966887417,
        "Junctions - turning right": 0.033112582781456956,
        "Junctions - turning left": 0.013245033112582781,
        "Junctions - cutting corners": 0.006622516556291391,
        "Judgement - overtaking": 0.0,
        "Judgement - meeting": 0.03642384105960265,
        "Judgement - crossing": 0.009933774834437087,
        "Positioning - normal driving": 0.10927152317880795,
        "Positioning - lane discipline": 0.006622516556291391,
        "Pedestrian crossing": 0.009933774834437087,
        "Position - normal stops": 0.0,
        "Awareness / planning": 0.009933774834437087,
        "Ancillary controls": 0.0033112582781456954
    },
    "maneuvres": [
        {
            "name": "Forward bay park",
            "frequency": 0.24172185430463577,
            "pass": 0.3561643835616438,
            "maneuvre_fails": 0.0547945205479452
        },
        {
            "name": "Reverse bay park",
            "frequency": 0.22847682119205298,
            "pass": 0.30434782608695654,
            "maneuvre_fails": 0.14492753623188406
        },
        {
            "name": "Parallel park",
            "frequency": 0.22185430463576158,
            "pass": 0.417910447761194,
            "maneuvre_fails": 0.19402985074626866
        },
        {
            "name": "Reverse right",
            "frequency": 0.2913907284768212,
            "pass": 0.4659090909090909,
            "maneuvre_fails": 0.1590909090909091
        },
        {
            "name": "Emergency stop",
            "frequency": 0.31456953642384106,
            "pass": 0.4842105263157895,
            "maneuvre_fails": 0.010526315789473684
        }
    ],
    "totalTestCount": 302,
    "dailyTestCount": 1.4046511627906977,
    "pass": 0.3841059602649007,
    "dangerous_count": 0.11920529801324503,
    "serious_count": 1.3178807947019868,
    "minor_count": 6.741721854304636,
    "dangerous_any": 0.10927152317880795,
    "serious_any": 0.5894039735099338,
    "minor_any": 0.9834437086092715,
    "first_attempt": 0.3741721854304636,
    "attempts": 2.513245033112583,
    "times": [
        {
            "dayType": "Mon-Fri",
            "time": "08:00-09:00",
            "pass": 0.4077669902912621,
            "dailyTests": 0.6706976744186047
        },
        {
            "dayType": "Mon-Fri",
            "time": "09:00-10:00",
            "pass": 0.16666666666666666,
            "dailyTests": 0.03906976744186046
        },
        {
            "dayType": "Mon-Fri",
            "time": "10:00-11:00",
            "pass": 0.5,
            "dailyTests": 0.2865116279069767
        },
        {
            "dayType": "Mon-Fri",
            "time": "11:00-12:00",
            "pass": 0.40540540540540543,
            "dailyTests": 0.24093023255813956
        },
        {
            "dayType": "Mon-Fri",
            "time": "12:00-13:00",
            "pass": 0.2711864406779661,
            "dailyTests": 0.3841860465116279
        },
        {
            "dayType": "Mon-Fri",
            "time": "13:00-14:00",
            "pass": 0.4444444444444444,
            "dailyTests": 0.1172093023255814
        },
        {
            "dayType": "Mon-Fri",
            "time": "14:00-15:00",
            "pass": 0.34285714285714286,