{
    "minors": {
        "Eyesight": 0.0,
        "Emergency stop": 0.0,
        "Reverse right - control": 0.06944444444444445,
        "Reverse right - observation": 0.041666666666666664,
        "Parallel park - control": 0.1388888888888889,
        "Parallel park - observation": 0.041666666666666664,
        "Reverse bay park - control": 0.06944444444444445,
        "Reverse bay park - observation": 0.08333333333333333,
        "Vehicle checks": 0.25,
        "Forward bay park - control": 0.05555555555555555,
        "Forward bay park - observation": 0.013888888888888888,
        "Precautions": 0.0,
        "Control - accelerator": 0.0,
        "Control - clutch": 0.027777777777777776,
        "Control - gears": 0.20833333333333334,
        "Control - Footbrake": 0.041666666666666664,
        "Control - parking brake": 0.027777777777777776,
        "Control - steering": 0.4722222222222222,
        "Move off - safely": 0.6527777777777778,
        "Move off - control": 0.3472222222222222,
        "Mirrors - signalling": 0.2638888888888889,
        "Mirrors - change direction": 0.06944444444444445,
        "Mirrors - change speed": 0.375,
        "Signals - necessary": 0.1388888888888889,
        "Signals - correctly": 0.09722222222222222,
        "Signals - timed": 0.1111111111111111,
        "Clearance / obstructions": 0.2222222222222222,
        "Response to traffic signs": 0.0,
        "Response to road markings": 0.027777777777777776,
        "Response to traffic lights": 0.06944444444444445,
        "Response to traffic controllers": 0.0,
        "Response to road users": 0.041666666666666664,
        "Use of speed (too fast)": 0.05555555555555555,
        "Following distance": 0.027777777777777776,
        "Progress - speed (too slow)": 0.2777777777777778,
        "Progress - undue hesitation": 0.5972222222222222,
        "Junctions - approach speed": 0.05555555555555555,
        "Junctions - observation": 0.1388888888888889,
        "Junctions - turning right": 0.2361111111111111,
        "Junctions - turning left": 0.0,
        "Junctions - cutting corners": 0.08333333333333333,
        "Judgement - overtaking": 0.0,
        "Judgement - meeting": 0.0,
        "Judgement - crossing": 0.013888888888888888,
        "Positioning - normal driving": 0.05555555555555555,
        "Positioning - lane discipline": 0.0,
        "Pedestrian crossing": 0.013888888888888888,
        "Position - normal stops": 0.16666666666666666,
        "Awareness / planning": 0.09722222222222222,
        "Ancillary controls": 0.027777777777777776
    },
    "fails": {
        "Eyesight": 0.0,
        "Emergency stop": 0.013888888888888888,
        "Reverse right - control": 0.0,
        "Reverse right - observation": 0.0,
        "Parallel park - control": 0.05555555555555555,
        "Parallel park - observation": 0.013888888888888888,
        "Reverse bay park - control": 0.05555555555555555,
        "Reverse bay park - observation": 0.013888888888888888,
        "Vehicle checks": 0.0,
        "Forward bay park - control": 0.0,
        "Forward bay park - observation": 0.013888888888888888,
        "Precautions": 0.0,
        "Control - accelerator": 0.0,
        "Control - clutch": 0.0,
        "Control - gears": 0.013888888888888888,
        "Control - Footbrake": 0.0,
        "Control - parking brake": 0.0,
        "Control - steering": 0.027777777777777776,
        "Move off - safely": 0.06944444444444445,
        "Move off - control": 0.027777777777777776,
        "Mirrors - signalling": 0.013888888888888888,
        "Mirrors - change direction": 0.0,
        "Mirrors - change speed": 0.013888888888888888,
        "Signals - necessary": 0.0,
        "Signals - correctly": 0.027777777777777776,
        "Signals - timed": 0.0,
        "Clearance / obstructions": 0.041666666666666664,
        "Response to traffic signs": 0.027777777777777776,
        "Response to road markings": 0.013888888888888888,
        "Response to traffic lights": 0.041666666666666664,
        "Response to traffic controllers": 0.0,
        "Response to road users": 0.0,
        "Use of speed (too fast)": 0.013888888888888888,
        "Following distance": 0.0,
        "Progress - speed (too slow)": 0.08333333333333333,
        "Progress - undue hesitation": 0.013888888888888888,
        "Junctions - approach speed": 0.0,
        "Junctions - observation": 0.08333333333333333,
        "Junctions - turning right": 0.041666666666666664,
        "Junctions - turning left": 0.0,
        "Junctions - cutting corners": 0.0,
        "Judgement - overtaking": 0.013888888888888888,
        "Judgement - meeting": 0.0,
        "Judgement - crossing": 0.027777777777777776,
        "Positioning - normal driving": 0.013888888888888888,
        "Positioning - lane discipline": 0.0,
        "Pedestrian crossing": 0.027777777777777776,
        "Position - normal stops": 0.0,
        "Awareness / planning": 0.013888888888888888,
        "Ancillary controls": 0.0
    },
    "maneuvres": [
        {
            "name": "Forward bay park",
            "frequency": 0.2222222222222222,
            "pass": 0.625,
            "maneuvre_fails": 0.0625
        },
        {
            "name": "Reverse bay park",
            "frequency": 0.20833333333333334,
            "pass": 0.3333333333333333,
            "maneuvre_fails": 0.3333333333333333
        },
        {
            "name": "Parallel park",
            "frequency": 0.2777777777777778,
            "pass": 0.45,
            "maneuvre_fails": 0.2
        },
        {
            "name": "Reverse right",
            "frequency": 0.2916666666666667,
            "pass": 0.5238095238095238,
            "maneuvre_fails": 0.0
        },
        {
            "name": "Emergency stop",
            "frequency": 0.3472222222222222,
            "pass": 0.64,
            "maneuvre_fails": 0.04
        }
    ],
    "totalTestCount": 72,
    "dailyTestCount": 0.33488372093023255,
    "pass": 0.4861111111111111,
    "dangerous_count": 0.0,
    "serious_count": 0.8194444444444444,
    "minor_count": 5.805555555555555,
    "dangerous_any": 0.0,
    "serious_any": 0.5138888888888888,
    "minor_any": 0.9722222222222222,
    "first_attempt": 0.5277777777777778,
    "attempts": 2.013888888888889,
    "times": [
        {
            "dayType": "Mon-Fri",
            "time": "08:00-09:00",
            "pass": 0.18181818181818182,
            "dailyTests": 0.07162790697674418
        },
        {
            "dayType": "Mon-Fri",
            "time": "09:00-10:00",
            "pass": 0.6363636363636364,
            "dailyTests": 0.07162790697674418
        },
        {
            "dayType": "Mon-Fri",
            "time": "10:00-11:00",
            "pass": 0.5,
            "dailyTests": 0.06511627906976744
        },
        {
            "dayType": "Mon-Fri",
            "time": "11:00-12:00",
            "pass": 0.6363636363636364,
            "dailyTests": 0.07162790697674418
        },
        {
            "dayType": "Mon-Fri",
            "time": "12:00-13:00",
            "pass": 0.45454545454545453,
            "dailyTests": 0.07162790697674418
        },
        {
            "dayType": "Mon-Fri",
            "time": "13:00-14:00",
            "pass": 0.4444444444444444,
            "dailyTests": 0.0586046511627907
        },
        {
            "dayType": "Mon-Fri",
            "time": "14:00-15:00",
            "pass": 0.5555555555555556,
            "dailyTests": 0.0586046511627907
        },
        {
            "dayType": "Mon-Fri",
            "pass": 0.4861111111111111,
            "dailyTests": 0.4688372093023256,
            "time": "All times"
        }
    ],
    "name": "Callander",
    "id": 456,
    "address": {
        "name": "Callander",
        "latitude": 56.242613,
        "longitude": -4.2137818,
        "addrLine1": "Driver and Vehicle Standars Agency",
        "addrLine2": "DTC Callander",
        "addrLine3": "Callander Youth Hostel",