{
    "minors": {
        "Eyesight": 0.0,
        "Emergency stop": 0.027586206896551724,
        "Reverse right - control": 0.03819628647214854,
        "Reverse right - observation": 0.042440318302387266,
        "Parallel park - control": 0.06737400530503979,
        "Parallel park - observation": 0.047214854111405836,
        "Reverse bay park - control": 0.07480106100795755,
        "Reverse bay park - observation": 0.04509283819628647,
        "Vehicle checks": 0.11246684350132626,
        "Forward bay park - control": 0.05411140583554377,
        "Forward bay park - observation": 0.01220159151193634,
        "Precautions": 0.007427055702917772,
        "Control - accelerator": 0.009018567639257295,
        "Control - clutch": 0.034482758620689655,
        "Control - gears": 0.3522546419098143,
        "Control - Footbrake": 0.04668435013262599,
        "Control - parking brake": 0.03713527851458886,
        "Control - steering": 0.519893899204244,
        "Move off - safely": 0.45305039787798407,
        "Move off - control": 0.3713527851458886,
        "Mirrors - signalling": 0.18620689655172415,
        "Mirrors - change direction": 0.08063660477453581,
        "Mirrors - change speed": 0.19310344827586207,
        "Signals - necessary": 0.08063660477453581,
        "Signals - correctly": 0.12838196286472148,
        "Signals - timed": 0.10503978779840849,
        "Clearance / obstructions": 0.2440318302387268,
        "Response to traffic signs": 0.03395225464190981,
        "Response to road markings": 0.0376657824933687,
        "Response to traffic lights": 0.04774535809018567,
        "Response to traffic controllers": 0.0,
        "Response to road users": 0.029177718832891247,
        "Use of speed (too fast)": 0.08063660477453581,
        "Following distance": 0.06843501326259947,
        "Progress - speed (too slow)": 0.4413793103448276,
        "Progress - undue hesitation": 0.4663129973474801,
        "Junctions - approach speed": 0.12042440318302387,
        "Junctions - observation": 0.27851458885941643,
        "Junctions - turning right": 0.09442970822281167,
        "Junctions - turning left": 0.014854111405835544,
        "Junctions - cutting corners": 0.03076923076923077,
        "Judgement - overtaking": 0.010610079575596816,
        "Judgement - meeting": 0.14907161803713528,
        "Judgement - crossing": 0.032360742705570295,
        "Positioning - normal driving": 0.26949602122015914,
        "Positioning - lane discipline": 0.028116710875331564,
        "Pedestrian crossing": 0.0350132625994695,
        "Position - normal stops": 0.16551724137931034,
        "Awareness / planning": 0.20318302387267906,
        "Ancillary controls": 0.009549071618037135
    },
    "fails": {
        "Eyesight": 0.0005305039787798408,
        "Emergency stop": 0.004774535809018567,
        "Reverse right - control": 0.007427055702917772,
        "Reverse right - observation": 0.022281167108753316,
        "Parallel park - control": 0.019628647214854113,
        "Parallel park - observation": 0.016445623342175066,
        "Reverse bay park - control": 0.01273209549071618,
        "Reverse bay park - observation": 0.011140583554376658,
        "Vehicle checks": 0.010079575596816976,
        "Forward bay park - control": 0.009018567639257295,
        "Forward bay park - observation": 0.003183023872679045,
        "Precautions": 0.0,
        "Control - accelerator": 0.0,
        "Control - clutch": 0.0015915119363395225,
        "Control - gears": 0.030238726790450927,
        "Control - Footbrake": 0.002122015915119363,
        "Control - parking brake": 0.0005305039787798408,
        "Control - steering": 0.05305039787798409,
        "Move off - safely": 0.07161803713527852,
        "Move off - control": 0.05411140583554377,
        "Mirrors - signalling": 0.00636604774535809,
        "Mirrors - change direction": 0.023872679045092837,
        "Mirrors - change speed": 0.03660477453580902,
        "Signals - necessary": 0.008488063660477453,
        "Signals - correctly": 0.021220159151193633,
        "Signals - timed": 0.004244031830238726,
        "Clearance / obstructions": 0.04403183023872679,
        "Response to traffic signs": 0.022281167108753316,
        "Response to road markings": 0.032360742705570295,
        "Response to traffic lights": 0.034482758620689655,
        "Response to traffic controllers": 0.0,
        "Response to road users": 0.01220159151193634,
        "Use of speed (too fast)": 0.01803713527851459,
        "Following distance": 0.010610079575596816,
        "Progress - speed (too slow)": 0.053580901856763924,
        "Progress - undue hesitation": 0.0350132625994695,
        "Junctions - approach speed": 0.006896551724137931,
        "Junctions - observation": 0.11246684350132626,
        "Junctions - turning right": 0.0259946949602122,
        "Junctions - turning left": 0.0,
        "Junctions - cutting corners": 0.003713527851458886,
        "Judgement - overtaking": 0.006896551724137931,
        "Judgement - meeting": 0.03660477453580902,
        "Judgement - crossing": 0.02440318302387268,
        "Positioning - normal driving": 0.04190981432360743,
        "Positioning - lane discipline": 0.004774535809018567,
        "Pedestrian crossing": 0.020689655172413793,
        "Position - normal stops": 0.010610079575596816,
        "Awareness / planning": 0.04668435013262599,
        "Ancillary controls": 0.002652519893899204
    },
    "maneuvres": [
        {
            "name": "Forward bay park",
            "frequency": 0.20424403183023873,
            "pass": 0.4909090909090909,
            "maneuvre_fails": 0.05714285714285714
        },
        {
            "name": "Reverse bay park",
            "frequency": 0.28063660477453584,
            "pass": 0.4763705103969754,
            "maneuvre_fails": 0.08128544423440454
        },
        {
            "name": "Parallel park",
            "frequency": 0.2312997347480106,
            "pass": 0.48853211009174313,
            "maneuvre_fails": 0.13302752293577982
        },
        {
            "name": "Reverse right",
            "frequency": 0.26525198938992045,
            "pass": 0.47,
            "maneuvre_fails": 0.104
        },
        {
            "name": "Emergency stop",
            "frequency": 0.29336870026525197,
            "pass": 0.5840867992766727,
            "maneuvre_fails": 0.0162748643761302
        }
    ],
    "totalTestCount": 1885,
    "dailyTestCount": 8.767441860465116,
    "pass": 0.4716180371352785,
    "dangerous_count": 0.07427055702917772,
    "serious_count": 0.9692307692307692,
    "minor_count": 6.018037135278514,
    "dangerous_any": 0.06949602122015915,
    "serious_any": 0.5119363395225465,
    "minor_any": 0.9888594164456234,
    "first_attempt": 0.47745358090185674,
    "attempts": 2.0445623342175065,
    "times": [
        {
            "dayType": "Mon-Fri",
            "time": "08:00-09:00",
            "pass": 0.46206896551724136,
            "dailyTests": 1.8883720930232557
        },
        {
            "dayType": "Mon-Fri",
            "time": "09:00-10:00",
            "pass": 0.42160278745644597,
            "dailyTests": 1.8688372093023258
        },
        {
            "dayType": "Mon-Fri",
            "time": "10:00-11:00",
            "pass": 0.5035211267605634,
            "dailyTests": 1.8493023255813952
        },
        {
            "dayType": "Mon-Fri",
            "time": "11:00-12:00",
            "pass": 0.49280575539568344,
            "dailyTests": 1.8102325581395349
        },
        {
            "dayType": "Mon-Fri",
            "time": "12:00-13:00",
            "pass": 0.4540229885057471,
            "dailyTests": 1.1330232558139535
        },
        {
            "dayType": "Mon-Fri",
            "time": "13:00-14:00",
            "pass": 0.4804270462633452,
            "dailyTests": 1.829767441860465
        },
        {
            "dayType": "Mon-Fri",