{
    "minors": {
        "Eyesight": 0.0,
        "Emergency stop": 0.0305770887166236,
        "Reverse right - control": 0.023040482342807925,
        "Reverse right - observation": 0.04306632213608958,
        "Parallel park - control": 0.09388458225667529,
        "Parallel park - observation": 0.05490956072351421,
        "Reverse bay park - control": 0.11606373815676141,
        "Reverse bay park - observation": 0.05103359173126615,
        "Vehicle checks": 0.1834625322997416,
        "Forward bay park - control": 0.06675279931093885,
        "Forward bay park - observation": 0.026701119724375538,
        "Precautions": 0.006029285099052541,
        "Control - accelerator": 0.006244616709732989,
        "Control - clutch": 0.029931093884582257,
        "Control - gears": 0.09517657192075797,
        "Control - Footbrake": 0.053186907838070625,
        "Control - parking brake": 0.015073212747631352,
        "Control - steering": 0.32558139534883723,
        "Move off - safely": 0.4086993970714901,
        "Move off - control": 0.2747631352282515,
        "Mirrors - signalling": 0.08118001722652886,
        "Mirrors - change direction": 0.25516795865633074,
        "Mirrors - change speed": 0.16731266149870802,
        "Signals - necessary": 0.08074935400516796,
        "Signals - correctly": 0.17334194659776056,
        "Signals - timed": 0.10055986218776916,
        "Clearance / obstructions": 0.0719207579672696,
        "Response to traffic signs": 0.04694229112833764,
        "Response to road markings": 0.12962962962962962,
        "Response to traffic lights": 0.07665805340223945,
        "Response to traffic controllers": 0.0006459948320413437,
        "Response to road users": 0.03208440999138674,
        "Use of speed (too fast)": 0.15956072351421188,
        "Following distance": 0.06890611541774333,
        "Progress - speed (too slow)": 0.6436261843238588,
        "Progress - undue hesitation": 0.41128337639965545,
        "Junctions - approach speed": 0.13070628768303186,
        "Junctions - observation": 0.1511627906976744,
        "Junctions - turning right": 0.10874246339362618,
        "Junctions - turning left": 0.024978466838931956,
        "Junctions - cutting corners": 0.024978466838931956,
        "Judgement - overtaking": 0.018518518518518517,
        "Judgement - meeting": 0.06804478897502153,
        "Judgement - crossing": 0.020671834625323,
        "Positioning - normal driving": 0.12661498708010335,
        "Positioning - lane discipline": 0.05534022394487511,
        "Pedestrian crossing": 0.01442721791559001,
        "Position - normal stops": 0.1884151593453919,
        "Awareness / planning": 0.13199827734711456,
        "Ancillary controls": 0.016580534022394487
    },
    "fails": {
        "Eyesight": 0.0004306632213608958,
        "Emergency stop": 0.007321274763135229,
        "Reverse right - control": 0.006244616709732989,
        "Reverse right - observation": 0.015719207579672698,
        "Parallel park - control": 0.023686477174849268,
        "Parallel park - observation": 0.014642549526270457,
        "Reverse bay park - control": 0.014642549526270457,
        "Reverse bay park - observation": 0.012704565030146426,
        "Vehicle checks": 0.006029285099052541,
        "Forward bay park - control": 0.010120585701981051,
        "Forward bay park - observation": 0.005813953488372093,
        "Precautions": 0.0004306632213608958,
        "Control - accelerator": 0.0,
        "Control - clutch": 0.0002153316106804479,
        "Control - gears": 0.0049526270456503015,
        "Control - Footbrake": 0.0030146425495262705,
        "Control - parking brake": 0.0006459948320413437,
        "Control - steering": 0.03617571059431524,
        "Move off - safely": 0.04866494401378122,
        "Move off - control": 0.02950043066322136,
        "Mirrors - signalling": 0.0004306632213608958,
        "Mirrors - change direction": 0.13824289405684753,
        "Mirrors - change speed": 0.01959517657192076,
        "Signals - necessary": 0.0010766580534022395,
        "Signals - correctly": 0.009474590869939707,
        "Signals - timed": 0.003229974160206718,
        "Clearance / obstructions": 0.0152885443583118,
        "Response to traffic signs": 0.05512489233419466,
        "Response to road markings": 0.056416881998277345,
        "Response to traffic lights": 0.07213608957795005,
        "Response to traffic controllers": 0.0,
        "Response to road users": 0.011843238587424634,
        "Use of speed (too fast)": 0.04220499569336779,
        "Following distance": 0.008613264427217916,
        "Progress - speed (too slow)": 0.03165374677002584,
        "Progress - undue hesitation": 0.03337639965546942,
        "Junctions - approach speed": 0.007321274763135229,
        "Junctions - observation": 0.08742463393626185,
        "Junctions - turning right": 0.053832902670111975,
        "Junctions - turning left": 0.00409130060292851,
        "Junctions - cutting corners": 0.0008613264427217916,
        "Judgement - overtaking": 0.009259259259259259,
        "Judgement - meeting": 0.02454780361757106,
        "Judgement - crossing": 0.01959517657192076,
        "Positioning - normal driving": 0.031223083548664946,
        "Positioning - lane discipline": 0.008613264427217916,
        "Pedestrian crossing": 0.006029285099052541,
        "Position - normal stops": 0.004521963824289405,
        "Awareness / planning": 0.01937984496124031,
        "Ancillary controls": 0.0008613264427217916
    },
    "maneuvres": [
        {
            "name": "Forward bay park",
            "frequency": 0.2459086993970715,
            "pass": 0.47197898423817863,
            "maneuvre_fails": 0.06304728546409807
        },
        {
            "name": "Reverse bay park",
            "frequency": 0.25516795865633074,
            "pass": 0.4219409282700422,
            "maneuvre_fails": 0.09957805907172995
        },
        {
            "name": "Parallel park",
            "frequency": 0.256244616709733,
            "pass": 0.4142857142857143,
            "maneuvre_fails": 0.14453781512605043
        },
        {
            "name": "Reverse right",
            "frequency": 0.2392334194659776,
            "pass": 0.4446444644464446,
            "maneuvre_fails": 0.08730873087308731
        },
        {
            "name": "Emergency stop",
            "frequency": 0.328380706287683,
            "pass": 0.5127868852459017,
            "maneuvre_fails": 0.022295081967213116
        }
    ],
    "totalTestCount": 4644,
    "dailyTestCount": 21.6,
    "pass": 0.4362618432385874,
    "dangerous_count": 0.08031869078380706,
    "serious_count": 0.944229112833764,
    "minor_count": 5.484926787252369,
    "dangerous_any": 0.07665805340223945,
    "serious_any": 0.5402670111972437,
    "minor_any": 0.9795434969853575,
    "first_attempt": 0.5467269595176572,
    "attempts": 1.8794142980189492,
    "times": [
        {
            "dayType": "Mon-Fri",
            "time": "07:00-08:00",
            "pass": 0.3888888888888889,
            "dailyTests": 0.35162790697674423
        },
        {
            "dayType": "Mon-Fri",
            "time": "08:00-09:00",
            "pass": 0.42329317269076305,
            "dailyTests": 8.106976744186046
        },
        {
            "dayType": "Mon-Fri",
            "time": "10:00-11:00",
            "pass": 0.4356120826709062,
            "dailyTests": 4.095813953488372
        },
        {
            "dayType": "Mon-Fri",
            "time": "11:00-12:00",
            "pass": 0.4253246753246753,
            "dailyTests": 8.022325581395348
        },
        {
            "dayType": "Mon-Fri",
            "time": "13:00-14:00",
            "pass": 0.43478260869565216,
            "dailyTests": 3.893953488372093
        },
        {
            "dayType": "Mon-Fri",
            "time": "14:00-15:00",
            "pass": 0.4630021141649049,