{
    "minors": {
        "Eyesight": 0.0,
        "Emergency stop": 0.00945945945945946,
        "Reverse right - control": 0.03088803088803089,
        "Reverse right - observation": 0.045366795366795366,
        "Parallel park - control": 0.07528957528957529,
        "Parallel park - observation": 0.042664092664092663,
        "Reverse bay park - control": 0.11428571428571428,
        "Reverse bay park - observation": 0.041891891891891894,
        "Vehicle checks": 0.16814671814671814,
        "Forward bay park - control": 0.05637065637065637,
        "Forward bay park - observation": 0.023745173745173744,
        "Precautions": 0.003667953667953668,
        "Control - accelerator": 0.007528957528957529,
        "Control - clutch": 0.04671814671814672,
        "Control - gears": 0.28725868725868725,
        "Control - Footbrake": 0.12818532818532818,
        "Control - parking brake": 0.0305019305019305,
        "Control - steering": 0.41486486486486485,
        "Move off - safely": 0.43474903474903476,
        "Move off - control": 0.37393822393822396,
        "Mirrors - signalling": 0.18667953667953668,
        "Mirrors - change direction": 0.2640926640926641,
        "Mirrors - change speed": 0.1859073359073359,
        "Signals - necessary": 0.15926640926640925,
        "Signals - correctly": 0.21312741312741312,
        "Signals - timed": 0.1971042471042471,
        "Clearance / obstructions": 0.15907335907335907,
        "Response to traffic signs": 0.07007722007722007,
        "Response to road markings": 0.04980694980694981,
        "Response to traffic lights": 0.088996138996139,
        "Response to traffic controllers": 0.0019305019305019305,
        "Response to road users": 0.021042471042471044,
        "Use of speed (too fast)": 0.2166023166023166,
        "Following distance": 0.06196911196911197,
        "Progress - speed (too slow)": 0.4,
        "Progress - undue hesitation": 0.27953667953667954,
        "Junctions - approach speed": 0.16602316602316602,
        "Junctions - observation": 0.24594594594594596,
        "Junctions - turning right": 0.07316602316602316,
        "Junctions - turning left": 0.032046332046332046,
        "Junctions - cutting corners": 0.03436293436293436,
        "Judgement - overtaking": 0.0069498069498069494,
        "Judgement - meeting": 0.07664092664092664,
        "Judgement - crossing": 0.014864864864864866,
        "Positioning - normal driving": 0.19575289575289576,
        "Positioning - lane discipline": 0.05579150579150579,
        "Pedestrian crossing": 0.00888030888030888,
        "Position - normal stops": 0.13455598455598455,
        "Awareness / planning": 0.11196911196911197,
        "Ancillary controls": 0.008687258687258687
    },
    "fails": {
        "Eyesight": 0.0005791505791505791,
        "Emergency stop": 0.0011583011583011582,
        "Reverse right - control": 0.005019305019305019,
        "Reverse right - observation": 0.01776061776061776,
        "Parallel park - control": 0.019691119691119693,
        "Parallel park - observation": 0.013899613899613899,
        "Reverse bay park - control": 0.022586872586872586,
        "Reverse bay park - observation": 0.008108108108108109,
        "Vehicle checks": 0.008301158301158301,
        "Forward bay park - control": 0.005598455598455598,
        "Forward bay park - observation": 0.006756756756756757,
        "Precautions": 0.0,
        "Control - accelerator": 0.00019305019305019305,
        "Control - clutch": 0.0007722007722007722,
        "Control - gears": 0.01833976833976834,
        "Control - Footbrake": 0.004633204633204633,
        "Control - parking brake": 0.0019305019305019305,
        "Control - steering": 0.06756756756756757,
        "Move off - safely": 0.04864864864864865,
        "Move off - control": 0.03648648648648649,
        "Mirrors - signalling": 0.008108108108108109,
        "Mirrors - change direction": 0.11853281853281854,
        "Mirrors - change speed": 0.029536679536679537,
        "Signals - necessary": 0.006370656370656371,
        "Signals - correctly": 0.011776061776061776,
        "Signals - timed": 0.005984555984555984,
        "Clearance / obstructions": 0.027799227799227798,
        "Response to traffic signs": 0.03474903474903475,
        "Response to road markings": 0.04594594594594595,
        "Response to traffic lights": 0.06312741312741313,
        "Response to traffic controllers": 0.00019305019305019305,
        "Response to road users": 0.004633204633204633,
        "Use of speed (too fast)": 0.04247104247104247,
        "Following distance": 0.003667953667953668,
        "Progress - speed (too slow)": 0.038996138996139,
        "Progress - undue hesitation": 0.019884169884169883,
        "Junctions - approach speed": 0.012355212355212355,
        "Junctions - observation": 0.13243243243243244,
        "Junctions - turning right": 0.04034749034749035,
        "Junctions - turning left": 0.0052123552123552125,
        "Junctions - cutting corners": 0.0028957528957528956,
        "Judgement - overtaking": 0.004633204633204633,
        "Judgement - meeting": 0.019884169884169883,
        "Judgement - crossing": 0.01138996138996139,
        "Positioning - normal driving": 0.045366795366795366,
        "Positioning - lane discipline": 0.005598455598455598,
        "Pedestrian crossing": 0.003088803088803089,
        "Position - normal stops": 0.0034749034749034747,
        "Awareness / planning": 0.012355212355212355,
        "Ancillary controls": 0.0
    },
    "maneuvres": [
        {
            "name": "Forward bay park",
            "frequency": 0.2505791505791506,
            "pass": 0.47380585516178736,
            "maneuvre_fails": 0.046224961479198766
        },
        {
            "name": "Reverse bay park",
            "frequency": 0.27239382239382237,
            "pass": 0.446491849751949,
            "maneuvre_fails": 0.10772501771793054
        },
        {
            "name": "Parallel park",
            "frequency": 0.1969111969111969,
            "pass": 0.515686274509804,
            "maneuvre_fails": 0.15490196078431373
        },
        {
            "name": "Reverse right",
            "frequency": 0.2747104247104247,
            "pass": 0.4546732255797611,
            "maneuvre_fails": 0.07940969782150387
        },
        {
            "name": "Emergency stop",
            "frequency": 0.21969111969111968,
            "pass": 0.7012302284710018,
            "maneuvre_fails": 0.005272407732864675
        }
    ],
    "totalTestCount": 5180,
    "dailyTestCount": 24.093023255813954,
    "pass": 0.4667953667953668,
    "dangerous_count": 0.02413127413127413,
    "serious_count": 1.0283783783783784,
    "minor_count": 6.056370656370657,
    "dangerous_any": 0.02277992277992278,
    "serious_any": 0.5274131274131274,
    "minor_any": 0.9793436293436294,
    "first_attempt": 0.42992277992277994,
    "attempts": 2.450965250965251,
    "times": [
        {
            "dayType": "Mon-Fri",
            "time": "07:00-08:00",
            "pass": 0.0,
            "dailyTests": 0.0065116279069767444
        },
        {
            "dayType": "Mon-Fri",
            "time": "08:00-09:00",
            "pass": 0.4340836012861736,
            "dailyTests": 4.050232558139535
        },
        {
            "dayType": "Mon-Fri",
            "time": "09:00-10:00",
            "pass": 0.4517133956386293,
            "dailyTests": 4.18046511627907
        },
        {
            "dayType": "Mon-Fri",
            "time": "10:00-11:00",
            "pass": 0.47277936962750716,
            "dailyTests": 4.5451162790697675
        },
        {
            "dayType": "Mon-Fri",
            "time": "11:00-12:00",
            "pass": 0.4745762711864407,
            "dailyTests": 4.226046511627907
        },
        {
            "dayType": "Mon-Fri",
            "time": "12:00-13:00",
            "pass": 0.47096774193548385,