{
    "minors": {
        "Eyesight": 0.0,
        "Emergency stop": 0.0,
        "Reverse right - control": 0.0,
        "Reverse right - observation": 0.047619047619047616,
        "Parallel park - control": 0.15873015873015872,
        "Parallel park - observation": 0.1111111111111111,
        "Reverse bay park - control": 0.06349206349206349,
        "Reverse bay park - observation": 0.047619047619047616,
        "Vehicle checks": 0.2222222222222222,
        "Forward bay park - control": 0.031746031746031744,
        "Forward bay park - observation": 0.031746031746031744,
        "Precautions": 0.015873015873015872,
        "Control - accelerator": 0.0,
        "Control - clutch": 0.0,
        "Control - gears": 0.031746031746031744,
        "Control - Footbrake": 0.1111111111111111,
        "Control - parking brake": 0.015873015873015872,
        "Control - steering": 0.31746031746031744,
        "Move off - safely": 0.19047619047619047,
        "Move off - control": 0.15873015873015872,
        "Mirrors - signalling": 0.15873015873015872,
        "Mirrors - change direction": 0.12698412698412698,
        "Mirrors - change speed": 0.4126984126984127,
        "Signals - necessary": 0.07936507936507936,
        "Signals - correctly": 0.31746031746031744,
        "Signals - timed": 0.2222222222222222,
        "Clearance / obstructions": 0.09523809523809523,
        "Response to traffic signs": 0.0,
        "Response to road markings": 0.031746031746031744,
        "Response to traffic lights": 0.14285714285714285,
        "Response to traffic controllers": 0.0,
        "Response to road users": 0.0,
        "Use of speed (too fast)": 0.12698412698412698,
        "Following distance": 0.12698412698412698,
        "Progress - speed (too slow)": 0.8095238095238095,
        "Progress - undue hesitation": 0.746031746031746,
        "Junctions - approach speed": 0.09523809523809523,
        "Junctions - observation": 0.23809523809523808,
        "Junctions - turning right": 0.09523809523809523,
        "Junctions - turning left": 0.0,
        "Junctions - cutting corners": 0.031746031746031744,
        "Judgement - overtaking": 0.031746031746031744,
        "Judgement - meeting": 0.07936507936507936,
        "Judgement - crossing": 0.0,
        "Positioning - normal driving": 0.14285714285714285,
        "Positioning - lane discipline": 0.07936507936507936,
        "Pedestrian crossing": 0.031746031746031744,
        "Position - normal stops": 0.2698412698412698,
        "Awareness / planning": 0.12698412698412698,
        "Ancillary controls": 0.031746031746031744
    },
    "fails": {
        "Eyesight": 0.0,
        "Emergency stop": 0.0,
        "Reverse right - control": 0.0,
        "Reverse right - observation": 0.0,
        "Parallel park - control": 0.015873015873015872,
        "Parallel park - observation": 0.0,
        "Reverse bay park - control": 0.015873015873015872,
        "Reverse bay park - observation": 0.0,
        "Vehicle checks": 0.015873015873015872,
        "Forward bay park - control": 0.0,
        "Forward bay park - observation": 0.0,
        "Precautions": 0.0,
        "Control - accelerator": 0.0,
        "Control - clutch": 0.0,
        "Control - gears": 0.015873015873015872,
        "Control - Footbrake": 0.0,
        "Control - parking brake": 0.0,
        "Control - steering": 0.031746031746031744,
        "Move off - safely": 0.015873015873015872,
        "Move off - control": 0.015873015873015872,
        "Mirrors - signalling": 0.0,
        "Mirrors - change direction": 0.031746031746031744,
        "Mirrors - change speed": 0.031746031746031744,
        "Signals - necessary": 0.0,
        "Signals - correctly": 0.015873015873015872,
        "Signals - timed": 0.0,
        "Clearance / obstructions": 0.015873015873015872,
        "Response to traffic signs": 0.031746031746031744,
        "Response to road markings": 0.1111111111111111,
        "Response to traffic lights": 0.06349206349206349,
        "Response to traffic controllers": 0.0,
        "Response to road users": 0.0,
        "Use of speed (too fast)": 0.06349206349206349,
        "Following distance": 0.0,
        "Progress - speed (too slow)": 0.0,
        "Progress - undue hesitation": 0.06349206349206349,
        "Junctions - approach speed": 0.0,
        "Junctions - observation": 0.06349206349206349,
        "Junctions - turning right": 0.07936507936507936,
        "Junctions - turning left": 0.0,
        "Junctions - cutting corners": 0.0,
        "Judgement - overtaking": 0.06349206349206349,
        "Judgement - meeting": 0.031746031746031744,
        "Judgement - crossing": 0.0,
        "Positioning - normal driving": 0.07936507936507936,
        "Positioning - lane discipline": 0.047619047619047616,
        "Pedestrian crossing": 0.015873015873015872,
        "Position - normal stops": 0.031746031746031744,
        "Awareness / planning": 0.015873015873015872,
        "Ancillary controls": 0.0
    },
    "maneuvres": [
        {
            "name": "Forward bay park",
            "frequency": 0.19047619047619047,
            "pass": 0.6666666666666666,
            "maneuvre_fails": 0.0
        },
        {
            "name": "Reverse bay park",
            "frequency": 0.12698412698412698,
            "pass": 0.25,
            "maneuvre_fails": 0.125
        },
        {
            "name": "Parallel park",
            "frequency": 0.47619047619047616,
            "pass": 0.5333333333333333,
            "maneuvre_fails": 0.03333333333333333
        },
        {
            "name": "Reverse right",
            "frequency": 0.20634920634920634,
            "pass": 0.23076923076923078,
            "maneuvre_fails": 0.0
        },
        {
            "name": "Emergency stop",
            "frequency": 0.5555555555555556,
            "pass": 0.6857142857142857,
            "maneuvre_fails": 0.0
        }
    ],
    "totalTestCount": 63,
    "dailyTestCount": 0.2930232558139535,
    "pass": 0.4603174603174603,
    "dangerous_count": 0.047619047619047616,
    "serious_count": 0.9523809523809523,
    "minor_count": 6.2063492063492065,
    "dangerous_any": 0.047619047619047616,
    "serious_any": 0.5238095238095238,
    "minor_any": 1.0,
    "first_attempt": 0.38095238095238093,
    "attempts": 2.2698412698412698,
    "times": [
        {
            "dayType": "Mon-Fri",
            "time": "06:00-07:00",
            "pass": 0.4603174603174603,
            "dailyTests": 0.4102325581395349
        },
        {
            "dayType": "Mon-Fri",
            "pass": 0.4603174603174603,
            "dailyTests": 0.4102325581395349,
            "time": "All times"
        }
    ],
    "name": "0600-0700"
}