{
    "minors": {
        "Eyesight": 0.0,
        "Emergency stop": 0.01959586422667148,
        "Reverse right - control": 0.02954652744994585,
        "Reverse right - observation": 0.04384771319874483,
        "Parallel park - control": 0.09181453815037997,
        "Parallel park - observation": 0.050243906954356536,
        "Reverse bay park - control": 0.09581331630150047,
        "Reverse bay park - observation": 0.03351753630835023,
        "Vehicle checks": 0.13650458656151362,
        "Forward bay park - control": 0.05849138689104255,
        "Forward bay park - observation": 0.01965140281210371,
        "Precautions": 0.003017596475151111,
        "Control - accelerator": 0.005192857737913416,
        "Control - clutch": 0.027723010561587665,
        "Control - gears": 0.14529819592161655,
        "Control - Footbrake": 0.06142567548804532,
        "Control - parking brake": 0.024242592541167975,
        "Control - steering": 0.34204363481528793,
        "Move off - safely": 0.4364222043264558,
        "Move off - control": 0.3020743661658938,
        "Mirrors - signalling": 0.23645552747771514,
        "Mirrors - change direction": 0.1748447233715624,
        "Mirrors - change speed": 0.17775124267584905,
        "Signals - necessary": 0.09917340072015032,
        "Signals - correctly": 0.16057130691547952,
        "Signals - timed": 0.10638416039543473,
        "Clearance / obstructions": 0.1526200327677654,
        "Response to traffic signs": 0.045106587801875354,
        "Response to road markings": 0.0534744013403312,
        "Response to traffic lights": 0.05525163607416252,
        "Response to traffic controllers": 0.0007034887488082345,
        "Response to road users": 0.024964594151786954,
        "Use of speed (too fast)": 0.17382651597197152,
        "Following distance": 0.07556950191145298,
        "Progress - speed (too slow)": 0.3804670795034851,
        "Progress - undue hesitation": 0.35505817666824024,
        "Junctions - approach speed": 0.11372451010339434,
        "Junctions - observation": 0.21881277017207704,
        "Junctions - turning right": 0.07148741588218414,
        "Junctions - turning left": 0.020410430146344173,
        "Junctions - cutting corners": 0.023789027426804773,
        "Judgement - overtaking": 0.011126229948256551,
        "Judgement - meeting": 0.10405153980728112,
        "Judgement - crossing": 0.0184202975016893,
        "Positioning - normal driving": 0.17034609795155184,
        "Positioning - lane discipline": 0.047365156942786,
        "Pedestrian crossing": 0.02100284172428795,
        "Position - normal stops": 0.16163579646959725,
        "Awareness / planning": 0.12284209454518527,
        "Ancillary controls": 0.007506965464256292
    },
    "fails": {
        "Eyesight": 0.00019438504901280165,
        "Emergency stop": 0.003776623809391575,
        "Reverse right - control": 0.005535345681412161,
        "Reverse right - observation": 0.01357918413818,
        "Parallel park - control": 0.019956865031980967,
        "Parallel park - observation": 0.016680088491479457,
        "Reverse bay park - control": 0.013366286227356456,
        "Reverse bay park - observation": 0.008303018522118242,
        "Vehicle checks": 0.004767061916266326,
        "Forward bay park - control": 0.005887090055816278,
        "Forward bay park - observation": 0.004896651948941527,
        "Precautions": 0.0001481028944859441,
        "Control - accelerator": 0.00016661575629668712,
        "Control - clutch": 0.0002499236344450307,
        "Control - gears": 0.010700434126609462,
        "Control - Footbrake": 0.002230799848194533,
        "Control - parking brake": 0.001518054668480927,
        "Control - steering": 0.04279248007553248,
        "Move off - safely": 0.05015134264530283,
        "Move off - control": 0.03347125415382337,
        "Mirrors - signalling": 0.004905908379846898,
        "Mirrors - change direction": 0.08944489183860486,
        "Mirrors - change speed": 0.019410735608564048,
        "Signals - necessary": 0.005377986356020845,
        "Signals - correctly": 0.013097849731100682,
        "Signals - timed": 0.0024899799135449352,
        "Clearance / obstructions": 0.02721390686179223,
        "Response to traffic signs": 0.044458637638499346,
        "Response to road markings": 0.04102450177260652,
        "Response to traffic lights": 0.047476234113650456,
        "Response to traffic controllers": 0.0001295900326752011,
        "Response to road users": 0.005257652754251016,
        "Use of speed (too fast)": 0.03840493182638638,
        "Following distance": 0.007747632667795951,
        "Progress - speed (too slow)": 0.03130524932196643,
        "Progress - undue hesitation": 0.024103746077587404,
        "Junctions - approach speed": 0.007942017716808752,
        "Junctions - observation": 0.10941101330149121,
        "Junctions - turning right": 0.0454490757453741,
        "Junctions - turning left": 0.004165393907417178,
        "Junctions - cutting corners": 0.0037303416548647174,
        "Judgement - overtaking": 0.006303629446557996,
        "Judgement - meeting": 0.028657910083030185,
        "Judgement - crossing": 0.019447761332185537,
        "Positioning - normal driving": 0.0384327011191025,
        "Positioning - lane discipline": 0.009969176085085112,
        "Pedestrian crossing": 0.015226828839336128,
        "Position - normal stops": 0.008589967880184759,
        "Awareness / planning": 0.01824442531448724,
        "Ancillary controls": 0.0005553858543222905
    },
    "maneuvres": [
        {
            "name": "Forward bay park",
            "frequency": 0.20752918089842917,
            "pass": 0.49652096342551294,
            "maneuvre_fails": 0.04950936663693131
        },
        {
            "name": "Reverse bay park",
            "frequency": 0.24860922125646792,
            "pass": 0.4674584853674883,
            "maneuvre_fails": 0.08209844366669149
        },
        {
            "name": "Parallel park",
            "frequency": 0.26421556376292427,
            "pass": 0.4985636210762332,
            "maneuvre_fails": 0.12706698430493274
        },
        {
            "name": "Reverse right",
            "frequency": 0.2730184295539326,
            "pass": 0.4728937107984404,
            "maneuvre_fails": 0.0679437192744533
        },
        {
            "name": "Emergency stop",
            "frequency": 0.2843205316893912,
            "pass": 0.5792746451360854,
            "maneuvre_fails": 0.01328297955462951
        }
    ],
    "totalTestCount": 108033,
    "dailyTestCount": 502.47906976744184,
    "pass": 0.4800940453379986,
    "dangerous_count": 0.07693019725454259,
    "serious_count": 0.8849610767080429,
    "minor_count": 5.311210463469496,
    "dangerous_any": 0.06946951394481315,
    "serious_any": 0.4984402913924449,
    "minor_any": 0.9734988383179214,
    "first_attempt": 0.4814547406810882,
    "attempts": 2.127220386363426,
    "times": [
        {
            "dayType": "Mon-Fri",
            "time": "12:00-13:00",
            "pass": 0.4800325513080068,
            "dailyTests": 656.1376744186047
        },
        {
            "dayType": "Saturday",
            "time": "12:00-13:00",
            "pass": 0.4777869529314616,
            "dailyTests": 197.13953488372093
        },
        {
            "dayType": "Sunday",
            "time": "12:00-13:00",
            "pass": 0.49670510708401977,
            "dailyTests": 39.52558139534884
        },
        {
            "dayType": "Mon-Fri",
            "pass": 0.4800325513080068,
            "dailyTests": 656.1376744186047,
            "time": "All times"
        },
        {
            "dayType": "Saturday",
            "pass": 0.4777869529314616,
            "dailyTests": 197.13953488372093,
            "time": "All times"
        },
        {
            "dayType": "Sunday",
            "pass": 0.49670510708401977,