{
    "minors": {
        "Eyesight": 0.0,
        "Emergency stop": 0.01588115913600459,
        "Reverse right - control": 0.030268508529050074,
        "Reverse right - observation": 0.04630055753808083,
        "Parallel park - control": 0.07415482809871216,
        "Parallel park - observation": 0.04186439527111138,
        "Reverse bay park - control": 0.10956113680430338,
        "Reverse bay park - observation": 0.03821286034387802,
        "Vehicle checks": 0.13833583559039436,
        "Forward bay park - control": 0.055082348148204036,
        "Forward bay park - observation": 0.018272763623469412,
        "Precautions": 0.003221498789108769,
        "Control - accelerator": 0.004949187835258437,
        "Control - clutch": 0.02663206258911933,
        "Control - gears": 0.14661968961953117,
        "Control - Footbrake": 0.06293616603921628,
        "Control - parking brake": 0.025183519808068083,
        "Control - steering": 0.3459376673934529,
        "Move off - safely": 0.431092367235773,
        "Move off - control": 0.30181746852060026,
        "Mirrors - signalling": 0.23114065199514133,
        "Mirrors - change direction": 0.15623137453129834,
        "Mirrors - change speed": 0.17762001403275818,
        "Signals - necessary": 0.09519642089221182,
        "Signals - correctly": 0.15694055693452133,
        "Signals - timed": 0.10514760801828785,
        "Clearance / obstructions": 0.1544357850422869,
        "Response to traffic signs": 0.040453574958316675,
        "Response to road markings": 0.04879024044301267,
        "Response to traffic lights": 0.04766611088896769,
        "Response to traffic controllers": 0.00101850664292666,
        "Response to road users": 0.02310123956030691,
        "Use of speed (too fast)": 0.1639418470429357,
        "Following distance": 0.06799097678559303,
        "Progress - speed (too slow)": 0.40308720680211546,
        "Progress - undue hesitation": 0.38182682369272786,
        "Junctions - approach speed": 0.11576271058567904,
        "Junctions - observation": 0.22264555214376788,
        "Junctions - turning right": 0.06938670811108512,
        "Junctions - turning left": 0.021366006020505934,
        "Junctions - cutting corners": 0.025998325122409408,
        "Judgement - overtaking": 0.010524568643575486,
        "Judgement - meeting": 0.11644925950794813,
        "Judgement - crossing": 0.019434615645770936,
        "Positioning - normal driving": 0.15951322926961756,
        "Positioning - lane discipline": 0.04013670622496171,
        "Pedestrian crossing": 0.022542947030110075,
        "Position - normal stops": 0.1601545112299788,
        "Awareness / planning": 0.12508016024504515,
        "Ancillary controls": 0.007763283967196542
    },
    "fails": {
        "Eyesight": 0.00018861234128271482,
        "Emergency stop": 0.0027990071446354877,
        "Reverse right - control": 0.006156306819467812,
        "Reverse right - observation": 0.014274181988275857,
        "Parallel park - control": 0.01682422084241816,
        "Parallel park - observation": 0.01388186831840781,
        "Reverse bay park - control": 0.014613684202584744,
        "Reverse bay park - observation": 0.009460795038740975,
        "Vehicle checks": 0.0042852723939432805,
        "Forward bay park - control": 0.00530377903686994,
        "Forward bay park - observation": 0.0047228530257191785,
        "Precautions": 9.05339238157031e-05,
        "Control - accelerator": 0.0001810678476314062,
        "Control - clutch": 0.00022633480953925778,
        "Control - gears": 0.01077353693406867,
        "Control - Footbrake": 0.0021577251842742574,
        "Control - parking brake": 0.002059646766807246,
        "Control - steering": 0.043282760077557395,
        "Move off - safely": 0.051204478411431414,
        "Move off - control": 0.03238096675141648,
        "Mirrors - signalling": 0.004896376379699276,
        "Mirrors - change direction": 0.07591269511946706,
        "Mirrors - change speed": 0.02026450994741488,
        "Signals - necessary": 0.005477302390850038,
        "Signals - correctly": 0.013383931737421443,
        "Signals - timed": 0.002202992146182109,
        "Clearance / obstructions": 0.027401600941552806,
        "Response to traffic signs": 0.03990282692177115,
        "Response to road markings": 0.03552702060401216,
        "Response to traffic lights": 0.040966600526605654,
        "Response to traffic controllers": 0.0003998581635193554,
        "Response to road users": 0.0051679781511463855,
        "Use of speed (too fast)": 0.036507804778682276,
        "Following distance": 0.007325703335420643,
        "Progress - speed (too slow)": 0.033482462824507536,
        "Progress - undue hesitation": 0.0257267233509623,
        "Junctions - approach speed": 0.008344209978347302,
        "Junctions - observation": 0.11415573343795031,
        "Junctions - turning right": 0.04508589406022015,
        "Junctions - turning left": 0.004360717330456366,
        "Junctions - cutting corners": 0.004534240684436464,
        "Judgement - overtaking": 0.005869616060718085,
        "Judgement - meeting": 0.031845307702173566,
        "Judgement - crossing": 0.01967603944261281,
        "Positioning - normal driving": 0.036311647943748256,
        "Positioning - lane discipline": 0.010049265543543046,
        "Pedestrian crossing": 0.01462877318988736,
        "Position - normal stops": 0.009128837318083397,
        "Awareness / planning": 0.01816714071235109,
        "Ancillary controls": 0.0005432035428942186
    },
    "maneuvres": [
        {
            "name": "Forward bay park",
            "frequency": 0.19678302790708202,
            "pass": 0.5009776482766553,
            "maneuvre_fails": 0.04865237894413986
        },
        {
            "name": "Reverse bay park",
            "frequency": 0.28392192957969625,
            "pass": 0.4734940079185821,
            "maneuvre_fails": 0.08104589057476151
        },
        {
            "name": "Parallel park",
            "frequency": 0.21772654228311467,
            "pass": 0.4969333656744863,
            "maneuvre_fails": 0.12973422502512214
        },
        {
            "name": "Reverse right",
            "frequency": 0.29463511056455444,
            "pass": 0.4848539164724861,
            "maneuvre_fails": 0.06736998438020127
        },
        {
            "name": "Emergency stop",
            "frequency": 0.2325137498396795,
            "pass": 0.5797073234043933,
            "maneuvre_fails": 0.012038028488919173
        }
    ],
    "totalTestCount": 132547,
    "dailyTestCount": 616.4976744186047,
    "pass": 0.4840698016552619,
    "dangerous_count": 0.07377760341614673,
    "serious_count": 0.8632183301017752,
    "minor_count": 5.287671542924397,
    "dangerous_any": 0.06686684723154805,
    "serious_any": 0.49359849713686466,
    "minor_any": 0.9719872950726912,
    "first_attempt": 0.4922103103050239,
    "attempts": 2.0938912234905356,
    "times": [
        {
            "dayType": "Mon-Fri",
            "time": "14:00-15:00",
            "pass": 0.4829816309667578,
            "dailyTests": 819.5795348837207
        },
        {
            "dayType": "Saturday",
            "time": "14:00-15:00",
            "pass": 0.5073610599926389,
            "dailyTests": 176.92093023255813
        },
        {
            "dayType": "Sunday",
            "time": "14:00-15:00",
            "pass": 0.4923939151321057,
            "dailyTests": 40.665116279069764
        },
        {
            "dayType": "Mon-Fri",
            "pass": 0.4829816309667578,
            "dailyTests": 819.5795348837207,
            "time": "All times"
        },
        {
            "dayType": "Saturday",
            "pass": 0.5073610599926389,
            "dailyTests": 176.92093023255813,
            "time": "All times"
        },
        {
            "dayType": "Sunday",
            "pass": 0.4923939151321057,