{
    "minors": {
        "Eyesight": 0.0,
        "Emergency stop": 0.007662835249042145,
        "Reverse right - control": 0.01532567049808429,
        "Reverse right - observation": 0.0421455938697318,
        "Parallel park - control": 0.08045977011494253,
        "Parallel park - observation": 0.06130268199233716,
        "Reverse bay park - control": 0.12643678160919541,
        "Reverse bay park - observation": 0.034482758620689655,
        "Vehicle checks": 0.12260536398467432,
        "Forward bay park - control": 0.06130268199233716,
        "Forward bay park - observation": 0.02681992337164751,
        "Precautions": 0.0,
        "Control - accelerator": 0.0,
        "Control - clutch": 0.022988505747126436,
        "Control - gears": 0.13026819923371646,
        "Control - Footbrake": 0.08045977011494253,
        "Control - parking brake": 0.04597701149425287,
        "Control - steering": 0.4329501915708812,
        "Move off - safely": 0.41762452107279696,
        "Move off - control": 0.2260536398467433,
        "Mirrors - signalling": 0.1724137931034483,
        "Mirrors - change direction": 0.22988505747126436,
        "Mirrors - change speed": 0.17624521072796934,
        "Signals - necessary": 0.0842911877394636,
        "Signals - correctly": 0.1724137931034483,
        "Signals - timed": 0.13026819923371646,
        "Clearance / obstructions": 0.1417624521072797,
        "Response to traffic signs": 0.04980842911877394,
        "Response to road markings": 0.02681992337164751,
        "Response to traffic lights": 0.04980842911877394,
        "Response to traffic controllers": 0.0,
        "Response to road users": 0.038314176245210725,
        "Use of speed (too fast)": 0.23371647509578544,
        "Following distance": 0.034482758620689655,
        "Progress - speed (too slow)": 0.5172413793103449,
        "Progress - undue hesitation": 0.32567049808429116,
        "Junctions - approach speed": 0.09578544061302682,
        "Junctions - observation": 0.2222222222222222,
        "Junctions - turning right": 0.08812260536398467,
        "Junctions - turning left": 0.04980842911877394,
        "Junctions - cutting corners": 0.022988505747126436,
        "Judgement - overtaking": 0.0,
        "Judgement - meeting": 0.07279693486590039,
        "Judgement - crossing": 0.02681992337164751,
        "Positioning - normal driving": 0.13793103448275862,
        "Positioning - lane discipline": 0.04980842911877394,
        "Pedestrian crossing": 0.01532567049808429,
        "Position - normal stops": 0.13793103448275862,
        "Awareness / planning": 0.15708812260536398,
        "Ancillary controls": 0.011494252873563218
    },
    "fails": {
        "Eyesight": 0.0,
        "Emergency stop": 0.0,
        "Reverse right - control": 0.011494252873563218,
        "Reverse right - observation": 0.007662835249042145,
        "Parallel park - control": 0.01532567049808429,
        "Parallel park - observation": 0.011494252873563218,
        "Reverse bay park - control": 0.019157088122605363,
        "Reverse bay park - observation": 0.007662835249042145,
        "Vehicle checks": 0.0038314176245210726,
        "Forward bay park - control": 0.011494252873563218,
        "Forward bay park - observation": 0.0,
        "Precautions": 0.0,
        "Control - accelerator": 0.0,
        "Control - clutch": 0.0,
        "Control - gears": 0.0038314176245210726,
        "Control - Footbrake": 0.0,
        "Control - parking brake": 0.007662835249042145,
        "Control - steering": 0.06896551724137931,
        "Move off - safely": 0.038314176245210725,
        "Move off - control": 0.02681992337164751,
        "Mirrors - signalling": 0.0038314176245210726,
        "Mirrors - change direction": 0.0421455938697318,
        "Mirrors - change speed": 0.038314176245210725,
        "Signals - necessary": 0.011494252873563218,
        "Signals - correctly": 0.011494252873563218,
        "Signals - timed": 0.007662835249042145,
        "Clearance / obstructions": 0.019157088122605363,
        "Response to traffic signs": 0.0421455938697318,
        "Response to road markings": 0.0421455938697318,
        "Response to traffic lights": 0.0421455938697318,
        "Response to traffic controllers": 0.0,
        "Response to road users": 0.0038314176245210726,
        "Use of speed (too fast)": 0.038314176245210725,
        "Following distance": 0.0,
        "Progress - speed (too slow)": 0.022988505747126436,
        "Progress - undue hesitation": 0.019157088122605363,
        "Junctions - approach speed": 0.0038314176245210726,
        "Junctions - observation": 0.10727969348659004,
        "Junctions - turning right": 0.07662835249042145,
        "Junctions - turning left": 0.0038314176245210726,
        "Junctions - cutting corners": 0.0,
        "Judgement - overtaking": 0.0038314176245210726,
        "Judgement - meeting": 0.022988505747126436,
        "Judgement - crossing": 0.011494252873563218,
        "Positioning - normal driving": 0.06513409961685823,
        "Positioning - lane discipline": 0.007662835249042145,
        "Pedestrian crossing": 0.0038314176245210726,
        "Position - normal stops": 0.0038314176245210726,
        "Awareness / planning": 0.01532567049808429,
        "Ancillary controls": 0.0
    },
    "maneuvres": [
        {
            "name": "Forward bay park",
            "frequency": 0.22988505747126436,
            "pass": 0.55,
            "maneuvre_fails": 0.05
        },
        {
            "name": "Reverse bay park",
            "frequency": 0.3333333333333333,
            "pass": 0.4942528735632184,
            "maneuvre_fails": 0.08045977011494253
        },
        {
            "name": "Parallel park",
            "frequency": 0.23371647509578544,
            "pass": 0.5573770491803278,
            "maneuvre_fails": 0.08196721311475409
        },
        {
            "name": "Reverse right",
            "frequency": 0.20306513409961685,
            "pass": 0.4339622641509434,
            "maneuvre_fails": 0.09433962264150944
        },
        {
            "name": "Emergency stop",
            "frequency": 0.2260536398467433,
            "pass": 0.6610169491525424,
            "maneuvre_fails": 0.0
        }
    ],
    "totalTestCount": 261,
    "dailyTestCount": 1.213953488372093,
    "pass": 0.5095785440613027,
    "dangerous_count": 0.05747126436781609,
    "serious_count": 0.8544061302681992,
    "minor_count": 5.406130268199234,
    "dangerous_any": 0.05747126436781609,
    "serious_any": 0.4789272030651341,
    "minor_any": 0.9846743295019157,
    "first_attempt": 0.3218390804597701,
    "attempts": 2.471264367816092,
    "times": [
        {
            "dayType": "Mon-Fri",
            "time": "17:00-18:00",
            "pass": 0.5,
            "dailyTests": 1.4325581395348839
        },
        {
            "dayType": "Saturday",
            "time": "17:00-18:00",
            "pass": 0.5625,
            "dailyTests": 0.5209302325581395
        },
        {
            "dayType": "Sunday",
            "time": "17:00-18:00",
            "pass": 0.56,
            "dailyTests": 0.813953488372093
        },
        {
            "dayType": "Mon-Fri",
            "pass": 0.5,
            "dailyTests": 1.4325581395348839,
            "time": "All times"
        },
        {
            "dayType": "Saturday",
            "pass": 0.5625,
            "dailyTests": 0.5209302325581395,
            "time": "All times"
        },
        {
            "dayType": "Sunday",
            "pass": 0.56,
            "dailyTests": 0.813953488372093,
            "time": "All times"
        }
    ],
    "name": "1700-1800"
}