{
    "minors": {
        "Eyesight": 0.0,
        "Emergency stop": 0.023460717424971748,
        "Reverse right - Control": 0.027949855594156796,
        "Reverse right - Observation": 0.04264158051148968,
        "Parallel park - Control": 0.08866832698505714,
        "Parallel park - Observations": 0.048935791720731654,
        "Reverse bay park - Control": 0.09795006487798753,
        "Reverse bay park - Observations": 0.036336905110711144,
        "Vehicle checks": 0.14395065087271358,
        "Forward park - control": 0.06685571972709388,
        "Forward park - observation": 0.022853794315851158,
        "Precautions": 0.0031497216525051275,
        "Control - accelerator": 0.004117659369637102,
        "Control - clutch": 0.02643254782135532,
        "Control - gears": 0.1379860616968733,
        "Control - Footbrake": 0.05664790088317777,
        "Control - parking brake": 0.023434556946130343,
        "Control - steering": 0.33990833368213974,
        "Move off - safely": 0.436288769829643,
        "Move off - control": 0.29004122891465406,
        "Mirrors - signalling": 0.22605269766857813,
        "Mirrors - change direction": 0.17130404754928635,
        "Mirrors - change speed": 0.16660039345360178,
        "Signals - necessary": 0.09696119877778243,
        "Signals - correctly": 0.15872085722657067,
        "Signals - timed": 0.10568833451927503,
        "Clearance / obstructions": 0.1441913272780545,
        "Response to traffic signs": 0.04328512829098824,
        "Response to road markings": 0.05346155456029467,
        "Response to traffic lights": 0.0528232388765644,
        "Response to traffic controllers": 0.0008946883763760412,
        "Response to road users": 0.021948641747938553,
        "Use of speed (too fast)": 0.15389686492821564,
        "Following distance": 0.0651238960277929,
        "Progress - speed (too slow)": 0.41929492277426644,
        "Progress - undue hesitation": 0.34931564187350883,
        "Junctions - approach speed": 0.10507617931438618,
        "Junctions - observation": 0.20820078690720356,
        "Junctions - turning right": 0.07064898915909756,
        "Junctions - turning left": 0.021247540914988906,
        "Junctions - cutting corners": 0.026542421832489223,
        "Judgement - overtaking": 0.011405968774852455,
        "Judgement - meeting": 0.093508015570717,
        "Judgement - crossing": 0.018123979741325184,
        "Positioning - normal driving": 0.16468021430664267,
        "Positioning - lane discipline": 0.04610522791009167,
        "Pedestrian crossing": 0.01987149972793102,
        "Position - normal stops": 0.16832698505713448,
        "Awareness/planning": 0.11654493323845799,
        "Ancillary controls": 0.008177765685823114
    },
    "fails": {
        "Eyesight": 0.00027730107571888996,
        "Emergency stop": 0.0042798543384538115,
        "Reverse right - Control": 0.005671591812816542,
        "Reverse right - Observation": 0.011918714160143987,
        "Parallel park - Control": 0.018955882968481854,
        "Parallel park - Observations": 0.01526725545184379,
        "Reverse bay park - Control": 0.013718555104432631,
        "Reverse bay park - Observations": 0.008198694068896237,
        "Vehicle checks": 0.0050908291825373575,
        "Forward park - control": 0.00588610773931606,
        "Forward park - observation": 0.0053367376836465615,
        "Precautions": 8.371353229249508e-05,
        "Control - accelerator": 0.00015696287304842828,
        "Control - clutch": 0.00021451592649951865,
        "Control - gears": 0.009815411661295048,
        "Control - Footbrake": 0.0019881963919467583,
        "Control - parking brake": 0.001559164538947721,
        "Control - steering": 0.04045979657611653,
        "Move off - safely": 0.048412582143903565,
        "Move off - control": 0.028844543970532835,
        "Mirrors - signalling": 0.004426353019965678,
        "Mirrors - change direction": 0.08290778954417982,
        "Mirrors - change speed": 0.01632413879703654,
        "Signals - necessary": 0.005300113013268595,
        "Signals - correctly": 0.011583860030974008,
        "Signals - timed": 0.002181783935373153,
        "Clearance / obstructions": 0.02458561801515215,
        "Response to traffic signs": 0.041987568540454566,
        "Response to road markings": 0.03901050604830271,
        "Response to traffic lights": 0.044043782177388975,
        "Response to traffic controllers": 0.00032438993763341846,
        "Response to road users": 0.004619940563392072,
        "Use of speed (too fast)": 0.03454229626219078,
        "Following distance": 0.006963919467581935,
        "Progress - speed (too slow)": 0.03364237579004646,
        "Progress - undue hesitation": 0.02131032606420828,
        "Junctions - approach speed": 0.00760746724708049,
        "Junctions - observation": 0.10050332761290863,
        "Junctions - turning right": 0.048067263823197016,
        "Junctions - turning left": 0.004253693859612407,
        "Junctions - cutting corners": 0.004300782721526935,
        "Judgement - overtaking": 0.005655895525511699,
        "Judgement - meeting": 0.024899543761249004,
        "Judgement - crossing": 0.01759553806872881,
        "Positioning - normal driving": 0.03733623540245281,
        "Positioning - lane discipline": 0.010113641120087061,
        "Pedestrian crossing": 0.013640073667908417,
        "Position - normal stops": 0.007806286886275166,
        "Awareness/planning": 0.015895106944037504,
        "Ancillary controls": 0.0005702984387426228
    },
    "maneuvres": [
        {
            "name": "Forward bay park",
            "frequency": 0.23262944204930727,
            "pass": 0.5223336781971122
        },
        {
            "name": "Reverse bay park",
            "frequency": 0.2508214390356201,
            "pass": 0.48747366444857004
        },
        {
            "name": "Parallel park",
            "frequency": 0.24978548407350049,
            "pass": 0.5101485096667435
        },
        {
            "name": "Reverse right",
            "frequency": 0.2613327194340965,
            "pass": 0.4886281733002322
        },
        {
            "name": "Emergency stop",
            "frequency": 0.32395044158888286,
            "pass": 0.583371018799664
        }
    ],
    "totalTestCount": 191128,
    "dailyTestCount": 888.9674418604651,
    "pass": 0.498901259888661,
    "dangerous_count": 0.06745217864467791,
    "serious_count": 0.8354401238960278,
    "minor_count": 5.225634130007116,
    "dangerous_any": 0.062078816290653385,
    "serious_any": 0.4808609936796283,
    "minor_any": 0.9730913314637311,
    "first_attempt": 0.47157402369092966,
    "attempts": 2.154608429952702
}