{
    "minors": {
        "Eyesight": 0.0,
        "Emergency stop": 0.019435748022946488,
        "Reverse right - control": 0.10509781212110245,
        "Reverse right - observation": 0.15979659421994608,
        "Parallel park - control": 0.0,
        "Parallel park - observation": 0.0,
        "Reverse bay park - control": 0.0,
        "Reverse bay park - observation": 0.0,
        "Vehicle checks": 0.13719394125843754,
        "Forward bay park - control": 0.0,
        "Forward bay park - observation": 0.0,
        "Precautions": 0.0030800412602471996,
        "Control - accelerator": 0.004310610036374165,
        "Control - clutch": 0.027210047232125084,
        "Control - gears": 0.14477279719140773,
        "Control - Footbrake": 0.06053312582565736,
        "Control - parking brake": 0.023818744457916357,
        "Control - steering": 0.35684322915724137,
        "Move off - safely": 0.42340252266599104,
        "Move off - control": 0.30192004922275106,
        "Mirrors - signalling": 0.2171085253080946,
        "Mirrors - change direction": 0.1668035976040102,
        "Mirrors - change speed": 0.1667022566459762,
        "Signals - necessary": 0.09704120595740061,
        "Signals - correctly": 0.15731374074811344,
        "Signals - timed": 0.1074322734758139,
        "Clearance / obstructions": 0.161331185870175,
        "Response to traffic signs": 0.04230261133932934,
        "Response to road markings": 0.05029045042436526,
        "Response to traffic lights": 0.052241263866519484,
        "Response to traffic controllers": 0.0008324435838505945,
        "Response to road users": 0.02278361895799779,
        "Use of speed (too fast)": 0.15921388371125064,
        "Following distance": 0.06938236305398215,
        "Progress - speed (too slow)": 0.4104887891565175,
        "Progress - undue hesitation": 0.3647188693244539,
        "Junctions - approach speed": 0.1114641958775946,
        "Junctions - observation": 0.20823033352033152,
        "Junctions - turning right": 0.0695416131308927,
        "Junctions - turning left": 0.020441918963426772,
        "Junctions - cutting corners": 0.024564324363452107,
        "Judgement - overtaking": 0.011639732894189183,
        "Judgement - meeting": 0.10551765323295753,
        "Judgement - crossing": 0.018212417886679093,
        "Positioning - normal driving": 0.16415787473533722,
        "Positioning - lane discipline": 0.04630195986174198,
        "Pedestrian crossing": 0.020868998715141425,
        "Position - normal stops": 0.1629454025588592,
        "Awareness / planning": 0.12142094500443366,
        "Ancillary controls": 0.008382344957382508
    },
    "fails": {
        "Eyesight": 0.0,
        "Emergency stop": 0.003662751768942616,
        "Reverse right - control": 0.021748493458079228,
        "Reverse right - observation": 0.04700048860819052,
        "Parallel park - control": 0.0,
        "Parallel park - observation": 0.0,
        "Reverse bay park - control": 0.0,
        "Reverse bay park - observation": 0.0,
        "Vehicle checks": 0.005219059338750249,
        "Forward bay park - control": 0.0,
        "Forward bay park - observation": 0.0,
        "Precautions": 0.00011581823775312618,
        "Control - accelerator": 0.00020268191606797082,
        "Control - clutch": 0.00024973307515517833,
        "Control - gears": 0.011049783745634196,
        "Control - Footbrake": 0.00234169999457102,
        "Control - parking brake": 0.001664887167701189,
        "Control - steering": 0.047206789844188274,
        "Move off - safely": 0.05139434300294975,
        "Move off - control": 0.03379359018440435,
        "Mirrors - signalling": 0.004372138475180513,
        "Mirrors - change direction": 0.0873160933060678,
        "Mirrors - change speed": 0.01817622468738124,
        "Signals - necessary": 0.005606326571237264,
        "Signals - correctly": 0.012892017589894859,
        "Signals - timed": 0.00225121699632639,
        "Clearance / obstructions": 0.029616894985432237,
        "Response to traffic signs": 0.045339220760419116,
        "Response to road markings": 0.04132539495828734,
        "Response to traffic lights": 0.04591831194918475,
        "Response to traffic controllers": 0.0003800285926274453,
        "Response to road users": 0.005255252538048101,
        "Use of speed (too fast)": 0.03679038708626649,
        "Following distance": 0.007767060569319025,
        "Progress - speed (too slow)": 0.035494670551403394,
        "Progress - undue hesitation": 0.024861108597694494,
        "Junctions - approach speed": 0.008751515590220598,
        "Junctions - observation": 0.11257894641596844,
        "Junctions - turning right": 0.04740947176025625,
        "Junctions - turning left": 0.004343183915742232,
        "Junctions - cutting corners": 0.0041260247199551205,
        "Judgement - overtaking": 0.006778986228487667,
        "Judgement - meeting": 0.02989196330009591,
        "Judgement - crossing": 0.020326100725673646,
        "Positioning - normal driving": 0.0406992526104345,
        "Positioning - lane discipline": 0.011096834904721404,
        "Pedestrian crossing": 0.01496950722959156,
        "Position - normal stops": 0.008396822237101649,
        "Awareness / planning": 0.018197940606959954,
        "Ancillary controls": 0.0006297616677826236
    },
    "maneuvres": [
        {
            "name": "Forward bay park",
            "frequency": 0.0,
            "pass": 1.0,
            "maneuvre_fails": 0
        },
        {
            "name": "Reverse bay park",
            "frequency": 0.0,
            "pass": 1.0,
            "maneuvre_fails": 0
        },
        {
            "name": "Parallel park",
            "frequency": 0.0,
            "pass": 1.0,
            "maneuvre_fails": 0
        },
        {
            "name": "Reverse right",
            "frequency": 1.0,
            "pass": 0.4811560107855734,
            "maneuvre_fails": 0.06646157187064551
        },
        {
            "name": "Emergency stop",
            "frequency": 0.29334226098916016,
            "pass": 0.5696553936507545,
            "maneuvre_fails": 0.012486273735641403
        }
    ],
    "totalTestCount": 276295,
    "dailyTestCount": 1285.093023255814,
    "pass": 0.4811560107855734,
    "dangerous_count": 0.07650156535586963,
    "serious_count": 0.8858357914547856,
    "minor_count": 5.107092057402414,
    "dangerous_any": 0.07000126676197542,
    "serious_any": 0.4966068875658264,
    "minor_any": 0.9705785482907762,
    "first_attempt": 0.48180748837293474,
    "attempts": 2.124634901102083,
    "times": [
        {
            "dayType": "Mon-Fri",
            "time": "06:00-07:00",
            "pass": 0.23076923076923078,
            "dailyTests": 0.08465116279069768
        },
        {
            "dayType": "Mon-Fri",
            "time": "07:00-08:00",
            "pass": 0.4807870064703552,
            "dailyTests": 49.312558139534886
        },
        {
            "dayType": "Mon-Fri",
            "time": "08:00-09:00",
            "pass": 0.4767292663011781,
            "dailyTests": 279.1209302325582
        },
        {
            "dayType": "Mon-Fri",
            "time": "09:00-10:00",
            "pass": 0.5037743042317957,
            "dailyTests": 170.8
        },
        {
            "dayType": "Mon-Fri",
            "time": "10:00-11:00",
            "pass": 0.487,
            "dailyTests": 227.906976744186
        },
        {
            "dayType": "Mon-Fri",
            "time": "11:00-12:00",
            "pass": 0.4794923216395154,
            "dailyTests": 237.02976744186043
        },
        {
            "dayType": "Mon-Fri",
            "time": "12:00-13:00",
            "pass": 0.47343205574912894,
            "dailyTests": 179.40837209302325
        },
        {
            "dayType": "Mon-Fri",
            "time": "13:00-14:00",
            "pass": 0.4757757053199601,