{
    "minors": {
        "Eyesight": 0.0,
        "Emergency stop": 0.022551965680890306,
        "Reverse right - control": 0.0,
        "Reverse right - observation": 0.0,
        "Parallel park - control": 0.0,
        "Parallel park - observation": 0.0,
        "Reverse bay park - control": 0.0,
        "Reverse bay park - observation": 0.0,
        "Vehicle checks": 0.1367085984291132,
        "Forward bay park - control": 0.2838124054462935,
        "Forward bay park - observation": 0.09603133483928461,
        "Precautions": 0.0031210494684268337,
        "Control - accelerator": 0.004003896130810519,
        "Control - clutch": 0.028582678797173234,
        "Control - gears": 0.14018195759849128,
        "Control - Footbrake": 0.05749279837523055,
        "Control - parking brake": 0.02394877002466168,
        "Control - steering": 0.3523221354112698,
        "Move off - safely": 0.39646861335046524,
        "Move off - control": 0.2907715582450832,
        "Mirrors - signalling": 0.2197873707334259,
        "Mirrors - change direction": 0.16397322446272772,
        "Mirrors - change speed": 0.1654487803867117,
        "Signals - necessary": 0.09888297100698402,
        "Signals - correctly": 0.15335419559405633,
        "Signals - timed": 0.10532816612438604,
        "Clearance / obstructions": 0.14717841377738172,
        "Response to traffic signs": 0.04302737653617392,
        "Response to road markings": 0.05327751642384929,
        "Response to traffic lights": 0.051644457339440036,
        "Response to traffic controllers": 0.0008621225623277309,
        "Response to road users": 0.02228255238016289,
        "Use of speed (too fast)": 0.15980353553146956,
        "Following distance": 0.07132406275257497,
        "Progress - speed (too slow)": 0.3916730565975173,
        "Progress - undue hesitation": 0.3549002134582306,
        "Junctions - approach speed": 0.11260647006403747,
        "Junctions - observation": 0.2220007046194019,
        "Junctions - turning right": 0.0729695562970178,
        "Junctions - turning left": 0.021428719457857542,
        "Junctions - cutting corners": 0.025673015149317142,
        "Judgement - overtaking": 0.011365096470685761,
        "Judgement - meeting": 0.0969058918616459,
        "Judgement - crossing": 0.018257932149296417,
        "Positioning - normal driving": 0.16380328684226889,
        "Positioning - lane discipline": 0.044863531801131534,
        "Pedestrian crossing": 0.019978032453940687,
        "Position - normal stops": 0.16057861687356226,
        "Awareness / planning": 0.11836362505958178,
        "Ancillary controls": 0.00821917808219178
    },
    "fails": {
        "Eyesight": 0.0,
        "Emergency stop": 0.003958303110687418,
        "Reverse right - control": 0.0,
        "Reverse right - observation": 0.0,
        "Parallel park - control": 0.0,
        "Parallel park - observation": 0.0,
        "Reverse bay park - control": 0.0,
        "Reverse bay park - observation": 0.0,
        "Vehicle checks": 0.004820425673015149,
        "Forward bay park - control": 0.028027272915673637,
        "Forward bay park - observation": 0.023882452904482623,
        "Precautions": 9.533086025739333e-05,
        "Control - accelerator": 0.00013263424035811245,
        "Control - clutch": 0.00025283402068265184,
        "Control - gears": 0.009968292126914389,
        "Control - Footbrake": 0.002138727125774563,
        "Control - parking brake": 0.0017076658446106977,
        "Control - steering": 0.04297763869603963,
        "Move off - safely": 0.043993119598781424,
        "Move off - control": 0.02988000746067602,
        "Mirrors - signalling": 0.004223571591403644,
        "Mirrors - change direction": 0.08258968354299215,
        "Mirrors - change speed": 0.017068368806084595,
        "Signals - necessary": 0.005089838973742565,
        "Signals - correctly": 0.011584771931278885,
        "Signals - timed": 0.0021553064058193274,
        "Clearance / obstructions": 0.024860630427123703,
        "Response to traffic signs": 0.04146063457194371,
        "Response to road markings": 0.039715665347232296,
        "Response to traffic lights": 0.04300665243611796,
        "Response to traffic controllers": 0.00039375790106314636,
        "Response to road users": 0.004662922512589891,
        "Use of speed (too fast)": 0.034555364433299485,
        "Following distance": 0.007514558680289309,
        "Progress - speed (too slow)": 0.030352516941951797,
        "Progress - undue hesitation": 0.022547820860879118,
        "Junctions - approach speed": 0.008024371541665803,
        "Junctions - observation": 0.1109817006196506,
        "Junctions - turning right": 0.04747476840818188,
        "Junctions - turning left": 0.004530288272231778,
        "Junctions - cutting corners": 0.003937579010631464,
        "Judgement - overtaking": 0.005918802975980768,
        "Judgement - meeting": 0.026029469670279567,
        "Judgement - crossing": 0.01842786976975525,
        "Positioning - normal driving": 0.03634178185812281,
        "Positioning - lane discipline": 0.010768242389074255,
        "Pedestrian crossing": 0.013644747476840819,
        "Position - normal stops": 0.00809483348185605,
        "Awareness / planning": 0.017768843387975877,
        "Ancillary controls": 0.0006300126417010341
    },
    "maneuvres": [
        {
            "name": "Forward bay park",
            "frequency": 1.0,
            "pass": 0.5085072430729696,
            "maneuvre_fails": 0.04929019957308354
        },
        {
            "name": "Reverse bay park",
            "frequency": 0.0,
            "pass": 1.0,
            "maneuvre_fails": 0
        },
        {
            "name": "Parallel park",
            "frequency": 0.0,
            "pass": 1.0,
            "maneuvre_fails": 0
        },
        {
            "name": "Reverse right",
            "frequency": 0.0,
            "pass": 1.0,
            "maneuvre_fails": 0
        },
        {
            "name": "Emergency stop",
            "frequency": 0.3251528402379127,
            "pass": 0.5928513155211095,
            "maneuvre_fails": 0.012173669182133388
        }
    ],
    "totalTestCount": 241265,
    "dailyTestCount": 1122.1627906976744,
    "pass": 0.5085072430729696,
    "dangerous_count": 0.06973659668828881,
    "serious_count": 0.8108469939692868,
    "minor_count": 5.13575943464655,
    "dangerous_any": 0.06407891737301308,
    "serious_any": 0.470130354589352,
    "minor_any": 0.9721675336248523,
    "first_attempt": 0.48222908420201854,
    "attempts": 2.1122624500031084,
    "times": [
        {
            "dayType": "Mon-Fri",
            "time": "06:00-07:00",
            "pass": 0.6666666666666666,
            "dailyTests": 0.07813953488372093
        },
        {
            "dayType": "Mon-Fri",
            "time": "07:00-08:00",
            "pass": 0.4968803176403857,
            "dailyTests": 68.88000000000001
        },
        {
            "dayType": "Mon-Fri",
            "time": "08:00-09:00",
            "pass": 0.5091388692726291,
            "dailyTests": 313.5088372093023
        },
        {
            "dayType": "Mon-Fri",
            "time": "09:00-10:00",
            "pass": 0.5326852162252765,
            "dailyTests": 174.81767441860467
        },
        {
            "dayType": "Mon-Fri",
            "time": "10:00-11:00",
            "pass": 0.5123001036790349,
            "dailyTests": 207.25860465116278
        },
        {
            "dayType": "Mon-Fri",
            "time": "11:00-12:00",
            "pass": 0.5001710805447205,
            "dailyTests": 190.30883720930234
        },
        {
            "dayType": "Mon-Fri",
            "time": "12:00-13:00",
            "pass": 0.4964495360727135,
            "dailyTests": 137.55162790697676
        },
        {
            "dayType": "Mon-Fri",
            "time": "13:00-14:00",
            "pass": 0.5056437878727871,