{
    "minors": {
        "Eyesight": 0.0,
        "Emergency stop": 0.021733822880377115,
        "Reverse right - Control": 0.02828824429774727,
        "Reverse right - Observation": 0.04287136243696769,
        "Parallel park - Control": 0.08736724479543256,
        "Parallel park - Observations": 0.04761815330585109,
        "Reverse bay park - Control": 0.09758387875259407,
        "Reverse bay park - Observations": 0.03526992384475975,
        "Vehicle checks": 0.14343196266421268,
        "Forward park - control": 0.06610763148751561,
        "Forward park - observation": 0.02267285173673387,
        "Precautions": 0.0030471486388776725,
        "Control - accelerator": 0.004666973416093076,
        "Control - clutch": 0.02739147173992657,
        "Control - gears": 0.14328171804719558,
        "Control - Footbrake": 0.05994290704553351,
        "Control - parking brake": 0.02366352718019025,
        "Control - steering": 0.3492530025447682,
        "Move off - safely": 0.436028659160696,
        "Move off - control": 0.2982919065102871,
        "Mirrors - signalling": 0.22657357760603983,
        "Mirrors - change direction": 0.17131172940944475,
        "Mirrors - change speed": 0.17178593898190492,
        "Signals - necessary": 0.09824589409632559,
        "Signals - correctly": 0.15544683688129737,
        "Signals - timed": 0.10859399209337703,
        "Clearance / obstructions": 0.15357816945714742,
        "Response to traffic signs": 0.04141117256533293,
        "Response to road markings": 0.052529274224596925,
        "Response to traffic lights": 0.05310677697125633,
        "Response to traffic controllers": 0.0008779919806935667,
        "Response to road users": 0.02346633112035533,
        "Use of speed (too fast)": 0.15706666165851277,
        "Following distance": 0.07150704741156695,
        "Progress - speed (too slow)": 0.4050782680551773,
        "Progress - undue hesitation": 0.362784408364869,
        "Junctions - approach speed": 0.10876301728752125,
        "Junctions - observation": 0.21284967087038584,
        "Junctions - turning right": 0.07029100504258495,
        "Junctions - turning left": 0.020949733785319224,
        "Junctions - cutting corners": 0.025053289887598244,
        "Judgement - overtaking": 0.011888105321476529,
        "Judgement - meeting": 0.10207713183026114,
        "Judgement - crossing": 0.017949536589259386,
        "Positioning - normal driving": 0.1636304733644465,
        "Positioning - lane discipline": 0.04594198679725428,
        "Pedestrian crossing": 0.02092156291962852,
        "Position - normal stops": 0.16529255444019794,
        "Awareness/planning": 0.12285314527715437,
        "Ancillary controls": 0.008183636483149128
    },
    "fails": {
        "Eyesight": 0.00028170865690702675,
        "Emergency stop": 0.004188068699351131,
        "Reverse right - Control": 0.005765637178030481,
        "Reverse right - Observation": 0.012446827491008798,
        "Parallel park - Control": 0.019527105067938737,
        "Parallel park - Observations": 0.015522146995577173,
        "Reverse bay park - Control": 0.014090127989633121,
        "Reverse bay park - Observations": 0.008099123886077019,
        "Vehicle checks": 0.005056670391481131,
        "Forward park - control": 0.006840825218558966,
        "Forward park - observation": 0.005840759486539021,
        "Precautions": 0.00011737860704459448,
        "Control - accelerator": 0.00019250091555313495,
        "Control - clutch": 0.0002676232240616754,
        "Control - gears": 0.01069553867390345,
        "Control - Footbrake": 0.002089339205393782,
        "Control - parking brake": 0.0017372033842599983,
        "Control - steering": 0.04417661254730358,
        "Move off - safely": 0.050087799198069355,
        "Move off - control": 0.0317814316433944,
        "Mirrors - signalling": 0.0043336181720864285,
        "Mirrors - change direction": 0.08360643422572375,
        "Mirrors - change speed": 0.017958926877822957,
        "Signals - necessary": 0.005549660541068427,
        "Signals - correctly": 0.01196322762998507,
        "Signals - timed": 0.002356962429455457,
        "Clearance / obstructions": 0.027029945630229216,
        "Response to traffic signs": 0.04123275708262515,
        "Response to road markings": 0.03912463730010423,
        "Response to traffic lights": 0.043561548646389905,
        "Response to traffic controllers": 0.0004178678410787563,
        "Response to road users": 0.0049580723615636705,
        "Use of speed (too fast)": 0.034514005615392564,
        "Following distance": 0.007418327965218371,
        "Progress - speed (too slow)": 0.03342003699773694,
        "Progress - undue hesitation": 0.023931150404251922,
        "Junctions - approach speed": 0.008066257876104533,
        "Junctions - observation": 0.10888509103884762,
        "Junctions - turning right": 0.04497478707520682,
        "Junctions - turning left": 0.004357093893495347,
        "Junctions - cutting corners": 0.004028433793770482,
        "Judgement - overtaking": 0.005986308959274319,
        "Judgement - meeting": 0.02771543669536965,
        "Judgement - crossing": 0.018836918858516523,
        "Positioning - normal driving": 0.03697426121904726,
        "Positioning - lane discipline": 0.010963161897965125,
        "Pedestrian crossing": 0.014282628905186256,
        "Position - normal stops": 0.008254063647375885,
        "Awareness/planning": 0.01824063553472998,
        "Ancillary controls": 0.0006197590451954588
    },
    "maneuvres": [
        {
            "name": "Forward bay park",
            "frequency": 0.23191665179870977,
            "pass": 0.5078246786111955
        },
        {
            "name": "Reverse bay park",
            "frequency": 0.2483261810635441,
            "pass": 0.4753261486103233
        },
        {
            "name": "Parallel park",
            "frequency": 0.24754678711276798,
            "pass": 0.4979515969956756
        },
        {
            "name": "Reverse right",
            "frequency": 0.2660409604387143,
            "pass": 0.4818135291107072
        },
        {
            "name": "Emergency stop",
            "frequency": 0.31146178622069054,
            "pass": 0.5723804211827487
        }
    ],
    "totalTestCount": 212986,
    "dailyTestCount": 990.6325581395349,
    "pass": 0.48725737841923883,
    "dangerous_count": 0.07307053045740096,
    "serious_count": 0.8641788662165588,
    "minor_count": 5.288521311259895,
    "dangerous_any": 0.06644098673152225,
    "serious_any": 0.491140262740274,
    "minor_any": 0.9733174950466228,
    "first_attempt": 0.493530091179702,
    "attempts": 2.095325514353056
}