{
    "minors": {
        "Eyesight": 0.0,
        "Emergency stop": 0.02963929987428682,
        "Reverse right - control": 0.0223382651581085,
        "Reverse right - observation": 0.03442607097959578,
        "Parallel park - control": 0.08575089449763079,
        "Parallel park - observation": 0.04767430615994585,
        "Reverse bay park - control": 0.11256164780968958,
        "Reverse bay park - observation": 0.03841504690068659,
        "Vehicle checks": 0.16860071559810463,
        "Forward bay park - control": 0.082704767430616,
        "Forward bay park - observation": 0.026810753312058795,
        "Precautions": 0.00222415627115366,
        "Control - accelerator": 0.0024900879992263802,
        "Control - clutch": 0.023111884730683686,
        "Control - gears": 0.11319021371240692,
        "Control - Footbrake": 0.05137317474132096,
        "Control - parking brake": 0.01900203075137801,
        "Control - steering": 0.35185185185185186,
        "Move off - safely": 0.44299390774586594,
        "Move off - control": 0.23866163813944494,
        "Mirrors - signalling": 0.21646842665119428,
        "Mirrors - change direction": 0.17258969151919543,
        "Mirrors - change speed": 0.16287109563871965,
        "Signals - necessary": 0.1019969055217097,
        "Signals - correctly": 0.15612609999032975,
        "Signals - timed": 0.11043419398510783,
        "Clearance / obstructions": 0.1328933372014312,
        "Response to traffic signs": 0.04421719369500048,
        "Response to road markings": 0.05197756503239532,
        "Response to traffic lights": 0.05376656029397544,
        "Response to traffic controllers": 0.0005318634561454405,
        "Response to road users": 0.021975630983463883,
        "Use of speed (too fast)": 0.1539019437191761,
        "Following distance": 0.05480611159462334,
        "Progress - speed (too slow)": 0.4593366212165168,
        "Progress - undue hesitation": 0.35117493472584854,
        "Junctions - approach speed": 0.10354414466686007,
        "Junctions - observation": 0.2031476646359153,
        "Junctions - turning right": 0.07840150855816652,
        "Junctions - turning left": 0.020670147954743257,
        "Junctions - cutting corners": 0.028285465622280244,
        "Judgement - overtaking": 0.014118557199497147,
        "Judgement - meeting": 0.07603229861715502,
        "Judgement - crossing": 0.01694710376172517,
        "Positioning - normal driving": 0.1754665893047094,
        "Positioning - lane discipline": 0.050744608838603614,
        "Pedestrian crossing": 0.018615220965090416,
        "Position - normal stops": 0.17684459916835896,
        "Awareness / planning": 0.10999903297553427,
        "Ancillary controls": 0.013997679141282275
    },
    "fails": {
        "Eyesight": 0.0006527415143603133,
        "Emergency stop": 0.005850498017599845,
        "Reverse right - control": 0.004545014988879219,
        "Reverse right - observation": 0.00725268349289237,
        "Parallel park - control": 0.016536118363794605,
        "Parallel park - observation": 0.014263610869354995,
        "Reverse bay park - control": 0.014191084034426071,
        "Reverse bay park - observation": 0.007204332269606421,
        "Vehicle checks": 0.005753795571027947,
        "Forward bay park - control": 0.006116429745672566,
        "Forward bay park - observation": 0.005439512619669277,
        "Precautions": 2.4175611642974568e-05,
        "Control - accelerator": 4.8351223285949136e-05,
        "Control - clutch": 0.00016922928150082196,
        "Control - gears": 0.008582342133255972,
        "Control - Footbrake": 0.0012571318054346776,
        "Control - parking brake": 0.0017648196499371433,
        "Control - steering": 0.04092931051155594,
        "Move off - safely": 0.05067208200367469,
        "Move off - control": 0.02270089933275312,
        "Mirrors - signalling": 0.004230732037520549,
        "Mirrors - change direction": 0.09121458272894305,
        "Mirrors - change speed": 0.01810753312058795,
        "Signals - necessary": 0.005391161396383328,
        "Signals - correctly": 0.010782322792766657,
        "Signals - timed": 0.0025626148341553042,
        "Clearance / obstructions": 0.020307513780098638,
        "Response to traffic signs": 0.048520452567449954,
        "Response to road markings": 0.04559520355865004,
        "Response to traffic lights": 0.046247945073010346,
        "Response to traffic controllers": 9.670244657189827e-05,
        "Response to road users": 0.004835122328594913,
        "Use of speed (too fast)": 0.03843922251232956,
        "Following distance": 0.0062856590271733875,
        "Progress - speed (too slow)": 0.04102601295812784,
        "Progress - undue hesitation": 0.023595396963543177,
        "Junctions - approach speed": 0.008461464075041098,
        "Junctions - observation": 0.10177932501692293,
        "Junctions - turning right": 0.05362150662411759,
        "Junctions - turning left": 0.005318634561454405,
        "Junctions - cutting corners": 0.004907649163523837,
        "Judgement - overtaking": 0.007107629823034523,
        "Judgement - meeting": 0.021105308964316796,
        "Judgement - crossing": 0.01735808915965574,
        "Positioning - normal driving": 0.041412822744415434,
        "Positioning - lane discipline": 0.013900976694710377,
        "Pedestrian crossing": 0.0125471424427038,
        "Position - normal stops": 0.00841311285175515,
        "Awareness / planning": 0.015738323179576443,
        "Ancillary controls": 0.0011362537472198047
    },
    "maneuvres": [
        {
            "name": "Forward bay park",
            "frequency": 0.28167005125229666,
            "pass": 0.5010728692816068,
            "maneuvre_fails": 0.038794953222899324
        },
        {
            "name": "Reverse bay park",
            "frequency": 0.27770525094284887,
            "pass": 0.4687037520675546,
            "maneuvre_fails": 0.07312614259597806
        },
        {
            "name": "Parallel park",
            "frequency": 0.2374528575572962,
            "pass": 0.5083486051720627,
            "maneuvre_fails": 0.11962940338016698
        },
        {
            "name": "Reverse right",
            "frequency": 0.19746639589981627,
            "pass": 0.4828599412340842,
            "maneuvre_fails": 0.0581537708129285
        },
        {
            "name": "Emergency stop",
            "frequency": 0.4115172613867131,
            "pass": 0.5691458113030197,
            "maneuvre_fails": 0.014216895781929268
        }
    ],
    "totalTestCount": 41364,
    "dailyTestCount": 192.39069767441862,
    "pass": 0.4873561551107243,
    "dangerous_count": 0.06974663958998163,
    "serious_count": 0.8691374141765786,
    "minor_count": 5.2257035102988105,
    "dangerous_any": 0.06363020984430906,
    "serious_any": 0.4915385359249589,
    "minor_any": 0.9758002127453824,
    "first_attempt": 0.3744318731263901,
    "attempts": 2.422202881732908,
    "times": [
        {
            "dayType": "Mon-Fri",
            "time": "07:00-08:00",
            "pass": 0.4834507228724249,
            "dailyTests": 245.91813953488372
        },
        {
            "dayType": "Saturday",
            "time": "07:00-08:00",
            "pass": 0.5272045028142589,
            "dailyTests": 104.12093023255814
        },
        {
            "dayType": "Sunday",
            "time": "07:00-08:00",
            "pass": 0.5375,
            "dailyTests": 13.023255813953488
        },
        {
            "dayType": "Mon-Fri",
            "pass": 0.4834507228724249,
            "dailyTests": 245.91813953488372,
            "time": "All times"
        },
        {
            "dayType": "Saturday",
            "pass": 0.5272045028142589,
            "dailyTests": 104.12093023255814,
            "time": "All times"
        },
        {
            "dayType": "Sunday",
            "pass": 0.5375,
            "dailyTests": 13.023255813953488,