{
    "minors": {
        "Eyesight": 0.0,
        "Emergency stop": 0.026488564926628943,
        "Reverse right - control": 0.02513710753241318,
        "Reverse right - observation": 0.03871271503430958,
        "Parallel park - control": 0.09216939428551499,
        "Parallel park - observation": 0.04987313738654297,
        "Reverse bay park - control": 0.09292795424226835,
        "Reverse bay park - observation": 0.03515533040953519,
        "Vehicle checks": 0.13736910481206024,
        "Forward bay park - control": 0.07036297529884647,
        "Forward bay park - observation": 0.024500614695137368,
        "Precautions": 0.0030342398270134536,
        "Control - accelerator": 0.003932305063169735,
        "Control - clutch": 0.028554986877784655,
        "Control - gears": 0.1438996957041093,
        "Control - Footbrake": 0.05598521244038329,
        "Control - parking brake": 0.024090817936891298,
        "Control - steering": 0.35660165139374495,
        "Move off - safely": 0.438037858245198,
        "Move off - control": 0.288200469086502,
        "Mirrors - signalling": 0.22785571666477752,
        "Mirrors - change direction": 0.17266394050099834,
        "Mirrors - change speed": 0.16690062864566532,
        "Signals - necessary": 0.09804605418036288,
        "Signals - correctly": 0.1558448352529841,
        "Signals - timed": 0.1124586933586768,
        "Clearance / obstructions": 0.15226129338832167,
        "Response to traffic signs": 0.04252295297800176,
        "Response to road markings": 0.05290737721355643,
        "Response to traffic lights": 0.05186108761803455,
        "Response to traffic controllers": 0.0005754592775370343,
        "Response to road users": 0.02108273534976589,
        "Use of speed (too fast)": 0.15369122250220157,
        "Following distance": 0.06658761367500501,
        "Progress - speed (too slow)": 0.4185245572887149,
        "Progress - undue hesitation": 0.33092396090364545,
        "Junctions - approach speed": 0.10784630005841783,
        "Junctions - observation": 0.20379977504773697,
        "Junctions - turning right": 0.0713831076544803,
        "Junctions - turning left": 0.02156228474771342,
        "Junctions - cutting corners": 0.025965420128868003,
        "Judgement - overtaking": 0.011116826952419981,
        "Judgement - meeting": 0.08861200966074059,
        "Judgement - crossing": 0.016723195368424724,
        "Positioning - normal driving": 0.16778997480185892,
        "Positioning - lane discipline": 0.04698712191889512,
        "Pedestrian crossing": 0.017089396726857383,
        "Position - normal stops": 0.16405820857783088,
        "Awareness / planning": 0.10887515149401435,
        "Ancillary controls": 0.008012834485705068
    },
    "fails": {
        "Eyesight": 0.00031388687865656416,
        "Emergency stop": 0.004603674220296275,
        "Reverse right - control": 0.005030909138467709,
        "Reverse right - observation": 0.010994759832942428,
        "Parallel park - control": 0.02036777079282594,
        "Parallel park - observation": 0.015903601851932583,
        "Reverse bay park - control": 0.013331473262941294,
        "Reverse bay park - observation": 0.008161058845070669,
        "Vehicle checks": 0.004908842018990156,
        "Forward bay park - control": 0.0071845218892502465,
        "Forward bay park - observation": 0.00578075001525839,
        "Precautions": 0.00011334803951487039,
        "Control - accelerator": 0.00013078619944023506,
        "Control - clutch": 0.0002528533189177878,
        "Control - gears": 0.010733187434061958,
        "Control - Footbrake": 0.002092579191043761,
        "Control - parking brake": 0.0014560863537679504,
        "Control - steering": 0.0428978734163971,
        "Move off - safely": 0.04866990435169281,
        "Move off - control": 0.02934842315438875,
        "Mirrors - signalling": 0.004568797900445545,
        "Mirrors - change direction": 0.08311027020428804,
        "Mirrors - change speed": 0.015825130132268442,
        "Signals - necessary": 0.004952437418803568,
        "Signals - correctly": 0.011622533590255557,
        "Signals - timed": 0.002249522630372043,
        "Clearance / obstructions": 0.025791038529614355,
        "Response to traffic signs": 0.04017752046804021,
        "Response to road markings": 0.03879118675397372,
        "Response to traffic lights": 0.04177311210121108,
        "Response to traffic controllers": 0.00015694343932828208,
        "Response to road users": 0.0047693367395872386,
        "Use of speed (too fast)": 0.034039288174311844,
        "Following distance": 0.00727171268887707,
        "Progress - speed (too slow)": 0.03351614337655091,
        "Progress - undue hesitation": 0.020219546433460342,
        "Junctions - approach speed": 0.008030272645630433,
        "Junctions - observation": 0.10037404853039907,
        "Junctions - turning right": 0.04396160117184435,
        "Junctions - turning left": 0.0040456531026846045,
        "Junctions - cutting corners": 0.003635856344438535,
        "Judgement - overtaking": 0.005693559215631566,
        "Judgement - meeting": 0.024003627137264477,
        "Judgement - crossing": 0.016993486847267876,
        "Positioning - normal driving": 0.0378146497981533,
        "Positioning - lane discipline": 0.010506491355032217,
        "Pedestrian crossing": 0.011230174991934851,
        "Position - normal stops": 0.008100025285331892,
        "Awareness / planning": 0.015711782092753573,
        "Ancillary controls": 0.0006103355973877636
    },
    "maneuvres": [
        {
            "name": "Forward bay park",
            "frequency": 0.2503945383683114,
            "pass": 0.5325927989414304,
            "maneuvre_fails": 0.04892401977853611
        },
        {
            "name": "Reverse bay park",
            "frequency": 0.23986188977339112,
            "pass": 0.4930934205743366,
            "maneuvre_fails": 0.08476917484551072
        },
        {
            "name": "Parallel park",
            "frequency": 0.26095334420311966,
            "pass": 0.5095058304654349,
            "maneuvre_fails": 0.12746834174212301
        },
        {
            "name": "Reverse right",
            "frequency": 0.243323364518576,
            "pass": 0.5034937470885441,
            "maneuvre_fails": 0.06385494678754434
        },
        {
            "name": "Emergency stop",
            "frequency": 0.37131073929079006,
            "pass": 0.5837599211008313,
            "maneuvre_fails": 0.01239844080214155
        }
    ],
    "totalTestCount": 114691,
    "dailyTestCount": 533.446511627907,
    "pass": 0.5071016906296048,
    "dangerous_count": 0.06840118230724294,
    "serious_count": 0.8279202378565014,
    "minor_count": 5.219563871620267,
    "dangerous_any": 0.06266402769179796,
    "serious_any": 0.47216433721913664,
    "minor_any": 0.9713316650827005,
    "first_attempt": 0.4954704379593865,
    "attempts": 2.080363760016043,
    "times": [
        {
            "dayType": "Mon-Fri",
            "time": "09:00-10:00",
            "pass": 0.5075882330925559,
            "dailyTests": 695.9367441860466
        },
        {
            "dayType": "Saturday",
            "time": "09:00-10:00",
            "pass": 0.49473208910295,
            "dailyTests": 216.31627906976743
        },
        {
            "dayType": "Sunday",
            "time": "09:00-10:00",
            "pass": 0.5328778821520068,
            "dailyTests": 38.12558139534884
        },
        {
            "dayType": "Mon-Fri",
            "pass": 0.5075882330925559,
            "dailyTests": 695.9367441860466,
            "time": "All times"
        },
        {
            "dayType": "Saturday",
            "pass": 0.49473208910295,
            "dailyTests": 216.31627906976743,
            "time": "All times"
        },
        {
            "dayType": "Sunday",
            "pass": 0.5328778821520068,