{
    "minors": {
        "Eyesight": 0.0,
        "Emergency stop": 0.02358552156851965,
        "Reverse right - control": 0.02678111234047817,
        "Reverse right - observation": 0.04067677801983328,
        "Parallel park - control": 0.09305010548885667,
        "Parallel park - observation": 0.049892449471868494,
        "Reverse bay park - control": 0.09210173661459801,
        "Reverse bay park - observation": 0.032897404355624583,
        "Vehicle checks": 0.14057850501329777,
        "Forward bay park - control": 0.06761595183935457,
        "Forward bay park - observation": 0.022602791503164667,
        "Precautions": 0.0032436964394933787,
        "Control - accelerator": 0.0040614927875859885,
        "Control - clutch": 0.02744084720952767,
        "Control - gears": 0.13862678935902634,
        "Control - Footbrake": 0.056324864445101125,
        "Control - parking brake": 0.02360613828317745,
        "Control - steering": 0.34961137492870054,
        "Move off - safely": 0.4217080260870163,
        "Move off - control": 0.28868211087669143,
        "Mirrors - signalling": 0.21958175558197549,
        "Mirrors - change direction": 0.1784445376014514,
        "Mirrors - change speed": 0.16571715241937146,
        "Signals - necessary": 0.1008638403441617,
        "Signals - correctly": 0.15901672015558746,
        "Signals - timed": 0.10785290661315484,
        "Clearance / obstructions": 0.15617848577103077,
        "Response to traffic signs": 0.04369369059809089,
        "Response to road markings": 0.053912708830138885,
        "Response to traffic lights": 0.05662724292674881,
        "Response to traffic controllers": 0.0007834351569962822,
        "Response to road users": 0.02383979438263248,
        "Use of speed (too fast)": 0.15972456069217184,
        "Following distance": 0.07520977507164309,
        "Progress - speed (too slow)": 0.400252898366469,
        "Progress - undue hesitation": 0.34526124813590536,
        "Junctions - approach speed": 0.11114470872018307,
        "Junctions - observation": 0.20407111392109295,
        "Junctions - turning right": 0.07072220351446262,
        "Junctions - turning left": 0.02130393847972346,
        "Junctions - cutting corners": 0.02363362723605451,
        "Judgement - overtaking": 0.011428532158638748,
        "Judgement - meeting": 0.09533168857765285,
        "Judgement - crossing": 0.01666517768171916,
        "Positioning - normal driving": 0.17167538295547477,
        "Positioning - lane discipline": 0.051040113254485854,
        "Pedestrian crossing": 0.018369492760097035,
        "Position - normal stops": 0.16478252802155133,
        "Awareness / planning": 0.11774892964889735,
        "Ancillary controls": 0.007923690666813274
    },
    "fails": {
        "Eyesight": 0.00020616714657796897,
        "Emergency stop": 0.004494443795399723,
        "Reverse right - control": 0.005669596530894147,
        "Reverse right - observation": 0.0110780480094562,
        "Parallel park - control": 0.02181248410794912,
        "Parallel park - observation": 0.01577865895143389,
        "Reverse bay park - control": 0.013758220914969796,
        "Reverse bay park - observation": 0.00782060709352429,
        "Vehicle checks": 0.0054634293843161775,
        "Forward bay park - control": 0.007250211321325243,
        "Forward bay park - observation": 0.005470301622535444,
        "Precautions": 6.872238219265633e-05,
        "Control - accelerator": 0.000130572526166047,
        "Control - clutch": 0.00024740057589356276,
        "Control - gears": 0.010466418807941559,
        "Control - Footbrake": 0.002185371753726471,
        "Control - parking brake": 0.0016081037433081581,
        "Control - steering": 0.044587081566595424,
        "Move off - safely": 0.04684117570251455,
        "Move off - control": 0.030423398596688956,
        "Mirrors - signalling": 0.004102726216901583,
        "Mirrors - change direction": 0.08877557331647344,
        "Mirrors - change speed": 0.017111873165971424,
        "Signals - necessary": 0.0053397290963693965,
        "Signals - correctly": 0.012816724278930405,
        "Signals - timed": 0.0021235216097530807,
        "Clearance / obstructions": 0.027447719447746936,
        "Response to traffic signs": 0.04135025736532131,
        "Response to road markings": 0.04051871654079017,
        "Response to traffic lights": 0.04551483372619629,
        "Response to traffic controllers": 0.000130572526166047,
        "Response to road users": 0.005374090287465725,
        "Use of speed (too fast)": 0.0354744936878492,
        "Following distance": 0.008411619580381134,
        "Progress - speed (too slow)": 0.03202463010177785,
        "Progress - undue hesitation": 0.022018651254527087,
        "Junctions - approach speed": 0.008494086439012323,
        "Junctions - observation": 0.10287740614240652,
        "Junctions - turning right": 0.04554919491729261,
        "Junctions - turning left": 0.004130215169778646,
        "Junctions - cutting corners": 0.00358730835045666,
        "Judgement - overtaking": 0.0061506532062427415,
        "Judgement - meeting": 0.026087016280332342,
        "Judgement - crossing": 0.017709757891047534,
        "Positioning - normal driving": 0.0398727261481792,
        "Positioning - lane discipline": 0.011009325627263544,
        "Pedestrian crossing": 0.012926680090438654,
        "Position - normal stops": 0.007751884711331634,
        "Awareness / planning": 0.0177372468439246,
        "Ancillary controls": 0.0005360345811027193
    },
    "maneuvres": [
        {
            "name": "Forward bay park",
            "frequency": 0.2341783895596957,
            "pass": 0.5112102359431858,
            "maneuvre_fails": 0.05161990843995774
        },
        {
            "name": "Reverse bay park",
            "frequency": 0.23588957687629283,
            "pass": 0.4789220684632192,
            "maneuvre_fails": 0.08638018936635106
        },
        {
            "name": "Parallel park",
            "frequency": 0.26607931937352675,
            "pass": 0.5037708559326411,
            "maneuvre_fails": 0.1290614184616974
        },
        {
            "name": "Reverse right",
            "frequency": 0.2581968621360291,
            "pass": 0.48462910223310535,
            "maneuvre_fails": 0.062468393175587555
        },
        {
            "name": "Emergency stop",
            "frequency": 0.34490389174850355,
            "pass": 0.5721487208097553,
            "maneuvre_fails": 0.013031003427114052
        }
    ],
    "totalTestCount": 145513,
    "dailyTestCount": 676.8046511627907,
    "pass": 0.49185983382927984,
    "dangerous_count": 0.07261894126297994,
    "serious_count": 0.8605073086253462,
    "minor_count": 5.235889576876293,
    "dangerous_any": 0.06617278181330878,
    "serious_any": 0.4874203679396343,
    "minor_any": 0.972600386219788,
    "first_attempt": 0.49036168589747997,
    "attempts": 2.1064234810635476,
    "times": [
        {
            "dayType": "Mon-Fri",
            "time": "10:00-11:00",
            "pass": 0.4932040849600545,
            "dailyTests": 878.64
        },
        {
            "dayType": "Saturday",
            "time": "10:00-11:00",
            "pass": 0.47062735535358013,
            "dailyTests": 293.7395348837209
        },
        {
            "dayType": "Sunday",
            "time": "10:00-11:00",
            "pass": 0.4983943481053308,
            "dailyTests": 50.693023255813955
        },
        {
            "dayType": "Mon-Fri",
            "pass": 0.4932040849600545,
            "dailyTests": 878.64,
            "time": "All times"
        },
        {
            "dayType": "Saturday",
            "pass": 0.47062735535358013,
            "dailyTests": 293.7395348837209,
            "time": "All times"
        },
        {
            "dayType": "Sunday",
            "pass": 0.4983943481053308,
            "dailyTests": 50.693023255813955,