{
    "minors": {
        "Eyesight": 0.0,
        "Emergency stop": 0.02101804701458081,
        "Reverse right - control": 0.028914034113340873,
        "Reverse right - observation": 0.04127326137724751,
        "Parallel park - control": 0.09063656377347885,
        "Parallel park - observation": 0.04928969573683612,
        "Reverse bay park - control": 0.10152365784948107,
        "Reverse bay park - observation": 0.03695723453089138,
        "Vehicle checks": 0.1418467241690812,
        "Forward bay park - control": 0.060216938899781185,
        "Forward bay park - observation": 0.01968643563097636,
        "Precautions": 0.003191852411956398,
        "Control - accelerator": 0.004643911056389393,
        "Control - clutch": 0.02886719351190755,
        "Control - gears": 0.1431649525237047,
        "Control - Footbrake": 0.06148163513848089,
        "Control - parking brake": 0.024022537020803918,
        "Control - steering": 0.35076918959068004,
        "Move off - safely": 0.4181192829373072,
        "Move off - control": 0.3019412083536867,
        "Mirrors - signalling": 0.2160890774408972,
        "Mirrors - change direction": 0.17194515634723606,
        "Mirrors - change speed": 0.16948937052923188,
        "Signals - necessary": 0.0978767824521724,
        "Signals - correctly": 0.16106475378572432,
        "Signals - timed": 0.10754602089090824,
        "Clearance / obstructions": 0.16132572285085284,
        "Response to traffic signs": 0.04169482679014742,
        "Response to road markings": 0.054622832785744396,
        "Response to traffic lights": 0.05376631893096365,
        "Response to traffic controllers": 0.00072268356497126,
        "Response to road users": 0.023079033477646997,
        "Use of speed (too fast)": 0.16149970222760518,
        "Following distance": 0.0758014761480966,
        "Progress - speed (too slow)": 0.404455210347758,
        "Progress - undue hesitation": 0.358170004617145,
        "Junctions - approach speed": 0.11381596996848296,
        "Junctions - observation": 0.20902952965344646,
        "Junctions - turning right": 0.06870847078819349,
        "Junctions - turning left": 0.02039573616696667,
        "Junctions - cutting corners": 0.023694652810770662,
        "Judgement - overtaking": 0.0117101503583306,
        "Judgement - meeting": 0.10186492508849528,
        "Judgement - crossing": 0.01763883219689112,
        "Positioning - normal driving": 0.17003138320296032,
        "Positioning - lane discipline": 0.04923616362091232,
        "Pedestrian crossing": 0.019345168391962153,
        "Position - normal stops": 0.1651331945959329,
        "Awareness / planning": 0.1195037572853864,
        "Ancillary controls": 0.007829071953855316
    },
    "fails": {
        "Eyesight": 0.0002877351230904091,
        "Emergency stop": 0.004048366266737151,
        "Reverse right - control": 0.00576808549078913,
        "Reverse right - observation": 0.012151790314701927,
        "Parallel park - control": 0.021486453028914033,
        "Parallel park - observation": 0.01668194562475325,
        "Reverse bay park - control": 0.01488861974130605,
        "Reverse bay park - observation": 0.008197105250831421,
        "Vehicle checks": 0.005299679476455907,
        "Forward bay park - control": 0.006738355091907951,
        "Forward bay park - observation": 0.005493733396679671,
        "Precautions": 0.00010037271735711943,
        "Control - accelerator": 0.00019405392022376423,
        "Control - clutch": 0.00022081997818566276,
        "Control - gears": 0.010860328018040323,
        "Control - Footbrake": 0.002348721586156595,
        "Control - parking brake": 0.0017464852820138783,
        "Control - steering": 0.04566289488299887,
        "Move off - safely": 0.04764358317217936,
        "Move off - control": 0.03140996901828791,
        "Mirrors - signalling": 0.004302643817375187,
        "Mirrors - change direction": 0.08939194207825057,
        "Mirrors - change speed": 0.019218029616643133,
        "Signals - necessary": 0.005841692150184351,
        "Signals - correctly": 0.012426142408811387,
        "Signals - timed": 0.0023219555281946964,
        "Clearance / obstructions": 0.028539309301874292,
        "Response to traffic signs": 0.04158776255829982,
        "Response to road markings": 0.04080485536291429,
        "Response to traffic lights": 0.04566289488299887,
        "Response to traffic controllers": 0.0001137557463380687,
        "Response to road users": 0.004998561324384548,
        "Use of speed (too fast)": 0.03623455096592012,
        "Following distance": 0.00848484037392183,
        "Progress - speed (too slow)": 0.03403973421304444,
        "Progress - undue hesitation": 0.023855249158542053,
        "Junctions - approach speed": 0.008478148859431356,
        "Junctions - observation": 0.10638838888405613,
        "Junctions - turning right": 0.04670677114351291,
        "Junctions - turning left": 0.00442309107820373,
        "Junctions - cutting corners": 0.003486279049537282,
        "Judgement - overtaking": 0.006731663577417477,
        "Judgement - meeting": 0.02821811660633151,
        "Judgement - crossing": 0.018997209638457472,
        "Positioning - normal driving": 0.039988490595076386,
        "Positioning - lane discipline": 0.012205322430625724,
        "Pedestrian crossing": 0.013061836285406477,
        "Position - normal stops": 0.008344318569621862,
        "Awareness / planning": 0.01812731275469577,
        "Ancillary controls": 0.0005420126737284449
    },
    "maneuvres": [
        {
            "name": "Forward bay park",
            "frequency": 0.2100533313704891,
            "pass": 0.499092096460769,
            "maneuvre_fails": 0.05530247523175433
        },
        {
            "name": "Reverse bay park",
            "frequency": 0.25918243075955383,
            "pass": 0.4648749128649988,
            "maneuvre_fails": 0.08486303668706272
        },
        {
            "name": "Parallel park",
            "frequency": 0.26085530938217244,
            "pass": 0.48864889823769336,
            "maneuvre_fails": 0.13398147910627708
        },
        {
            "name": "Reverse right",
            "frequency": 0.2639601721057527,
            "pass": 0.4772733034197784,
            "maneuvre_fails": 0.06548026465890942
        },
        {
            "name": "Emergency stop",
            "frequency": 0.30556131769303346,
            "pass": 0.5606823756131745,
            "maneuvre_fails": 0.013248948843728101
        }
    ],
    "totalTestCount": 149443,
    "dailyTestCount": 695.0837209302325,
    "pass": 0.47877117027896926,
    "dangerous_count": 0.07614943490160128,
    "serious_count": 0.8841765756843747,
    "minor_count": 5.2846503349103005,
    "dangerous_any": 0.06931070709233621,
    "serious_any": 0.4989929270691836,
    "minor_any": 0.9733744638424014,
    "first_attempt": 0.4893571462029001,
    "attempts": 2.111279885976593,
    "times": [
        {
            "dayType": "Mon-Fri",
            "time": "11:00-12:00",
            "pass": 0.4808510946893606,
            "dailyTests": 897.9079069767442
        },
        {
            "dayType": "Saturday",
            "time": "11:00-12:00",
            "pass": 0.4502190971160705,
            "dailyTests": 319.49302325581397
        },
        {
            "dayType": "Sunday",
            "time": "11:00-12:00",
            "pass": 0.4749568221070812,
            "dailyTests": 56.55348837209302
        },
        {
            "dayType": "Mon-Fri",
            "pass": 0.4808510946893606,
            "dailyTests": 897.9079069767442,
            "time": "All times"
        },
        {
            "dayType": "Saturday",
            "pass": 0.4502190971160705,
            "dailyTests": 319.49302325581397,
            "time": "All times"
        },
        {
            "dayType": "Sunday",
            "pass": 0.4749568221070812,
            "dailyTests": 56.55348837209302,