{
    "minors": {
        "Eyesight": 0.0,
        "Emergency stop": 0.018532251956576623,
        "Reverse right - control": 0.02871749558192376,
        "Reverse right - observation": 0.044235988386771015,
        "Parallel park - control": 0.08870077000757384,
        "Parallel park - observation": 0.04795190608432214,
        "Reverse bay park - control": 0.09465728351426407,
        "Reverse bay park - observation": 0.03280421610704368,
        "Vehicle checks": 0.13931141125978289,
        "Forward bay park - control": 0.05958091391062863,
        "Forward bay park - observation": 0.01962099217369351,
        "Precautions": 0.0034161196667508204,
        "Control - accelerator": 0.004725763696036354,
        "Control - clutch": 0.02717905831860641,
        "Control - gears": 0.14493656904822014,
        "Control - Footbrake": 0.059470462004544304,
        "Control - parking brake": 0.023889169401666247,
        "Control - steering": 0.3449570815450644,
        "Move off - safely": 0.4264232517041151,
        "Move off - control": 0.29922210300429186,
        "Mirrors - signalling": 0.22667886897248168,
        "Mirrors - change direction": 0.16678237818732644,
        "Mirrors - change speed": 0.1725732138348902,
        "Signals - necessary": 0.0950675334511487,
        "Signals - correctly": 0.15718884120171675,
        "Signals - timed": 0.10540267609189599,
        "Clearance / obstructions": 0.15284965917697552,
        "Response to traffic signs": 0.041971724312042415,
        "Response to road markings": 0.05162837667255744,
        "Response to traffic lights": 0.05207018429689472,
        "Response to traffic controllers": 0.0009309517798535723,
        "Response to road users": 0.02315545316839182,
        "Use of speed (too fast)": 0.17355150214592274,
        "Following distance": 0.0714229361272406,
        "Progress - speed (too slow)": 0.38353635445594547,
        "Progress - undue hesitation": 0.35779317091643525,
        "Junctions - approach speed": 0.11705535218379197,
        "Junctions - observation": 0.21693543297147186,
        "Junctions - turning right": 0.0693637970209543,
        "Junctions - turning left": 0.019747222923504167,
        "Junctions - cutting corners": 0.023739270386266095,
        "Judgement - overtaking": 0.011968252966422621,
        "Judgement - meeting": 0.1026966043928301,
        "Judgement - crossing": 0.01811411259782883,
        "Positioning - normal driving": 0.1636739459732391,
        "Positioning - lane discipline": 0.04455945468316082,
        "Pedestrian crossing": 0.019723554657914668,
        "Position - normal stops": 0.16099943196162586,
        "Awareness / planning": 0.11769439535470841,
        "Ancillary controls": 0.0073292729108810906
    },
    "fails": {
        "Eyesight": 0.0002209038121686443,
        "Emergency stop": 0.003692249431961626,
        "Reverse right - control": 0.006098523100227215,
        "Reverse right - observation": 0.013238449886392325,
        "Parallel park - control": 0.02012591517293613,
        "Parallel park - observation": 0.015431709164352436,
        "Reverse bay park - control": 0.013964276697803585,
        "Reverse bay park - observation": 0.008165551628376672,
        "Vehicle checks": 0.004757321383489018,
        "Forward bay park - control": 0.006082744256500883,
        "Forward bay park - observation": 0.005072898258015652,
        "Precautions": 0.00013412017167381974,
        "Control - accelerator": 0.00014989901540015147,
        "Control - clutch": 0.00019723554657914667,
        "Control - gears": 0.010658608937137087,
        "Control - Footbrake": 0.0022642640747286037,
        "Control - parking brake": 0.0019407977783388033,
        "Control - steering": 0.042902676091895985,
        "Move off - safely": 0.04776255995960616,
        "Move off - control": 0.03237818732643272,
        "Mirrors - signalling": 0.0045995329462257,
        "Mirrors - change direction": 0.08760414036859379,
        "Mirrors - change speed": 0.019313304721030045,
        "Signals - necessary": 0.005577821257258268,
        "Signals - correctly": 0.012488954809391568,
        "Signals - timed": 0.002256374652865438,
        "Clearance / obstructions": 0.026721471850542793,
        "Response to traffic signs": 0.04255554152991669,
        "Response to road markings": 0.039376104519060845,
        "Response to traffic lights": 0.043518050997222925,
        "Response to traffic controllers": 9.46730623579904e-05,
        "Response to road users": 0.005278023226457965,
        "Use of speed (too fast)": 0.03738797020954304,
        "Following distance": 0.007952537238071194,
        "Progress - speed (too slow)": 0.032425523857611716,
        "Progress - undue hesitation": 0.022958217621812674,
        "Junctions - approach speed": 0.008922936127240596,
        "Junctions - observation": 0.11027044938146932,
        "Junctions - turning right": 0.04624779096187832,
        "Junctions - turning left": 0.004457523352688715,
        "Junctions - cutting corners": 0.004118278212572582,
        "Judgement - overtaking": 0.0059170663973744,
        "Judgement - meeting": 0.02833091391062863,
        "Judgement - crossing": 0.01901350669022974,
        "Positioning - normal driving": 0.03841359505175461,
        "Positioning - lane discipline": 0.010414036859378945,
        "Pedestrian crossing": 0.013790709416813936,
        "Position - normal stops": 0.008378566018682152,
        "Awareness / planning": 0.018413910628629133,
        "Ancillary controls": 0.0003786922494319616
    },
    "maneuvres": [
        {
            "name": "Forward bay park",
            "frequency": 0.2102452032315072,
            "pass": 0.5059852152050733,
            "maneuvre_fails": 0.0503958872753199
        },
        {
            "name": "Reverse bay park",
            "frequency": 0.2438778086341833,
            "pass": 0.4687176501035197,
            "maneuvre_fails": 0.08676242236024845
        },
        {
            "name": "Parallel park",
            "frequency": 0.25479676849280486,
            "pass": 0.4968107505573446,
            "maneuvre_fails": 0.12846792172405253
        },
        {
            "name": "Reverse right",
            "frequency": 0.2845083312294875,
            "pass": 0.47551439188065,
            "maneuvre_fails": 0.06577560867395042
        },
        {
            "name": "Emergency stop",
            "frequency": 0.27524614996213076,
            "pass": 0.5728617289612474,
            "maneuvre_fails": 0.013414354505847282
        }
    ],
    "totalTestCount": 126752,
    "dailyTestCount": 589.5441860465116,
    "pass": 0.48256437768240346,
    "dangerous_count": 0.0766457334006564,
    "serious_count": 0.870668707397122,
    "minor_count": 5.234536733148195,
    "dangerous_any": 0.06982138348901792,
    "serious_any": 0.49487976521080534,
    "minor_any": 0.9717874274173188,
    "first_attempt": 0.48861556425145164,
    "attempts": 2.108874021711689,
    "times": [
        {
            "dayType": "Mon-Fri",
            "time": "13:00-14:00",
            "pass": 0.483393444406323,
            "dailyTests": 778.1460465116279
        },
        {
            "dayType": "Saturday",
            "time": "13:00-14:00",
            "pass": 0.46354605152382555,
            "dailyTests": 193.36279069767443
        },
        {
            "dayType": "Sunday",
            "time": "13:00-14:00",
            "pass": 0.49314024390243905,
            "dailyTests": 42.716279069767445
        },
        {
            "dayType": "Mon-Fri",
            "pass": 0.483393444406323,
            "dailyTests": 778.1460465116279,
            "time": "All times"
        },
        {
            "dayType": "Saturday",
            "pass": 0.46354605152382555,
            "dailyTests": 193.36279069767443,
            "time": "All times"
        },
        {
            "dayType": "Sunday",
            "pass": 0.49314024390243905,