{
    "minors": {
        "Eyesight": 0.0,
        "Emergency stop": 0.015377815000930578,
        "Reverse right - control": 0.029336497301321422,
        "Reverse right - observation": 0.04417922948073702,
        "Parallel park - control": 0.07091010608598548,
        "Parallel park - observation": 0.041131583845151684,
        "Reverse bay park - control": 0.1292108691606179,
        "Reverse bay park - observation": 0.04322538619021031,
        "Vehicle checks": 0.1506607109622185,
        "Forward bay park - control": 0.04664526335380607,
        "Forward bay park - observation": 0.015052112413921459,
        "Precautions": 0.0028382654010794713,
        "Control - accelerator": 0.004699423041131584,
        "Control - clutch": 0.025428066257211987,
        "Control - gears": 0.13235157267820585,
        "Control - Footbrake": 0.061278615298715804,
        "Control - parking brake": 0.021426577331099945,
        "Control - steering": 0.34868788386376326,
        "Move off - safely": 0.43874464917178485,
        "Move off - control": 0.29571468453378,
        "Mirrors - signalling": 0.22038432905267077,
        "Mirrors - change direction": 0.1427042620509957,
        "Mirrors - change speed": 0.17611204168993114,
        "Signals - necessary": 0.08914945095849619,
        "Signals - correctly": 0.14763632979713381,
        "Signals - timed": 0.10538805136795086,
        "Clearance / obstructions": 0.15754699423041132,
        "Response to traffic signs": 0.04306253489670575,
        "Response to road markings": 0.04764563558533408,
        "Response to traffic lights": 0.04815745393634841,
        "Response to traffic controllers": 0.0008840498790247534,
        "Response to road users": 0.02335752838265401,
        "Use of speed (too fast)": 0.16510794714312302,
        "Following distance": 0.06937465103294249,
        "Progress - speed (too slow)": 0.40205657919225757,
        "Progress - undue hesitation": 0.38607388795831005,
        "Junctions - approach speed": 0.10797040759352317,
        "Junctions - observation": 0.2302717290154476,
        "Junctions - turning right": 0.07239903219802717,
        "Junctions - turning left": 0.02184533780011167,
        "Junctions - cutting corners": 0.02666108319374651,
        "Judgement - overtaking": 0.011306532663316583,
        "Judgement - meeting": 0.12958310068862833,
        "Judgement - crossing": 0.021473106272101247,
        "Positioning - normal driving": 0.14665922203610646,
        "Positioning - lane discipline": 0.037990880327563745,
        "Pedestrian crossing": 0.025218686022706122,
        "Position - normal stops": 0.16520100502512564,
        "Awareness / planning": 0.13035082821514982,
        "Ancillary controls": 0.008375209380234505
    },
    "fails": {
        "Eyesight": 0.00027917364600781687,
        "Emergency stop": 0.0030476456355853342,
        "Reverse right - control": 0.006700167504187605,
        "Reverse right - observation": 0.012888516657360878,
        "Parallel park - control": 0.01588963335194491,
        "Parallel park - observation": 0.013842359947887586,
        "Reverse bay park - control": 0.01675041876046901,
        "Reverse bay park - observation": 0.009561697375767727,
        "Vehicle checks": 0.005001861157640052,
        "Forward bay park - control": 0.0041876046901172526,
        "Forward bay park - observation": 0.003792108691606179,
        "Precautions": 4.652894100130281e-05,
        "Control - accelerator": 0.00013958682300390843,
        "Control - clutch": 0.00025590917550716546,
        "Control - gears": 0.01060859854829704,
        "Control - Footbrake": 0.002419504932067746,
        "Control - parking brake": 0.0014423971710403871,
        "Control - steering": 0.045807742415782615,
        "Move off - safely": 0.05399683603201191,
        "Move off - control": 0.03136050623487809,
        "Mirrors - signalling": 0.004652894100130281,
        "Mirrors - change direction": 0.07484180160059557,
        "Mirrors - change speed": 0.021403312860599294,
        "Signals - necessary": 0.005513679508654383,
        "Signals - correctly": 0.011515912897822446,
        "Signals - timed": 0.0024892983435697005,
        "Clearance / obstructions": 0.028266331658291458,
        "Response to traffic signs": 0.039805509026614554,
        "Response to road markings": 0.03417550716545691,
        "Response to traffic lights": 0.03927042620509957,
        "Response to traffic controllers": 0.0008840498790247534,
        "Response to road users": 0.005281034803647869,
        "Use of speed (too fast)": 0.03615298715801228,
        "Following distance": 0.007607481853713009,
        "Progress - speed (too slow)": 0.0364786897450214,
        "Progress - undue hesitation": 0.027661455425274522,
        "Junctions - approach speed": 0.008165829145728644,
        "Junctions - observation": 0.12039363484087102,
        "Junctions - turning right": 0.044737576772752655,
        "Junctions - turning left": 0.00446677833612507,
        "Junctions - cutting corners": 0.005025125628140704,
        "Judgement - overtaking": 0.005769588684161549,
        "Judgement - meeting": 0.03426856504745952,
        "Judgement - crossing": 0.020984552391587568,
        "Positioning - normal driving": 0.03622278056951424,
        "Positioning - lane discipline": 0.008793969849246231,
        "Pedestrian crossing": 0.01772752652149637,
        "Position - normal stops": 0.008328680439233203,
        "Awareness / planning": 0.0190070723990322,
        "Ancillary controls": 0.0006746696445188908
    },
    "maneuvres": [
        {
            "name": "Forward bay park",
            "frequency": 0.16934208077424157,
            "pass": 0.494436048907817,
            "maneuvre_fails": 0.04409946421211705
        },
        {
            "name": "Reverse bay park",
            "frequency": 0.3376605248464545,
            "pass": 0.4688576546782417,
            "maneuvre_fails": 0.07496210555325893
        },
        {
            "name": "Parallel park",
            "frequency": 0.20903126744835288,
            "pass": 0.48803561491374514,
            "maneuvre_fails": 0.13199777406789093
        },
        {
            "name": "Reverse right",
            "frequency": 0.27668434766424715,
            "pass": 0.4736399562768015,
            "maneuvre_fails": 0.06785504078029092
        },
        {
            "name": "Emergency stop",
            "frequency": 0.22673552949934858,
            "pass": 0.5755181612969423,
            "maneuvre_fails": 0.01344141186127642
        }
    ],
    "totalTestCount": 42984,
    "dailyTestCount": 199.92558139534884,
    "pass": 0.475107016564303,
    "dangerous_count": 0.08112320863577145,
    "serious_count": 0.8723711148334264,
    "minor_count": 5.276847198957752,
    "dangerous_any": 0.07349246231155779,
    "serious_any": 0.5003954959985111,
    "minor_any": 0.9729434208077424,
    "first_attempt": 0.4473292387865252,
    "attempts": 2.2340871021775546,
    "times": [
        {
            "dayType": "Mon-Fri",
            "time": "15:00-16:00",
            "pass": 0.47390833634067125,
            "dailyTests": 270.6558139534884
        },
        {
            "dayType": "Saturday",
            "time": "15:00-16:00",
            "pass": 0.4884393063583815,
            "dailyTests": 33.7953488372093
        },
        {
            "dayType": "Sunday",
            "time": "15:00-16:00",
            "pass": 0.5695538057742782,
            "dailyTests": 12.404651162790698
        },
        {
            "dayType": "Mon-Fri",
            "pass": 0.47390833634067125,
            "dailyTests": 270.6558139534884,
            "time": "All times"
        },
        {
            "dayType": "Saturday",
            "pass": 0.4884393063583815,
            "dailyTests": 33.7953488372093,
            "time": "All times"
        },
        {
            "dayType": "Sunday",
            "pass": 0.5695538057742782,