{
    "minors": {
        "Eyesight": 0.0,
        "Emergency stop": 0.013973577235772357,
        "Reverse right - control": 0.02616869918699187,
        "Reverse right - observation": 0.042682926829268296,
        "Parallel park - control": 0.07342479674796748,
        "Parallel park - observation": 0.04344512195121951,
        "Reverse bay park - control": 0.13440040650406504,
        "Reverse bay park - observation": 0.04014227642276423,
        "Vehicle checks": 0.1521849593495935,
        "Forward bay park - control": 0.04725609756097561,
        "Forward bay park - observation": 0.016514227642276422,
        "Precautions": 0.004827235772357724,
        "Control - accelerator": 0.004319105691056911,
        "Control - clutch": 0.020579268292682928,
        "Control - gears": 0.13160569105691056,
        "Control - Footbrake": 0.05589430894308943,
        "Control - parking brake": 0.022357723577235773,
        "Control - steering": 0.30691056910569103,
        "Move off - safely": 0.4326727642276423,
        "Move off - control": 0.25660569105691056,
        "Mirrors - signalling": 0.1676829268292683,
        "Mirrors - change direction": 0.14989837398373984,
        "Mirrors - change speed": 0.17378048780487804,
        "Signals - necessary": 0.0820630081300813,
        "Signals - correctly": 0.13795731707317074,
        "Signals - timed": 0.09959349593495935,
        "Clearance / obstructions": 0.15167682926829268,
        "Response to traffic signs": 0.052845528455284556,
        "Response to road markings": 0.0508130081300813,
        "Response to traffic lights": 0.05665650406504065,
        "Response to traffic controllers": 0.0,
        "Response to road users": 0.02108739837398374,
        "Use of speed (too fast)": 0.1755589430894309,
        "Following distance": 0.05818089430894309,
        "Progress - speed (too slow)": 0.40497967479674796,
        "Progress - undue hesitation": 0.39989837398373984,
        "Junctions - approach speed": 0.11559959349593496,
        "Junctions - observation": 0.23323170731707318,
        "Junctions - turning right": 0.08409552845528455,
        "Junctions - turning left": 0.017022357723577235,
        "Junctions - cutting corners": 0.02616869918699187,
        "Judgement - overtaking": 0.008384146341463415,
        "Judgement - meeting": 0.1252540650406504,
        "Judgement - crossing": 0.026676829268292682,
        "Positioning - normal driving": 0.1369410569105691,
        "Positioning - lane discipline": 0.0429369918699187,
        "Pedestrian crossing": 0.021341463414634148,
        "Position - normal stops": 0.18292682926829268,
        "Awareness / planning": 0.12550813008130082,
        "Ancillary controls": 0.009908536585365854
    },
    "fails": {
        "Eyesight": 0.0005081300813008131,
        "Emergency stop": 0.0033028455284552847,
        "Reverse right - control": 0.0066056910569105695,
        "Reverse right - observation": 0.014735772357723578,
        "Parallel park - control": 0.016260162601626018,
        "Parallel park - observation": 0.014227642276422764,
        "Reverse bay park - control": 0.01676829268292683,
        "Reverse bay park - observation": 0.008384146341463415,
        "Vehicle checks": 0.004573170731707317,
        "Forward bay park - control": 0.003556910569105691,
        "Forward bay park - observation": 0.003048780487804878,
        "Precautions": 0.0,
        "Control - accelerator": 0.0,
        "Control - clutch": 0.0,
        "Control - gears": 0.011432926829268292,
        "Control - Footbrake": 0.0017784552845528454,
        "Control - parking brake": 0.0017784552845528454,
        "Control - steering": 0.04217479674796748,
        "Move off - safely": 0.049034552845528455,
        "Move off - control": 0.023882113821138213,
        "Mirrors - signalling": 0.004319105691056911,
        "Mirrors - change direction": 0.07571138211382114,
        "Mirrors - change speed": 0.022865853658536585,
        "Signals - necessary": 0.006097560975609756,
        "Signals - correctly": 0.008638211382113821,
        "Signals - timed": 0.001524390243902439,
        "Clearance / obstructions": 0.030995934959349592,
        "Response to traffic signs": 0.042682926829268296,
        "Response to road markings": 0.032266260162601625,
        "Response to traffic lights": 0.041666666666666664,
        "Response to traffic controllers": 0.0,
        "Response to road users": 0.00508130081300813,
        "Use of speed (too fast)": 0.037347560975609755,
        "Following distance": 0.005589430894308943,
        "Progress - speed (too slow)": 0.036077235772357726,
        "Progress - undue hesitation": 0.028963414634146343,
        "Junctions - approach speed": 0.007367886178861789,
        "Junctions - observation": 0.11432926829268293,
        "Junctions - turning right": 0.04928861788617886,
        "Junctions - turning left": 0.004827235772357724,
        "Junctions - cutting corners": 0.00508130081300813,
        "Judgement - overtaking": 0.007367886178861789,
        "Judgement - meeting": 0.03938008130081301,
        "Judgement - crossing": 0.02464430894308943,
        "Positioning - normal driving": 0.038109756097560975,
        "Positioning - lane discipline": 0.01092479674796748,
        "Pedestrian crossing": 0.018038617886178863,
        "Position - normal stops": 0.007621951219512195,
        "Awareness / planning": 0.019054878048780487,
        "Ancillary controls": 0.0012703252032520325
    },
    "maneuvres": [
        {
            "name": "Forward bay park",
            "frequency": 0.18673780487804878,
            "pass": 0.5224489795918368,
            "maneuvre_fails": 0.034013605442176874
        },
        {
            "name": "Reverse bay park",
            "frequency": 0.34375,
            "pass": 0.49076127124907615,
            "maneuvre_fails": 0.0672579453067258
        },
        {
            "name": "Parallel park",
            "frequency": 0.20985772357723578,
            "pass": 0.49031476997578693,
            "maneuvre_fails": 0.13075060532687652
        },
        {
            "name": "Reverse right",
            "frequency": 0.2507621951219512,
            "pass": 0.47922998986828774,
            "maneuvre_fails": 0.0790273556231003
        },
        {
            "name": "Emergency stop",
            "frequency": 0.2627032520325203,
            "pass": 0.5764023210831721,
            "maneuvre_fails": 0.012572533849129593
        }
    ],
    "totalTestCount": 3936,
    "dailyTestCount": 18.306976744186045,
    "pass": 0.4893292682926829,
    "dangerous_count": 0.09019308943089431,
    "serious_count": 0.8648373983739838,
    "minor_count": 5.164634146341464,
    "dangerous_any": 0.0820630081300813,
    "serious_any": 0.483739837398374,
    "minor_any": 0.970020325203252,
    "first_attempt": 0.35772357723577236,
    "attempts": 2.4679878048780486,
    "times": [
        {
            "dayType": "Mon-Fri",
            "time": "16:00-17:00",
            "pass": 0.4867531003382187,
            "dailyTests": 23.10325581395349
        },
        {
            "dayType": "Saturday",
            "time": "16:00-17:00",
            "pass": 0.48363636363636364,
            "dailyTests": 8.953488372093023
        },
        {
            "dayType": "Sunday",
            "time": "16:00-17:00",
            "pass": 0.584070796460177,
            "dailyTests": 3.6790697674418604
        },
        {
            "dayType": "Mon-Fri",
            "pass": 0.4867531003382187,
            "dailyTests": 23.10325581395349,
            "time": "All times"
        },
        {
            "dayType": "Saturday",
            "pass": 0.48363636363636364,
            "dailyTests": 8.953488372093023,
            "time": "All times"
        },
        {
            "dayType": "Sunday",
            "pass": 0.584070796460177,
            "dailyTests": 3.6790697674418604,
            "time": "All times"
        }
    ],
    "name": "1600-1700"
}