{
    "minors": {
        "Eyesight": 0.0,
        "Emergency stop": 0.012240553485896753,
        "Reverse right - control": 0.027142096860031932,
        "Reverse right - observation": 0.03139968068121341,
        "Parallel park - control": 0.09739222990952634,
        "Parallel park - observation": 0.04204364023416711,
        "Reverse bay park - control": 0.1027142096860032,
        "Reverse bay park - observation": 0.024481106971793506,
        "Vehicle checks": 0.1373070782331027,
        "Forward bay park - control": 0.06918573709419905,
        "Forward bay park - observation": 0.030867482703565728,
        "Precautions": 0.014369345396487493,
        "Control - accelerator": 0.0,
        "Control - clutch": 0.0601383714741884,
        "Control - gears": 0.22139435870143692,
        "Control - Footbrake": 0.06546035125066525,
        "Control - parking brake": 0.036189462480042574,
        "Control - steering": 0.4768493879723257,
        "Move off - safely": 0.41298563065460353,
        "Move off - control": 0.3555082490686535,
        "Mirrors - signalling": 0.3363491218733369,
        "Mirrors - change direction": 0.18786588610963278,
        "Mirrors - change speed": 0.3182543906333156,
        "Signals - necessary": 0.052155401809473124,
        "Signals - correctly": 0.1798829164449175,
        "Signals - timed": 0.13890367216604577,
        "Clearance / obstructions": 0.21447578499201703,
        "Response to traffic signs": 0.04097924427887174,
        "Response to road markings": 0.02927088877062267,
        "Response to traffic lights": 0.026609898882384245,
        "Response to traffic controllers": 0.0,
        "Response to road users": 0.023948908994145823,
        "Use of speed (too fast)": 0.18307610431080362,
        "Following distance": 0.11548696114954764,
        "Progress - speed (too slow)": 0.4252261841405003,
        "Progress - undue hesitation": 0.4901543374135178,
        "Junctions - approach speed": 0.08781266631186802,
        "Junctions - observation": 0.22192655667908462,
        "Junctions - turning right": 0.1979776476849388,
        "Junctions - turning left": 0.11761575306013837,
        "Junctions - cutting corners": 0.04417243214475785,
        "Judgement - overtaking": 0.03033528472591804,
        "Judgement - meeting": 0.10377860564129857,
        "Judgement - crossing": 0.004789781798829164,
        "Positioning - normal driving": 0.19584885577434805,
        "Positioning - lane discipline": 0.012240553485896753,
        "Pedestrian crossing": 0.03139968068121341,
        "Position - normal stops": 0.08887706226716338,
        "Awareness / planning": 0.17615753060138373,
        "Ancillary controls": 0.014369345396487493
    },
    "fails": {
        "Eyesight": 0.0,
        "Emergency stop": 0.0031931878658861094,
        "Reverse right - control": 0.004257583821181479,
        "Reverse right - observation": 0.005854177754124534,
        "Parallel park - control": 0.017562533262373604,
        "Parallel park - observation": 0.012772751463544438,
        "Reverse bay park - control": 0.020223523150612027,
        "Reverse bay park - observation": 0.0031931878658861094,
        "Vehicle checks": 0.004257583821181479,
        "Forward bay park - control": 0.006386375731772219,
        "Forward bay park - observation": 0.005321979776476849,
        "Precautions": 0.0,
        "Control - accelerator": 0.0,
        "Control - clutch": 0.0,
        "Control - gears": 0.021820117083555083,
        "Control - Footbrake": 0.0031931878658861094,
        "Control - parking brake": 0.004257583821181479,
        "Control - steering": 0.03512506652474721,
        "Move off - safely": 0.06865353911655135,
        "Move off - control": 0.036189462480042574,
        "Mirrors - signalling": 0.004257583821181479,
        "Mirrors - change direction": 0.05481639169771155,
        "Mirrors - change speed": 0.019691325172964343,
        "Signals - necessary": 0.0026609898882384245,
        "Signals - correctly": 0.025545502927088876,
        "Signals - timed": 0.0037253858435337944,
        "Clearance / obstructions": 0.032464076636508785,
        "Response to traffic signs": 0.05481639169771155,
        "Response to road markings": 0.07397551889302821,
        "Response to traffic lights": 0.03299627461415647,
        "Response to traffic controllers": 0.0,
        "Response to road users": 0.008515167642362959,
        "Use of speed (too fast)": 0.04630122405534859,
        "Following distance": 0.018626929217668974,
        "Progress - speed (too slow)": 0.05375199574241618,
        "Progress - undue hesitation": 0.019691325172964343,
        "Junctions - approach speed": 0.007982969664715274,
        "Junctions - observation": 0.12825971261309208,
        "Junctions - turning right": 0.10856838744012773,
        "Junctions - turning left": 0.012240553485896753,
        "Junctions - cutting corners": 0.0026609898882384245,
        "Judgement - overtaking": 0.020755721128259713,
        "Judgement - meeting": 0.030867482703565728,
        "Judgement - crossing": 0.014901543374135177,
        "Positioning - normal driving": 0.03033528472591804,
        "Positioning - lane discipline": 0.0021287919105907396,
        "Pedestrian crossing": 0.019159127195316657,
        "Position - normal stops": 0.0037253858435337944,
        "Awareness / planning": 0.08142629058009579,
        "Ancillary controls": 0.0015965939329430547
    },
    "maneuvres": [
        {
            "name": "Forward bay park",
            "frequency": 0.24853645556146886,
            "pass": 0.4282655246252677,
            "maneuvre_fails": 0.044967880085653104
        },
        {
            "name": "Reverse bay park",
            "frequency": 0.24321447578499203,
            "pass": 0.36542669584245074,
            "maneuvre_fails": 0.09409190371991247
        },
        {
            "name": "Parallel park",
            "frequency": 0.2543906333155934,
            "pass": 0.4205020920502092,
            "maneuvre_fails": 0.11506276150627615
        },
        {
            "name": "Reverse right",
            "frequency": 0.24960085151676423,
            "pass": 0.4584221748400853,
            "maneuvre_fails": 0.04051172707889126
        },
        {
            "name": "Emergency stop",
            "frequency": 0.3145290047897818,
            "pass": 0.4619289340101523,
            "maneuvre_fails": 0.01015228426395939
        }
    ],
    "totalTestCount": 1879,
    "dailyTestCount": 8.73953488372093,
    "pass": 0.4167110164981373,
    "dangerous_count": 0.04736562001064396,
    "serious_count": 1.125066524747206,
    "minor_count": 6.307610431080362,
    "dangerous_any": 0.04523682810005322,
    "serious_any": 0.5753060138371474,
    "minor_any": 0.9893560404470463,
    "first_attempt": 0.4901543374135178,
    "attempts": 2.0079829696647153,
    "times": [
        {
            "dayType": "Mon-Fri",
            "time": "08:00-09:00",
            "pass": 0.3445692883895131,
            "dailyTests": 1.7386046511627906
        },
        {
            "dayType": "Mon-Fri",
            "time": "09:00-10:00",
            "pass": 0.449438202247191,
            "dailyTests": 1.7386046511627906
        },
        {
            "dayType": "Mon-Fri",
            "time": "10:00-11:00",
            "pass": 0.43884892086330934,
            "dailyTests": 1.8102325581395349
        },
        {
            "dayType": "Mon-Fri",
            "time": "11:00-12:00",
            "pass": 0.4730290456431535,
            "dailyTests": 1.5693023255813956
        },
        {
            "dayType": "Mon-Fri",
            "time": "12:00-13:00",
            "pass": 0.4351851851851852,
            "dailyTests": 1.406511627906977
        },
        {
            "dayType": "Mon-Fri",
            "time": "13:00-14:00",
            "pass": 0.3870967741935484,
            "dailyTests": 1.8167441860465119
        },
        {
            "dayType": "Mon-Fri",