{
    "minors": {
        "Eyesight": 0.0,
        "Emergency stop": 0.013024602026049204,
        "Reverse right - control": 0.043174143753014954,
        "Reverse right - observation": 0.03424987940183309,
        "Parallel park - control": 0.0945489628557646,
        "Parallel park - observation": 0.039556198745779064,
        "Reverse bay park - control": 0.11939218523878437,
        "Reverse bay park - observation": 0.040279787747226244,
        "Vehicle checks": 0.19971056439942114,
        "Forward bay park - control": 0.10660877954655089,
        "Forward bay park - observation": 0.03690303907380608,
        "Precautions": 0.005065123010130246,
        "Control - accelerator": 0.003859141341051616,
        "Control - clutch": 0.025566811384466957,
        "Control - gears": 0.12301013024602026,
        "Control - Footbrake": 0.06536420646406174,
        "Control - parking brake": 0.021466473709599615,
        "Control - steering": 0.32778581765557163,
        "Move off - safely": 0.32151471297636275,
        "Move off - control": 0.24047274481427883,
        "Mirrors - signalling": 0.1297636275928606,
        "Mirrors - change direction": 0.18813314037626627,
        "Mirrors - change speed": 0.1864447660395562,
        "Signals - necessary": 0.12952243125904486,
        "Signals - correctly": 0.13651712493970092,
        "Signals - timed": 0.06608779546550893,
        "Clearance / obstructions": 0.1384466956102267,
        "Response to traffic signs": 0.04413892908827786,
        "Response to road markings": 0.05161601543656536,
        "Response to traffic lights": 0.06222865412445731,
        "Response to traffic controllers": 0.002894356005788712,
        "Response to road users": 0.039556198745779064,
        "Use of speed (too fast)": 0.17679691268692715,
        "Following distance": 0.036661842739990354,
        "Progress - speed (too slow)": 0.4990352146647371,
        "Progress - undue hesitation": 0.341534008683068,
        "Junctions - approach speed": 0.07018813314037627,
        "Junctions - observation": 0.17438494934876989,
        "Junctions - turning right": 0.060540279787747224,
        "Junctions - turning left": 0.010371442354076218,
        "Junctions - cutting corners": 0.011095031355523395,
        "Judgement - overtaking": 0.009406657018813314,
        "Judgement - meeting": 0.1854799807042933,
        "Judgement - crossing": 0.017848528702363725,
        "Positioning - normal driving": 0.18355041003376749,
        "Positioning - lane discipline": 0.06512301013024602,
        "Pedestrian crossing": 0.06536420646406174,
        "Position - normal stops": 0.21490593342981187,
        "Awareness / planning": 0.12928123492522914,
        "Ancillary controls": 0.009889049686444766
    },
    "fails": {
        "Eyesight": 0.000723589001447178,
        "Emergency stop": 0.00241196333815726,
        "Reverse right - control": 0.009406657018813314,
        "Reverse right - observation": 0.006994693680656054,
        "Parallel park - control": 0.018330921369995177,
        "Parallel park - observation": 0.010130246020260492,
        "Reverse bay park - control": 0.02050168837433671,
        "Reverse bay park - observation": 0.006994693680656054,
        "Vehicle checks": 0.006271104679208876,
        "Forward bay park - control": 0.01326579835986493,
        "Forward bay park - observation": 0.00844187168355041,
        "Precautions": 0.0,
        "Control - accelerator": 0.0,
        "Control - clutch": 0.0,
        "Control - gears": 0.007959479015918957,
        "Control - Footbrake": 0.003859141341051616,
        "Control - parking brake": 0.001688374336710082,
        "Control - steering": 0.08610709117221418,
        "Move off - safely": 0.04703328509406657,
        "Move off - control": 0.0306319343945972,
        "Mirrors - signalling": 0.000964785335262904,
        "Mirrors - change direction": 0.10636758321273516,
        "Mirrors - change speed": 0.03328509406657019,
        "Signals - necessary": 0.00482392667631452,
        "Signals - correctly": 0.016642547033285094,
        "Signals - timed": 0.000964785335262904,
        "Clearance / obstructions": 0.02580800771828268,
        "Response to traffic signs": 0.038832609744331885,
        "Response to road markings": 0.02219006271104679,
        "Response to traffic lights": 0.05740472744814279,
        "Response to traffic controllers": 0.0,
        "Response to road users": 0.011818620356970575,
        "Use of speed (too fast)": 0.02942595272551857,
        "Following distance": 0.004582730342498794,
        "Progress - speed (too slow)": 0.05668113844669561,
        "Progress - undue hesitation": 0.03569705740472745,
        "Junctions - approach speed": 0.005788712011577424,
        "Junctions - observation": 0.09840810419681621,
        "Junctions - turning right": 0.049204052098408106,
        "Junctions - turning left": 0.004582730342498794,
        "Junctions - cutting corners": 0.00241196333815726,
        "Judgement - overtaking": 0.006994693680656054,
        "Judgement - meeting": 0.05595754944524843,
        "Judgement - crossing": 0.02363724071394115,
        "Positioning - normal driving": 0.05668113844669561,
        "Positioning - lane discipline": 0.010371442354076218,
        "Pedestrian crossing": 0.05016883743367101,
        "Position - normal stops": 0.01085383502170767,
        "Awareness / planning": 0.029667149059334298,
        "Ancillary controls": 0.0
    },
    "maneuvres": [
        {
            "name": "Forward bay park",
            "frequency": 0.24167872648335745,
            "pass": 0.4091816367265469,
            "maneuvre_fails": 0.08383233532934131
        },
        {
            "name": "Reverse bay park",
            "frequency": 0.24336710082006754,
            "pass": 0.41427155599603566,
            "maneuvre_fails": 0.10802775024777007
        },
        {
            "name": "Parallel park",
            "frequency": 0.25180897250361794,
            "pass": 0.4434865900383142,
            "maneuvre_fails": 0.10632183908045977
        },
        {
            "name": "Reverse right",
            "frequency": 0.2583212735166425,
            "pass": 0.36881419234360413,
            "maneuvre_fails": 0.06255835667600373
        },
        {
            "name": "Emergency stop",
            "frequency": 0.31596719729860107,
            "pass": 0.48244274809160304,
            "maneuvre_fails": 0.007633587786259542
        }
    ],
    "totalTestCount": 4146,
    "dailyTestCount": 19.28372093023256,
    "pass": 0.40665701881331406,
    "dangerous_count": 0.1652194886637723,
    "serious_count": 0.9732272069464544,
    "minor_count": 5.298359864930053,
    "dangerous_any": 0.14302942595272553,
    "serious_any": 0.5446213217559093,
    "minor_any": 0.9848046309696092,
    "first_attempt": 0.4548962855764592,
    "attempts": 2.249155812831645,
    "times": [
        {
            "dayType": "Mon-Fri",
            "time": "07:00-08:00",
            "pass": 0.4392523364485981,
            "dailyTests": 0.6967441860465116
        },
        {
            "dayType": "Mon-Fri",
            "time": "08:00-09:00",
            "pass": 0.41651865008880995,
            "dailyTests": 7.332093023255814
        },
        {
            "dayType": "Mon-Fri",
            "time": "09:00-10:00",
            "pass": 0.5,
            "dailyTests": 0.013023255813953489
        },
        {
            "dayType": "Mon-Fri",
            "time": "10:00-11:00",
            "pass": 0.4154929577464789,
            "dailyTests": 3.6986046511627904
        },
        {
            "dayType": "Mon-Fri",
            "time": "11:00-12:00",
            "pass": 0.4188911704312115,
            "dailyTests": 3.1711627906976747
        },
        {
            "dayType": "Mon-Fri",
            "time": "12:00-13:00",
            "pass": 0.4170305676855895,
            "dailyTests": 2.9823255813953486
        },
        {
            "dayType": "Mon-Fri",