{
    "minors": {
        "Eyesight": 0.0,
        "Emergency stop": 0.0,
        "Reverse right - control": 0.0,
        "Reverse right - observation": 0.0,
        "Parallel park - control": 0.03225806451612903,
        "Parallel park - observation": 0.03225806451612903,
        "Reverse bay park - control": 0.12903225806451613,
        "Reverse bay park - observation": 0.03225806451612903,
        "Vehicle checks": 0.16129032258064516,
        "Forward bay park - control": 0.06451612903225806,
        "Forward bay park - observation": 0.0,
        "Precautions": 0.0,
        "Control - accelerator": 0.0,
        "Control - clutch": 0.03225806451612903,
        "Control - gears": 0.2903225806451613,
        "Control - Footbrake": 0.12903225806451613,
        "Control - parking brake": 0.0,
        "Control - steering": 0.25806451612903225,
        "Move off - safely": 0.25806451612903225,
        "Move off - control": 0.3225806451612903,
        "Mirrors - signalling": 0.03225806451612903,
        "Mirrors - change direction": 0.12903225806451613,
        "Mirrors - change speed": 0.0,
        "Signals - necessary": 0.03225806451612903,
        "Signals - correctly": 0.0967741935483871,
        "Signals - timed": 0.03225806451612903,
        "Clearance / obstructions": 0.03225806451612903,
        "Response to traffic signs": 0.03225806451612903,
        "Response to road markings": 0.0,
        "Response to traffic lights": 0.06451612903225806,
        "Response to traffic controllers": 0.0,
        "Response to road users": 0.06451612903225806,
        "Use of speed (too fast)": 0.0967741935483871,
        "Following distance": 0.03225806451612903,
        "Progress - speed (too slow)": 0.4838709677419355,
        "Progress - undue hesitation": 0.2903225806451613,
        "Junctions - approach speed": 0.16129032258064516,
        "Junctions - observation": 0.2903225806451613,
        "Junctions - turning right": 0.12903225806451613,
        "Junctions - turning left": 0.03225806451612903,
        "Junctions - cutting corners": 0.0,
        "Judgement - overtaking": 0.0,
        "Judgement - meeting": 0.06451612903225806,
        "Judgement - crossing": 0.0,
        "Positioning - normal driving": 0.0967741935483871,
        "Positioning - lane discipline": 0.03225806451612903,
        "Pedestrian crossing": 0.0,
        "Position - normal stops": 0.16129032258064516,
        "Awareness / planning": 0.0967741935483871,
        "Ancillary controls": 0.0
    },
    "fails": {
        "Eyesight": 0.0,
        "Emergency stop": 0.0,
        "Reverse right - control": 0.0,
        "Reverse right - observation": 0.0,
        "Parallel park - control": 0.03225806451612903,
        "Parallel park - observation": 0.03225806451612903,
        "Reverse bay park - control": 0.0,
        "Reverse bay park - observation": 0.03225806451612903,
        "Vehicle checks": 0.0,
        "Forward bay park - control": 0.0,
        "Forward bay park - observation": 0.03225806451612903,
        "Precautions": 0.0,
        "Control - accelerator": 0.0,
        "Control - clutch": 0.0,
        "Control - gears": 0.0,
        "Control - Footbrake": 0.0,
        "Control - parking brake": 0.0,
        "Control - steering": 0.0,
        "Move off - safely": 0.03225806451612903,
        "Move off - control": 0.16129032258064516,
        "Mirrors - signalling": 0.0,
        "Mirrors - change direction": 0.03225806451612903,
        "Mirrors - change speed": 0.03225806451612903,
        "Signals - necessary": 0.0,
        "Signals - correctly": 0.0,
        "Signals - timed": 0.0,
        "Clearance / obstructions": 0.0,
        "Response to traffic signs": 0.03225806451612903,
        "Response to road markings": 0.0,
        "Response to traffic lights": 0.0967741935483871,
        "Response to traffic controllers": 0.0,
        "Response to road users": 0.0,
        "Use of speed (too fast)": 0.06451612903225806,
        "Following distance": 0.0,
        "Progress - speed (too slow)": 0.0,
        "Progress - undue hesitation": 0.0,
        "Junctions - approach speed": 0.03225806451612903,
        "Junctions - observation": 0.12903225806451613,
        "Junctions - turning right": 0.0,
        "Junctions - turning left": 0.0,
        "Junctions - cutting corners": 0.0,
        "Judgement - overtaking": 0.0,
        "Judgement - meeting": 0.0,
        "Judgement - crossing": 0.0,
        "Positioning - normal driving": 0.03225806451612903,
        "Positioning - lane discipline": 0.06451612903225806,
        "Pedestrian crossing": 0.0,
        "Position - normal stops": 0.0,
        "Awareness / planning": 0.03225806451612903,
        "Ancillary controls": 0.0
    },
    "maneuvres": [
        {
            "name": "Forward bay park",
            "frequency": 0.25806451612903225,
            "pass": 0.375,
            "maneuvre_fails": 0.125
        },
        {
            "name": "Reverse bay park",
            "frequency": 0.22580645161290322,
            "pass": 0.7142857142857143,
            "maneuvre_fails": 0.14285714285714285
        },
        {
            "name": "Parallel park",
            "frequency": 0.22580645161290322,
            "pass": 0.2857142857142857,
            "maneuvre_fails": 0.2857142857142857
        },
        {
            "name": "Reverse right",
            "frequency": 0.2903225806451613,
            "pass": 0.6666666666666666,
            "maneuvre_fails": 0.0
        },
        {
            "name": "Emergency stop",
            "frequency": 0.12903225806451613,
            "pass": 0.75,
            "maneuvre_fails": 0.0
        }
    ],
    "totalTestCount": 31,
    "dailyTestCount": 0.14418604651162792,
    "pass": 0.5161290322580645,
    "dangerous_count": 0.03225806451612903,
    "serious_count": 0.8709677419354839,
    "minor_count": 4.225806451612903,
    "dangerous_any": 0.03225806451612903,
    "serious_any": 0.4838709677419355,
    "minor_any": 1.0,
    "first_attempt": 0.4838709677419355,
    "attempts": 2.3870967741935485,
    "times": [
        {
            "dayType": "Mon-Fri",
            "time": "07:00-08:00",
            "pass": 1.0,
            "dailyTests": 0.0065116279069767444
        },
        {
            "dayType": "Mon-Fri",
            "time": "08:00-09:00",
            "pass": 0.6,
            "dailyTests": 0.03255813953488372
        },
        {
            "dayType": "Mon-Fri",
            "time": "09:00-10:00",
            "pass": 0.6,
            "dailyTests": 0.03255813953488372
        },
        {
            "dayType": "Mon-Fri",
            "time": "10:00-11:00",
            "pass": 0.3333333333333333,
            "dailyTests": 0.03906976744186046
        },
        {
            "dayType": "Mon-Fri",
            "time": "11:00-12:00",
            "pass": 0.2,
            "dailyTests": 0.03255813953488372
        },
        {
            "dayType": "Mon-Fri",
            "time": "12:00-13:00",
            "pass": 0.3333333333333333,
            "dailyTests": 0.01953488372093023
        },
        {
            "dayType": "Mon-Fri",
            "time": "14:00-15:00",
            "pass": 1.0,
            "dailyTests": 0.026046511627906978
        },
        {
            "dayType": "Mon-Fri",
            "time": "15:00-16:00",
            "pass": 0.5,
            "dailyTests": 0.013023255813953489
        },
        {
            "dayType": "Mon-Fri",
            "pass": 0.5161290322580645,
            "dailyTests": 0.20186046511627911,
            "time": "All times"
        }
    ],
    "name": "Inverness (Longman Drive)",
    "id": 1237,
    "address": {
        "name": "Inverness (Longman Drive)",
        "latitude": 57.4908759,
        "longitude": -4.2295034,
        "addrLine1": "Driver and Vehicle Standards Agency",
        "addrLine2": "Driving Test Centre Inverness",
        "addrLine3": "4 Longman Drive",
        "addrLine4": "Inverness",
        "addrLine5": "",