{
    "minors": {
        "Eyesight": 0.0,
        "Emergency stop": 0.0,
        "Reverse right - control": 0.014084507042253521,
        "Reverse right - observation": 0.08450704225352113,
        "Parallel park - control": 0.0,
        "Parallel park - observation": 0.04225352112676056,
        "Reverse bay park - control": 0.056338028169014086,
        "Reverse bay park - observation": 0.028169014084507043,
        "Vehicle checks": 0.014084507042253521,
        "Forward bay park - control": 0.08450704225352113,
        "Forward bay park - observation": 0.0,
        "Precautions": 0.014084507042253521,
        "Control - accelerator": 0.0,
        "Control - clutch": 0.028169014084507043,
        "Control - gears": 0.08450704225352113,
        "Control - Footbrake": 0.0,
        "Control - parking brake": 0.014084507042253521,
        "Control - steering": 0.18309859154929578,
        "Move off - safely": 0.4084507042253521,
        "Move off - control": 0.352112676056338,
        "Mirrors - signalling": 0.4647887323943662,
        "Mirrors - change direction": 0.11267605633802817,
        "Mirrors - change speed": 0.07042253521126761,
        "Signals - necessary": 0.07042253521126761,
        "Signals - correctly": 0.11267605633802817,
        "Signals - timed": 0.07042253521126761,
        "Clearance / obstructions": 0.11267605633802817,
        "Response to traffic signs": 0.0,
        "Response to road markings": 0.14084507042253522,
        "Response to traffic lights": 0.014084507042253521,
        "Response to traffic controllers": 0.0,
        "Response to road users": 0.014084507042253521,
        "Use of speed (too fast)": 0.056338028169014086,
        "Following distance": 0.014084507042253521,
        "Progress - speed (too slow)": 0.22535211267605634,
        "Progress - undue hesitation": 0.22535211267605634,
        "Junctions - approach speed": 0.07042253521126761,
        "Junctions - observation": 0.2112676056338028,
        "Junctions - turning right": 0.056338028169014086,
        "Junctions - turning left": 0.014084507042253521,
        "Junctions - cutting corners": 0.0,
        "Judgement - overtaking": 0.0,
        "Judgement - meeting": 0.04225352112676056,
        "Judgement - crossing": 0.0,
        "Positioning - normal driving": 0.08450704225352113,
        "Positioning - lane discipline": 0.0,
        "Pedestrian crossing": 0.014084507042253521,
        "Position - normal stops": 0.16901408450704225,
        "Awareness / planning": 0.09859154929577464,
        "Ancillary controls": 0.0
    },
    "fails": {
        "Eyesight": 0.0,
        "Emergency stop": 0.0,
        "Reverse right - control": 0.0,
        "Reverse right - observation": 0.0,
        "Parallel park - control": 0.028169014084507043,
        "Parallel park - observation": 0.0,
        "Reverse bay park - control": 0.0,
        "Reverse bay park - observation": 0.0,
        "Vehicle checks": 0.0,
        "Forward bay park - control": 0.0,
        "Forward bay park - observation": 0.014084507042253521,
        "Precautions": 0.0,
        "Control - accelerator": 0.0,
        "Control - clutch": 0.0,
        "Control - gears": 0.0,
        "Control - Footbrake": 0.0,
        "Control - parking brake": 0.0,
        "Control - steering": 0.028169014084507043,
        "Move off - safely": 0.056338028169014086,
        "Move off - control": 0.0,
        "Mirrors - signalling": 0.0,
        "Mirrors - change direction": 0.056338028169014086,
        "Mirrors - change speed": 0.014084507042253521,
        "Signals - necessary": 0.0,
        "Signals - correctly": 0.0,
        "Signals - timed": 0.0,
        "Clearance / obstructions": 0.014084507042253521,
        "Response to traffic signs": 0.0,
        "Response to road markings": 0.0,
        "Response to traffic lights": 0.014084507042253521,
        "Response to traffic controllers": 0.0,
        "Response to road users": 0.0,
        "Use of speed (too fast)": 0.014084507042253521,
        "Following distance": 0.0,
        "Progress - speed (too slow)": 0.0,
        "Progress - undue hesitation": 0.0,
        "Junctions - approach speed": 0.0,
        "Junctions - observation": 0.15492957746478872,
        "Junctions - turning right": 0.04225352112676056,
        "Junctions - turning left": 0.0,
        "Junctions - cutting corners": 0.0,
        "Judgement - overtaking": 0.014084507042253521,
        "Judgement - meeting": 0.0,
        "Judgement - crossing": 0.014084507042253521,
        "Positioning - normal driving": 0.028169014084507043,
        "Positioning - lane discipline": 0.0,
        "Pedestrian crossing": 0.0,
        "Position - normal stops": 0.014084507042253521,
        "Awareness / planning": 0.014084507042253521,
        "Ancillary controls": 0.0
    },
    "maneuvres": [
        {
            "name": "Forward bay park",
            "frequency": 0.3380281690140845,
            "pass": 0.7083333333333334,
            "maneuvre_fails": 0.041666666666666664
        },
        {
            "name": "Reverse bay park",
            "frequency": 0.2112676056338028,
            "pass": 0.8,
            "maneuvre_fails": 0.0
        },
        {
            "name": "Parallel park",
            "frequency": 0.14084507042253522,
            "pass": 0.4,
            "maneuvre_fails": 0.2
        },
        {
            "name": "Reverse right",
            "frequency": 0.29577464788732394,
            "pass": 0.7619047619047619,
            "maneuvre_fails": 0.0
        },
        {
            "name": "Emergency stop",
            "frequency": 0.2676056338028169,
            "pass": 0.8421052631578947,
            "maneuvre_fails": 0.0
        }
    ],
    "totalTestCount": 71,
    "dailyTestCount": 0.3302325581395349,
    "pass": 0.6901408450704225,
    "dangerous_count": 0.014084507042253521,
    "serious_count": 0.5211267605633803,
    "minor_count": 3.8732394366197185,
    "dangerous_any": 0.014084507042253521,
    "serious_any": 0.30985915492957744,
    "minor_any": 0.9859154929577465,
    "first_attempt": 0.5070422535211268,
    "attempts": 1.7605633802816902,
    "times": [
        {
            "dayType": "Mon-Fri",
            "time": "08:00-09:00",
            "pass": 0.875,
            "dailyTests": 0.052093023255813956
        },
        {
            "dayType": "Mon-Fri",
            "time": "09:00-10:00",
            "pass": 0.7142857142857143,
            "dailyTests": 0.09116279069767441
        },
        {
            "dayType": "Mon-Fri",
            "time": "10:00-11:00",
            "pass": 0.6923076923076923,
            "dailyTests": 0.08465116279069768
        },
        {
            "dayType": "Mon-Fri",
            "time": "11:00-12:00",
            "pass": 0.6666666666666666,
            "dailyTests": 0.0586046511627907
        },
        {
            "dayType": "Mon-Fri",
            "time": "12:00-13:00",
            "pass": 0.5,
            "dailyTests": 0.06511627906976744
        },
        {
            "dayType": "Mon-Fri",
            "time": "13:00-14:00",
            "pass": 0.8,
            "dailyTests": 0.03255813953488372
        },
        {
            "dayType": "Mon-Fri",
            "time": "14:00-15:00",
            "pass": 0.6,
            "dailyTests": 0.06511627906976744
        },
        {
            "dayType": "Mon-Fri",
            "time": "15:00-16:00",
            "pass": 1.0,
            "dailyTests": 0.013023255813953489
        },
        {
            "dayType": "Mon-Fri",
            "pass": 0.6901408450704225,
            "dailyTests": 0.4623255813953488,
            "time": "All times"
        }
    ],
    "name": "Carlisle",
    "id": 1276,
    "address": {
        "name": "Carlisle",
        "latitude": 54.8967826,
        "longitude": -2.9524503,
        "addrLine1": "Driver and Vehicle Standards Agency",
        "addrLine2": "Driving Test Centre Carlisle",
        "addrLine3": "Port Road Business Park, Port Road",