{
    "minors": {
        "Eyesight": 0.0,
        "Emergency stop": 0.00784313725490196,
        "Reverse right - control": 0.023529411764705882,
        "Reverse right - observation": 0.07973856209150326,
        "Parallel park - control": 0.11764705882352941,
        "Parallel park - observation": 0.1111111111111111,
        "Reverse bay park - control": 0.07973856209150326,
        "Reverse bay park - observation": 0.022222222222222223,
        "Vehicle checks": 0.11503267973856209,
        "Forward bay park - control": 0.02483660130718954,
        "Forward bay park - observation": 0.013071895424836602,
        "Precautions": 0.00261437908496732,
        "Control - accelerator": 0.00784313725490196,
        "Control - clutch": 0.01045751633986928,
        "Control - gears": 0.09673202614379085,
        "Control - Footbrake": 0.0457516339869281,
        "Control - parking brake": 0.00392156862745098,
        "Control - steering": 0.3176470588235294,
        "Move off - safely": 0.8013071895424837,
        "Move off - control": 0.26666666666666666,
        "Mirrors - signalling": 0.1084967320261438,
        "Mirrors - change direction": 0.17908496732026144,
        "Mirrors - change speed": 0.16209150326797386,
        "Signals - necessary": 0.04967320261437908,
        "Signals - correctly": 0.1542483660130719,
        "Signals - timed": 0.030065359477124184,
        "Clearance / obstructions": 0.02875816993464052,
        "Response to traffic signs": 0.07058823529411765,
        "Response to road markings": 0.01699346405228758,
        "Response to traffic lights": 0.006535947712418301,
        "Response to traffic controllers": 0.00261437908496732,
        "Response to road users": 0.022222222222222223,
        "Use of speed (too fast)": 0.2875816993464052,
        "Following distance": 0.0915032679738562,
        "Progress - speed (too slow)": 0.4849673202614379,
        "Progress - undue hesitation": 0.3437908496732026,
        "Junctions - approach speed": 0.13725490196078433,
        "Junctions - observation": 0.27058823529411763,
        "Junctions - turning right": 0.06143790849673202,
        "Junctions - turning left": 0.08627450980392157,
        "Junctions - cutting corners": 0.023529411764705882,
        "Judgement - overtaking": 0.05228758169934641,
        "Judgement - meeting": 0.0784313725490196,
        "Judgement - crossing": 0.00392156862745098,
        "Positioning - normal driving": 0.21045751633986928,
        "Positioning - lane discipline": 0.01699346405228758,
        "Pedestrian crossing": 0.01699346405228758,
        "Position - normal stops": 0.21176470588235294,
        "Awareness / planning": 0.09281045751633987,
        "Ancillary controls": 0.00392156862745098
    },
    "fails": {
        "Eyesight": 0.0,
        "Emergency stop": 0.00261437908496732,
        "Reverse right - control": 0.006535947712418301,
        "Reverse right - observation": 0.01699346405228758,
        "Parallel park - control": 0.03790849673202614,
        "Parallel park - observation": 0.03529411764705882,
        "Reverse bay park - control": 0.013071895424836602,
        "Reverse bay park - observation": 0.013071895424836602,
        "Vehicle checks": 0.00261437908496732,
        "Forward bay park - control": 0.00522875816993464,
        "Forward bay park - observation": 0.00261437908496732,
        "Precautions": 0.0,
        "Control - accelerator": 0.0,
        "Control - clutch": 0.0,
        "Control - gears": 0.009150326797385621,
        "Control - Footbrake": 0.0,
        "Control - parking brake": 0.00130718954248366,
        "Control - steering": 0.022222222222222223,
        "Move off - safely": 0.0915032679738562,
        "Move off - control": 0.018300653594771243,
        "Mirrors - signalling": 0.00392156862745098,
        "Mirrors - change direction": 0.02091503267973856,
        "Mirrors - change speed": 0.023529411764705882,
        "Signals - necessary": 0.00392156862745098,
        "Signals - correctly": 0.00261437908496732,
        "Signals - timed": 0.0,
        "Clearance / obstructions": 0.00261437908496732,
        "Response to traffic signs": 0.058823529411764705,
        "Response to road markings": 0.00261437908496732,
        "Response to traffic lights": 0.00392156862745098,
        "Response to traffic controllers": 0.0,
        "Response to road users": 0.00130718954248366,
        "Use of speed (too fast)": 0.06013071895424837,
        "Following distance": 0.018300653594771243,
        "Progress - speed (too slow)": 0.043137254901960784,
        "Progress - undue hesitation": 0.018300653594771243,
        "Junctions - approach speed": 0.018300653594771243,
        "Junctions - observation": 0.08888888888888889,
        "Junctions - turning right": 0.027450980392156862,
        "Junctions - turning left": 0.00522875816993464,
        "Junctions - cutting corners": 0.00261437908496732,
        "Judgement - overtaking": 0.009150326797385621,
        "Judgement - meeting": 0.009150326797385621,
        "Judgement - crossing": 0.006535947712418301,
        "Positioning - normal driving": 0.043137254901960784,
        "Positioning - lane discipline": 0.0,
        "Pedestrian crossing": 0.00784313725490196,
        "Position - normal stops": 0.01045751633986928,
        "Awareness / planning": 0.01045751633986928,
        "Ancillary controls": 0.0
    },
    "maneuvres": [
        {
            "name": "Forward bay park",
            "frequency": 0.1542483660130719,
            "pass": 0.5677966101694916,
            "maneuvre_fails": 0.05084745762711865
        },
        {
            "name": "Reverse bay park",
            "frequency": 0.1738562091503268,
            "pass": 0.5789473684210527,
            "maneuvre_fails": 0.14285714285714285
        },
        {
            "name": "Parallel park",
            "frequency": 0.3437908496732026,
            "pass": 0.532319391634981,
            "maneuvre_fails": 0.19391634980988592
        },
        {
            "name": "Reverse right",
            "frequency": 0.32287581699346407,
            "pass": 0.5910931174089069,
            "maneuvre_fails": 0.0728744939271255
        },
        {
            "name": "Emergency stop",
            "frequency": 0.18823529411764706,
            "pass": 0.6597222222222222,
            "maneuvre_fails": 0.013888888888888888
        }
    ],
    "totalTestCount": 765,
    "dailyTestCount": 3.558139534883721,
    "pass": 0.5620915032679739,
    "dangerous_count": 0.022222222222222223,
    "serious_count": 0.7594771241830065,
    "minor_count": 5.45359477124183,
    "dangerous_any": 0.02091503267973856,
    "serious_any": 0.43137254901960786,
    "minor_any": 0.9647058823529412,
    "first_attempt": 0.4823529411764706,
    "attempts": 2.1856209150326795,
    "times": [
        {
            "dayType": "Mon-Fri",
            "time": "07:00-08:00",
            "pass": 0.6285714285714286,
            "dailyTests": 0.4558139534883721
        },
        {
            "dayType": "Mon-Fri",
            "time": "08:00-09:00",
            "pass": 0.6354166666666666,
            "dailyTests": 0.6251162790697674
        },
        {
            "dayType": "Mon-Fri",
            "time": "09:00-10:00",
            "pass": 0.6122448979591837,
            "dailyTests": 0.6381395348837209
        },
        {
            "dayType": "Mon-Fri",
            "time": "10:00-11:00",
            "pass": 0.6421052631578947,
            "dailyTests": 0.6186046511627907
        },
        {
            "dayType": "Mon-Fri",
            "time": "11:00-12:00",
            "pass": 0.5934065934065934,
            "dailyTests": 0.5925581395348838
        },
        {
            "dayType": "Mon-Fri",
            "time": "12:00-13:00",
            "pass": 0.45555555555555555,
            "dailyTests": 0.586046511627907
        },
        {
            "dayType": "Mon-Fri",
            "time": "13:00-14:00",
            "pass": 0.45348837209302323,