{
    "minors": {
        "Eyesight": 0.0,
        "Emergency stop": 0.01485148514851485,
        "Reverse right - control": 0.034653465346534656,
        "Reverse right - observation": 0.03712871287128713,
        "Parallel park - control": 0.12376237623762376,
        "Parallel park - observation": 0.10148514851485149,
        "Reverse bay park - control": 0.03712871287128713,
        "Reverse bay park - observation": 0.022277227722772276,
        "Vehicle checks": 0.16336633663366337,
        "Forward bay park - control": 0.04702970297029703,
        "Forward bay park - observation": 0.027227722772277228,
        "Precautions": 0.0024752475247524753,
        "Control - accelerator": 0.0024752475247524753,
        "Control - clutch": 0.01485148514851485,
        "Control - gears": 0.0891089108910891,
        "Control - Footbrake": 0.04950495049504951,
        "Control - parking brake": 0.017326732673267328,
        "Control - steering": 0.2004950495049505,
        "Move off - safely": 0.5321782178217822,
        "Move off - control": 0.3217821782178218,
        "Mirrors - signalling": 0.16831683168316833,
        "Mirrors - change direction": 0.06683168316831684,
        "Mirrors - change speed": 0.15346534653465346,
        "Signals - necessary": 0.04455445544554455,
        "Signals - correctly": 0.1188118811881188,
        "Signals - timed": 0.06435643564356436,
        "Clearance / obstructions": 0.2301980198019802,
        "Response to traffic signs": 0.0024752475247524753,
        "Response to road markings": 0.019801980198019802,
        "Response to traffic lights": 0.0024752475247524753,
        "Response to traffic controllers": 0.0024752475247524753,
        "Response to road users": 0.027227722772277228,
        "Use of speed (too fast)": 0.1188118811881188,
        "Following distance": 0.08415841584158416,
        "Progress - speed (too slow)": 0.2301980198019802,
        "Progress - undue hesitation": 0.37376237623762376,
        "Junctions - approach speed": 0.16336633663366337,
        "Junctions - observation": 0.18811881188118812,
        "Junctions - turning right": 0.09405940594059406,
        "Junctions - turning left": 0.009900990099009901,
        "Junctions - cutting corners": 0.0049504950495049506,
        "Judgement - overtaking": 0.024752475247524754,
        "Judgement - meeting": 0.08168316831683169,
        "Judgement - crossing": 0.009900990099009901,
        "Positioning - normal driving": 0.1188118811881188,
        "Positioning - lane discipline": 0.06683168316831684,
        "Pedestrian crossing": 0.0024752475247524753,
        "Position - normal stops": 0.13613861386138615,
        "Awareness / planning": 0.034653465346534656,
        "Ancillary controls": 0.0
    },
    "fails": {
        "Eyesight": 0.0,
        "Emergency stop": 0.0049504950495049506,
        "Reverse right - control": 0.0024752475247524753,
        "Reverse right - observation": 0.009900990099009901,
        "Parallel park - control": 0.027227722772277228,
        "Parallel park - observation": 0.024752475247524754,
        "Reverse bay park - control": 0.009900990099009901,
        "Reverse bay park - observation": 0.0024752475247524753,
        "Vehicle checks": 0.007425742574257425,
        "Forward bay park - control": 0.0024752475247524753,
        "Forward bay park - observation": 0.012376237623762377,
        "Precautions": 0.0,
        "Control - accelerator": 0.0,
        "Control - clutch": 0.0,
        "Control - gears": 0.017326732673267328,
        "Control - Footbrake": 0.007425742574257425,
        "Control - parking brake": 0.0,
        "Control - steering": 0.034653465346534656,
        "Move off - safely": 0.06188118811881188,
        "Move off - control": 0.04455445544554455,
        "Mirrors - signalling": 0.007425742574257425,
        "Mirrors - change direction": 0.017326732673267328,
        "Mirrors - change speed": 0.022277227722772276,
        "Signals - necessary": 0.0049504950495049506,
        "Signals - correctly": 0.019801980198019802,
        "Signals - timed": 0.0,
        "Clearance / obstructions": 0.03712871287128713,
        "Response to traffic signs": 0.01485148514851485,
        "Response to road markings": 0.012376237623762377,
        "Response to traffic lights": 0.0049504950495049506,
        "Response to traffic controllers": 0.0,
        "Response to road users": 0.0024752475247524753,
        "Use of speed (too fast)": 0.0297029702970297,
        "Following distance": 0.019801980198019802,
        "Progress - speed (too slow)": 0.009900990099009901,
        "Progress - undue hesitation": 0.022277227722772276,
        "Junctions - approach speed": 0.007425742574257425,
        "Junctions - observation": 0.12623762376237624,
        "Junctions - turning right": 0.07425742574257425,
        "Junctions - turning left": 0.0,
        "Junctions - cutting corners": 0.0024752475247524753,
        "Judgement - overtaking": 0.0049504950495049506,
        "Judgement - meeting": 0.017326732673267328,
        "Judgement - crossing": 0.0024752475247524753,
        "Positioning - normal driving": 0.03217821782178218,
        "Positioning - lane discipline": 0.0024752475247524753,
        "Pedestrian crossing": 0.0049504950495049506,
        "Position - normal stops": 0.017326732673267328,
        "Awareness / planning": 0.007425742574257425,
        "Ancillary controls": 0.0024752475247524753
    },
    "maneuvres": [
        {
            "name": "Forward bay park",
            "frequency": 0.2301980198019802,
            "pass": 0.5161290322580645,
            "maneuvre_fails": 0.06451612903225806
        },
        {
            "name": "Reverse bay park",
            "frequency": 0.18564356435643564,
            "pass": 0.49333333333333335,
            "maneuvre_fails": 0.05333333333333334
        },
        {
            "name": "Parallel park",
            "frequency": 0.30445544554455445,
            "pass": 0.5691056910569106,
            "maneuvre_fails": 0.15447154471544716
        },
        {
            "name": "Reverse right",
            "frequency": 0.26485148514851486,
            "pass": 0.5887850467289719,
            "maneuvre_fails": 0.037383177570093455
        },
        {
            "name": "Emergency stop",
            "frequency": 0.3118811881188119,
            "pass": 0.7698412698412699,
            "maneuvre_fails": 0.015873015873015872
        }
    ],
    "totalTestCount": 404,
    "dailyTestCount": 1.8790697674418604,
    "pass": 0.5396039603960396,
    "dangerous_count": 0.10148514851485149,
    "serious_count": 0.7004950495049505,
    "minor_count": 4.482673267326732,
    "dangerous_any": 0.0891089108910891,
    "serious_any": 0.41089108910891087,
    "minor_any": 0.9529702970297029,
    "first_attempt": 0.5495049504950495,
    "attempts": 1.7846534653465347,
    "times": [
        {
            "dayType": "Mon-Fri",
            "time": "08:00-09:00",
            "pass": 0.3333333333333333,
            "dailyTests": 0.09767441860465116
        },
        {
            "dayType": "Mon-Fri",
            "time": "09:00-10:00",
            "pass": 0.573170731707317,
            "dailyTests": 0.5339534883720931
        },
        {
            "dayType": "Mon-Fri",
            "time": "10:00-11:00",
            "pass": 0.5595238095238095,
            "dailyTests": 0.5469767441860465
        },
        {
            "dayType": "Mon-Fri",
            "time": "11:00-12:00",
            "pass": 0.5617977528089888,
            "dailyTests": 0.5795348837209302
        },
        {
            "dayType": "Mon-Fri",
            "time": "12:00-13:00",
            "pass": 0.5875,
            "dailyTests": 0.5209302325581395
        },
        {
            "dayType": "Mon-Fri",
            "time": "13:00-14:00",
            "pass": 0.35714285714285715,
            "dailyTests": 0.18232558139534882
        },
        {
            "dayType": "Mon-Fri",
            "time": "14:00-15:00",