{
    "minors": {
        "Eyesight": 0.0,
        "Emergency stop": 0.022981732469063054,
        "Reverse right - control": 0.022392457277548614,
        "Reverse right - observation": 0.028874484384207425,
        "Parallel park - control": 0.0901591043017089,
        "Parallel park - observation": 0.03358868591632292,
        "Reverse bay park - control": 0.09487330583382439,
        "Reverse bay park - observation": 0.022981732469063054,
        "Vehicle checks": 0.15085444902769593,
        "Forward bay park - control": 0.06305244549204478,
        "Forward bay park - observation": 0.015321154979375369,
        "Precautions": 0.0029463759575721863,
        "Control - accelerator": 0.0011785503830288745,
        "Control - clutch": 0.03358868591632292,
        "Control - gears": 0.05185621685327048,
        "Control - Footbrake": 0.08956982911019445,
        "Control - parking brake": 0.04419563936358279,
        "Control - steering": 0.19210371243370655,
        "Move off - safely": 0.5197407189157337,
        "Move off - control": 0.3565114908662345,
        "Mirrors - signalling": 0.136122569239835,
        "Mirrors - change direction": 0.03535651149086624,
        "Mirrors - change speed": 0.17501473187978786,
        "Signals - necessary": 0.04596346493812611,
        "Signals - correctly": 0.1585150265173836,
        "Signals - timed": 0.031231585150265175,
        "Clearance / obstructions": 0.10253388332351208,
        "Response to traffic signs": 0.028874484384207425,
        "Response to road markings": 0.08780200353565115,
        "Response to traffic lights": 0.008249852681202121,
        "Response to traffic controllers": 0.0,
        "Response to road users": 0.0029463759575721863,
        "Use of speed (too fast)": 0.2009428403064231,
        "Following distance": 0.013553329404832056,
        "Progress - speed (too slow)": 0.41661756040070713,
        "Progress - undue hesitation": 0.47849145550972305,
        "Junctions - approach speed": 0.10724808485562758,
        "Junctions - observation": 0.22038892162639953,
        "Junctions - turning right": 0.01296405421331762,
        "Junctions - turning left": 0.019446081319976428,
        "Junctions - cutting corners": 0.011196228638774307,
        "Judgement - overtaking": 0.014142604596346494,
        "Judgement - meeting": 0.11667648791985857,
        "Judgement - crossing": 0.0035356511490866236,
        "Positioning - normal driving": 0.09840895698291102,
        "Positioning - lane discipline": 0.016499705362404242,
        "Pedestrian crossing": 0.022392457277548614,
        "Position - normal stops": 0.17147908073070123,
        "Awareness / planning": 0.2828520919269299,
        "Ancillary controls": 0.0041249263406010605
    },
    "fails": {
        "Eyesight": 0.0,
        "Emergency stop": 0.0005892751915144372,
        "Reverse right - control": 0.004714201532115498,
        "Reverse right - observation": 0.00648202710665881,
        "Parallel park - control": 0.011196228638774307,
        "Parallel park - observation": 0.011196228638774307,
        "Reverse bay park - control": 0.010017678255745434,
        "Reverse bay park - observation": 0.005303476723629935,
        "Vehicle checks": 0.005303476723629935,
        "Forward bay park - control": 0.004714201532115498,
        "Forward bay park - observation": 0.009428403064230996,
        "Precautions": 0.0005892751915144372,
        "Control - accelerator": 0.0,
        "Control - clutch": 0.0005892751915144372,
        "Control - gears": 0.011196228638774307,
        "Control - Footbrake": 0.012374779021803181,
        "Control - parking brake": 0.0011785503830288745,
        "Control - steering": 0.038892162639952856,
        "Move off - safely": 0.07248084855627578,
        "Move off - control": 0.02592810842663524,
        "Mirrors - signalling": 0.004714201532115498,
        "Mirrors - change direction": 0.012374779021803181,
        "Mirrors - change speed": 0.012374779021803181,
        "Signals - necessary": 0.0058927519151443725,
        "Signals - correctly": 0.015321154979375369,
        "Signals - timed": 0.0017678255745433118,
        "Clearance / obstructions": 0.02828520919269299,
        "Response to traffic signs": 0.02769593400117855,
        "Response to road markings": 0.03535651149086624,
        "Response to traffic lights": 0.00883912787271656,
        "Response to traffic controllers": 0.0005892751915144372,
        "Response to road users": 0.0,
        "Use of speed (too fast)": 0.04065998821449617,
        "Following distance": 0.0058927519151443725,
        "Progress - speed (too slow)": 0.06069534472598703,
        "Progress - undue hesitation": 0.0347672362993518,
        "Junctions - approach speed": 0.014142604596346494,
        "Junctions - observation": 0.15910430170889805,
        "Junctions - turning right": 0.015910430170889805,
        "Junctions - turning left": 0.005303476723629935,
        "Junctions - cutting corners": 0.0017678255745433118,
        "Judgement - overtaking": 0.0035356511490866236,
        "Judgement - meeting": 0.04124926340601061,
        "Judgement - crossing": 0.002357100766057749,
        "Positioning - normal driving": 0.02121390689451974,
        "Positioning - lane discipline": 0.002357100766057749,
        "Pedestrian crossing": 0.020624631703005304,
        "Position - normal stops": 0.015910430170889805,
        "Awareness / planning": 0.024160282852091926,
        "Ancillary controls": 0.0005892751915144372
    },
    "maneuvres": [
        {
            "name": "Forward bay park",
            "frequency": 0.23158515026517384,
            "pass": 0.48091603053435117,
            "maneuvre_fails": 0.061068702290076333
        },
        {
            "name": "Reverse bay park",
            "frequency": 0.21567472009428404,
            "pass": 0.5136612021857924,
            "maneuvre_fails": 0.06557377049180328
        },
        {
            "name": "Parallel park",
            "frequency": 0.23806717737183264,
            "pass": 0.452970297029703,
            "maneuvre_fails": 0.08663366336633663
        },
        {
            "name": "Reverse right",
            "frequency": 0.3087802003535651,
            "pass": 0.5477099236641222,
            "maneuvre_fails": 0.03625954198473282
        },
        {
            "name": "Emergency stop",
            "frequency": 0.34119033588685915,
            "pass": 0.5613126079447323,
            "maneuvre_fails": 0.0017271157167530224
        }
    ],
    "totalTestCount": 1697,
    "dailyTestCount": 7.8930232558139535,
    "pass": 0.4991160872127283,
    "dangerous_count": 0.11490866234531526,
    "serious_count": 0.7466116676487919,
    "minor_count": 4.860341779611078,
    "dangerous_any": 0.10371243370654096,
    "serious_any": 0.45374189746611665,
    "minor_any": 0.9799646434885091,
    "first_attempt": 0.502651738361815,
    "attempts": 1.925751325869181,
    "times": [
        {
            "dayType": "Mon-Fri",
            "time": "08:00-09:00",
            "pass": 0.5263157894736842,
            "dailyTests": 1.608372093023256
        },
        {
            "dayType": "Mon-Fri",
            "time": "09:00-10:00",
            "pass": 0.5282258064516129,
            "dailyTests": 1.614883720930233
        },
        {
            "dayType": "Mon-Fri",
            "time": "10:00-11:00",
            "pass": 0.5153846153846153,
            "dailyTests": 1.6930232558139533
        },
        {
            "dayType": "Mon-Fri",
            "time": "11:00-12:00",
            "pass": 0.49583333333333335,
            "dailyTests": 1.5627906976744186
        },
        {
            "dayType": "Mon-Fri",
            "time": "12:00-13:00",
            "pass": 0.48314606741573035,
            "dailyTests": 1.1590697674418604
        },
        {
            "dayType": "Mon-Fri",
            "time": "13:00-14:00",
            "pass": 0.4957627118644068,