{
    "minors": {
        "Eyesight": 0.0,
        "Emergency stop": 0.02358245188139414,
        "Reverse right - control": 0.02601005722212589,
        "Reverse right - observation": 0.04837870643315415,
        "Parallel park - control": 0.08565978845153459,
        "Parallel park - observation": 0.057742327033119475,
        "Reverse bay park - control": 0.10265302583665684,
        "Reverse bay park - observation": 0.04664470261834576,
        "Vehicle checks": 0.1638633604993931,
        "Forward bay park - control": 0.07040055488122074,
        "Forward bay park - observation": 0.03433327553320617,
        "Precautions": 0.0031212068666551067,
        "Control - accelerator": 0.003294607248135946,
        "Control - clutch": 0.03329287324432114,
        "Control - gears": 0.10594763308479278,
        "Control - Footbrake": 0.06433154152939137,
        "Control - parking brake": 0.031732269810993585,
        "Control - steering": 0.3719438182764002,
        "Move off - safely": 0.5047685104907231,
        "Move off - control": 0.331194728628403,
        "Mirrors - signalling": 0.3405583492283683,
        "Mirrors - change direction": 0.23252991156580544,
        "Mirrors - change speed": 0.16490376278827815,
        "Signals - necessary": 0.15120513265129185,
        "Signals - correctly": 0.18189700017340038,
        "Signals - timed": 0.160742153632738,
        "Clearance / obstructions": 0.2155366741806832,
        "Response to traffic signs": 0.027050459511010923,
        "Response to road markings": 0.038148083925784636,
        "Response to traffic lights": 0.04837870643315415,
        "Response to traffic controllers": 0.00017340038148083925,
        "Response to road users": 0.014392231662909658,
        "Use of speed (too fast)": 0.12727588000693602,
        "Following distance": 0.06953355297381654,
        "Progress - speed (too slow)": 0.410958904109589,
        "Progress - undue hesitation": 0.3615397953875499,
        "Junctions - approach speed": 0.0613837350442171,
        "Junctions - observation": 0.1739205826252818,
        "Junctions - turning right": 0.054621120166464365,
        "Junctions - turning left": 0.047685104907230796,
        "Junctions - cutting corners": 0.024102653025836657,
        "Judgement - overtaking": 0.016993237385122248,
        "Judgement - meeting": 0.15796774752904458,
        "Judgement - crossing": 0.011444425177735392,
        "Positioning - normal driving": 0.1584879486734871,
        "Positioning - lane discipline": 0.022368649211028265,
        "Pedestrian crossing": 0.017166637766603085,
        "Position - normal stops": 0.1829374024622854,
        "Awareness / planning": 0.0905149991329981,
        "Ancillary controls": 0.01595283509623721
    },
    "fails": {
        "Eyesight": 0.0003468007629616785,
        "Emergency stop": 0.003988208774059303,
        "Reverse right - control": 0.005548812207386856,
        "Reverse right - observation": 0.01647303624067973,
        "Parallel park - control": 0.02306225073695162,
        "Parallel park - observation": 0.024796254551760013,
        "Reverse bay park - control": 0.014392231662909658,
        "Reverse bay park - observation": 0.014565632044390498,
        "Vehicle checks": 0.006762614877752731,
        "Forward bay park - control": 0.004855210681463499,
        "Forward bay park - observation": 0.0071094156407144095,
        "Precautions": 0.0,
        "Control - accelerator": 0.0003468007629616785,
        "Control - clutch": 0.0,
        "Control - gears": 0.009710421362926998,
        "Control - Footbrake": 0.00225420495925091,
        "Control - parking brake": 0.002774406103693428,
        "Control - steering": 0.042309693081324776,
        "Move off - safely": 0.059302930466447024,
        "Move off - control": 0.02791746141841512,
        "Mirrors - signalling": 0.006589214496271892,
        "Mirrors - change direction": 0.08496618692561124,
        "Mirrors - change speed": 0.01629963585919889,
        "Signals - necessary": 0.009710421362926998,
        "Signals - correctly": 0.018207040055488122,
        "Signals - timed": 0.0020808045777700713,
        "Clearance / obstructions": 0.031212068666551067,
        "Response to traffic signs": 0.04300329460724814,
        "Response to road markings": 0.04300329460724814,
        "Response to traffic lights": 0.050979712155366744,
        "Response to traffic controllers": 0.0,
        "Response to road users": 0.003988208774059303,
        "Use of speed (too fast)": 0.028437662562857638,
        "Following distance": 0.005722212588867696,
        "Progress - speed (too slow)": 0.036240679729495406,
        "Progress - undue hesitation": 0.01647303624067973,
        "Junctions - approach speed": 0.0034680076296167853,
        "Junctions - observation": 0.0839257846367262,
        "Junctions - turning right": 0.020114444251777355,
        "Junctions - turning left": 0.002774406103693428,
        "Junctions - cutting corners": 0.003988208774059303,
        "Judgement - overtaking": 0.010404022888850355,
        "Judgement - meeting": 0.03693428125541876,
        "Judgement - crossing": 0.012311427085139588,
        "Positioning - normal driving": 0.04144269117392058,
        "Positioning - lane discipline": 0.012138026703658747,
        "Pedestrian crossing": 0.01664643662216057,
        "Position - normal stops": 0.006589214496271892,
        "Awareness / planning": 0.014218831281428819,
        "Ancillary controls": 0.0015606034333275533
    },
    "maneuvres": [
        {
            "name": "Forward bay park",
            "frequency": 0.2150164730362407,
            "pass": 0.5040322580645161,
            "maneuvre_fails": 0.0532258064516129
        },
        {
            "name": "Reverse bay park",
            "frequency": 0.23218311080284376,
            "pass": 0.5041075429424944,
            "maneuvre_fails": 0.11127707244212098
        },
        {
            "name": "Parallel park",
            "frequency": 0.2715449973989943,
            "pass": 0.4859514687100894,
            "maneuvre_fails": 0.15134099616858238
        },
        {
            "name": "Reverse right",
            "frequency": 0.27570660655453444,
            "pass": 0.5163522012578616,
            "maneuvre_fails": 0.07672955974842767
        },
        {
            "name": "Emergency stop",
            "frequency": 0.3693428125541876,
            "pass": 0.5995305164319249,
            "maneuvre_fails": 0.0107981220657277
        }
    ],
    "totalTestCount": 5767,
    "dailyTestCount": 26.823255813953487,
    "pass": 0.49973989942777874,
    "dangerous_count": 0.06953355297381654,
    "serious_count": 0.8680423096930813,
    "minor_count": 5.689266516386336,
    "dangerous_any": 0.06398474076642968,
    "serious_any": 0.48066585746488644,
    "minor_any": 0.9847407664296861,
    "first_attempt": 0.4740766429686145,
    "attempts": 2.2247268943991676,
    "times": [
        {
            "dayType": "Mon-Fri",
            "time": "07:00-08:00",
            "pass": 0.4718498659517426,
            "dailyTests": 2.4288372093023254
        },
        {
            "dayType": "Mon-Fri",
            "time": "08:00-09:00",
            "pass": 0.515015015015015,
            "dailyTests": 4.336744186046511
        },
        {
            "dayType": "Mon-Fri",
            "time": "09:00-10:00",
            "pass": 0.5174825174825175,
            "dailyTests": 4.655813953488372
        },
        {
            "dayType": "Mon-Fri",
            "time": "10:00-11:00",
            "pass": 0.5289957567185289,
            "dailyTests": 4.603720930232558
        },
        {
            "dayType": "Mon-Fri",
            "time": "11:00-12:00",
            "pass": 0.5182481751824818,
            "dailyTests": 4.460465116279069
        },
        {
            "dayType": "Mon-Fri",
            "time": "12:00-13:00",
            "pass": 0.4592274678111588,