{
    "minors": {
        "Eyesight": 0.0,
        "Emergency stop": 0.04833836858006042,
        "Reverse right - control": 0.015105740181268883,
        "Reverse right - observation": 0.01812688821752266,
        "Parallel park - control": 0.10574018126888217,
        "Parallel park - observation": 0.0634441087613293,
        "Reverse bay park - control": 0.05740181268882175,
        "Reverse bay park - observation": 0.027190332326283987,
        "Vehicle checks": 0.11178247734138973,
        "Forward bay park - control": 0.030211480362537766,
        "Forward bay park - observation": 0.01812688821752266,
        "Precautions": 0.0,
        "Control - accelerator": 0.0030211480362537764,
        "Control - clutch": 0.02416918429003021,
        "Control - gears": 0.1027190332326284,
        "Control - Footbrake": 0.021148036253776436,
        "Control - parking brake": 0.0513595166163142,
        "Control - steering": 0.6344410876132931,
        "Move off - safely": 0.5166163141993958,
        "Move off - control": 0.4773413897280967,
        "Mirrors - signalling": 0.6193353474320241,
        "Mirrors - change direction": 0.06042296072507553,
        "Mirrors - change speed": 0.27492447129909364,
        "Signals - necessary": 0.09667673716012085,
        "Signals - correctly": 0.2930513595166163,
        "Signals - timed": 0.08459214501510574,
        "Clearance / obstructions": 0.06646525679758308,
        "Response to traffic signs": 0.012084592145015106,
        "Response to road markings": 0.04229607250755287,
        "Response to traffic lights": 0.01812688821752266,
        "Response to traffic controllers": 0.0,
        "Response to road users": 0.01812688821752266,
        "Use of speed (too fast)": 0.1268882175226586,
        "Following distance": 0.0513595166163142,
        "Progress - speed (too slow)": 0.6465256797583081,
        "Progress - undue hesitation": 0.6435045317220544,
        "Junctions - approach speed": 0.11782477341389729,
        "Junctions - observation": 0.3716012084592145,
        "Junctions - turning right": 0.021148036253776436,
        "Junctions - turning left": 0.00906344410876133,
        "Junctions - cutting corners": 0.015105740181268883,
        "Judgement - overtaking": 0.00906344410876133,
        "Judgement - meeting": 0.09365558912386707,
        "Judgement - crossing": 0.00906344410876133,
        "Positioning - normal driving": 0.054380664652567974,
        "Positioning - lane discipline": 0.09063444108761329,
        "Pedestrian crossing": 0.01812688821752266,
        "Position - normal stops": 0.2175226586102719,
        "Awareness / planning": 0.27794561933534745,
        "Ancillary controls": 0.021148036253776436
    },
    "fails": {
        "Eyesight": 0.0,
        "Emergency stop": 0.006042296072507553,
        "Reverse right - control": 0.00906344410876133,
        "Reverse right - observation": 0.00906344410876133,
        "Parallel park - control": 0.054380664652567974,
        "Parallel park - observation": 0.027190332326283987,
        "Reverse bay park - control": 0.00906344410876133,
        "Reverse bay park - observation": 0.0,
        "Vehicle checks": 0.006042296072507553,
        "Forward bay park - control": 0.0030211480362537764,
        "Forward bay park - observation": 0.0,
        "Precautions": 0.0,
        "Control - accelerator": 0.0,
        "Control - clutch": 0.0,
        "Control - gears": 0.012084592145015106,
        "Control - Footbrake": 0.0,
        "Control - parking brake": 0.0,
        "Control - steering": 0.06042296072507553,
        "Move off - safely": 0.06948640483383686,
        "Move off - control": 0.04833836858006042,
        "Mirrors - signalling": 0.021148036253776436,
        "Mirrors - change direction": 0.015105740181268883,
        "Mirrors - change speed": 0.00906344410876133,
        "Signals - necessary": 0.006042296072507553,
        "Signals - correctly": 0.0030211480362537764,
        "Signals - timed": 0.0,
        "Clearance / obstructions": 0.012084592145015106,
        "Response to traffic signs": 0.006042296072507553,
        "Response to road markings": 0.01812688821752266,
        "Response to traffic lights": 0.021148036253776436,
        "Response to traffic controllers": 0.0,
        "Response to road users": 0.0,
        "Use of speed (too fast)": 0.030211480362537766,
        "Following distance": 0.012084592145015106,
        "Progress - speed (too slow)": 0.0513595166163142,
        "Progress - undue hesitation": 0.021148036253776436,
        "Junctions - approach speed": 0.0030211480362537764,
        "Junctions - observation": 0.12084592145015106,
        "Junctions - turning right": 0.012084592145015106,
        "Junctions - turning left": 0.0,
        "Junctions - cutting corners": 0.0,
        "Judgement - overtaking": 0.0030211480362537764,
        "Judgement - meeting": 0.03323262839879154,
        "Judgement - crossing": 0.0030211480362537764,
        "Positioning - normal driving": 0.00906344410876133,
        "Positioning - lane discipline": 0.0,
        "Pedestrian crossing": 0.00906344410876133,
        "Position - normal stops": 0.01812688821752266,
        "Awareness / planning": 0.027190332326283987,
        "Ancillary controls": 0.0
    },
    "maneuvres": [
        {
            "name": "Forward bay park",
            "frequency": 0.14501510574018128,
            "pass": 0.6041666666666666,
            "maneuvre_fails": 0.020833333333333332
        },
        {
            "name": "Reverse bay park",
            "frequency": 0.1691842900302115,
            "pass": 0.5535714285714286,
            "maneuvre_fails": 0.05357142857142857
        },
        {
            "name": "Parallel park",
            "frequency": 0.2930513595166163,
            "pass": 0.5670103092783505,
            "maneuvre_fails": 0.24742268041237114
        },
        {
            "name": "Reverse right",
            "frequency": 0.3867069486404834,
            "pass": 0.609375,
            "maneuvre_fails": 0.0390625
        },
        {
            "name": "Emergency stop",
            "frequency": 0.2990936555891239,
            "pass": 0.6868686868686869,
            "maneuvre_fails": 0.020202020202020204
        }
    ],
    "totalTestCount": 331,
    "dailyTestCount": 1.5395348837209302,
    "pass": 0.5830815709969789,
    "dangerous_count": 0.10574018126888217,
    "serious_count": 0.6827794561933535,
    "minor_count": 6.706948640483383,
    "dangerous_any": 0.09969788519637462,
    "serious_any": 0.38972809667673713,
    "minor_any": 0.972809667673716,
    "first_attempt": 0.48036253776435045,
    "attempts": 1.960725075528701,
    "times": [
        {
            "dayType": "Mon-Fri",
            "time": "08:00-09:00",
            "pass": 0.4883720930232558,
            "dailyTests": 0.56
        },
        {
            "dayType": "Mon-Fri",
            "time": "10:00-11:00",
            "pass": 0.6379310344827587,
            "dailyTests": 0.3776744186046512
        },
        {
            "dayType": "Mon-Fri",
            "time": "11:00-12:00",
            "pass": 0.711864406779661,
            "dailyTests": 0.3841860465116279
        },
        {
            "dayType": "Mon-Fri",
            "time": "12:00-13:00",
            "pass": 0.65625,
            "dailyTests": 0.20837209302325582
        },
        {
            "dayType": "Mon-Fri",
            "time": "13:00-14:00",
            "pass": 0.5555555555555556,
            "dailyTests": 0.35162790697674423
        },
        {
            "dayType": "Mon-Fri",
            "time": "14:00-15:00",
            "pass": 0.5,
            "dailyTests": 0.18232558139534882
        },
        {
            "dayType": "Mon-Fri",
            "time": "15:00-16:00",
            "pass": 0.5,
            "dailyTests": 0.09116279069767441
        },
        {
            "dayType": "Mon-Fri",
            "pass": 0.5830815709969789,
            "dailyTests": 2.155348837209302,