{
    "minors": {
        "Eyesight": 0.0,
        "Emergency stop": 0.014330497089117778,
        "Reverse right - control": 0.032691446484549934,
        "Reverse right - observation": 0.06403940886699508,
        "Parallel park - control": 0.07254814151365875,
        "Parallel park - observation": 0.03537841468875952,
        "Reverse bay park - control": 0.08150470219435736,
        "Reverse bay park - observation": 0.052395879982086876,
        "Vehicle checks": 0.11195700850873265,
        "Forward bay park - control": 0.03940886699507389,
        "Forward bay park - observation": 0.019704433497536946,
        "Precautions": 0.0022391401701746527,
        "Control - accelerator": 0.009852216748768473,
        "Control - clutch": 0.032243618450515,
        "Control - gears": 0.21719659650694134,
        "Control - Footbrake": 0.11867442901925661,
        "Control - parking brake": 0.013882669055082848,
        "Control - steering": 0.45454545454545453,
        "Move off - safely": 0.46842812360053737,
        "Move off - control": 0.30944917151813706,
        "Mirrors - signalling": 0.2619793999104344,
        "Mirrors - change direction": 0.2507836990595611,
        "Mirrors - change speed": 0.2561576354679803,
        "Signals - necessary": 0.07523510971786834,
        "Signals - correctly": 0.13972234661889835,
        "Signals - timed": 0.0600089565606807,
        "Clearance / obstructions": 0.16166592028660995,
        "Response to traffic signs": 0.0380653828929691,
        "Response to road markings": 0.027317510076130765,
        "Response to traffic lights": 0.040304523063143756,
        "Response to traffic controllers": 0.003134796238244514,
        "Response to road users": 0.020600089565606806,
        "Use of speed (too fast)": 0.2122704881325571,
        "Following distance": 0.06672637707120466,
        "Progress - speed (too slow)": 0.35647111509180474,
        "Progress - undue hesitation": 0.38557993730407525,
        "Junctions - approach speed": 0.13076578593819974,
        "Junctions - observation": 0.28884908195253023,
        "Junctions - turning right": 0.050156739811912224,
        "Junctions - turning left": 0.025526197939991044,
        "Junctions - cutting corners": 0.019256605463502014,
        "Judgement - overtaking": 0.019256605463502014,
        "Judgement - meeting": 0.12315270935960591,
        "Judgement - crossing": 0.010747872816838333,
        "Positioning - normal driving": 0.1724137931034483,
        "Positioning - lane discipline": 0.03134796238244514,
        "Pedestrian crossing": 0.019704433497536946,
        "Position - normal stops": 0.11285266457680251,
        "Awareness / planning": 0.0877742946708464,
        "Ancillary controls": 0.013434841021047918
    },
    "fails": {
        "Eyesight": 0.0,
        "Emergency stop": 0.0004478280340349306,
        "Reverse right - control": 0.005373936408419167,
        "Reverse right - observation": 0.008956560680698611,
        "Parallel park - control": 0.016569637259292433,
        "Parallel park - observation": 0.00806090461262875,
        "Reverse bay park - control": 0.012987012987012988,
        "Reverse bay park - observation": 0.006717420510523959,
        "Vehicle checks": 0.0044782803403493054,
        "Forward bay park - control": 0.006269592476489028,
        "Forward bay park - observation": 0.0035826242722794446,
        "Precautions": 0.0,
        "Control - accelerator": 0.0008956560680698612,
        "Control - clutch": 0.0004478280340349306,
        "Control - gears": 0.010747872816838333,
        "Control - Footbrake": 0.0049261083743842365,
        "Control - parking brake": 0.0004478280340349306,
        "Control - steering": 0.06314375279892522,
        "Move off - safely": 0.045230631437527986,
        "Move off - control": 0.026869682042095836,
        "Mirrors - signalling": 0.006717420510523959,
        "Mirrors - change direction": 0.05956112852664577,
        "Mirrors - change speed": 0.016569637259292433,
        "Signals - necessary": 0.003134796238244514,
        "Signals - correctly": 0.0161218092252575,
        "Signals - timed": 0.0026869682042095834,
        "Clearance / obstructions": 0.020600089565606806,
        "Response to traffic signs": 0.02104791759964174,
        "Response to road markings": 0.013882669055082848,
        "Response to traffic lights": 0.027765338110165697,
        "Response to traffic controllers": 0.0,
        "Response to road users": 0.0049261083743842365,
        "Use of speed (too fast)": 0.05329153605015674,
        "Following distance": 0.004030452306314375,
        "Progress - speed (too slow)": 0.026869682042095836,
        "Progress - undue hesitation": 0.017913121361397222,
        "Junctions - approach speed": 0.011195700850873265,
        "Junctions - observation": 0.11553963278101209,
        "Junctions - turning right": 0.04075235109717868,
        "Junctions - turning left": 0.005821764442454098,
        "Junctions - cutting corners": 0.0022391401701746527,
        "Judgement - overtaking": 0.004030452306314375,
        "Judgement - meeting": 0.025078369905956112,
        "Judgement - crossing": 0.012987012987012988,
        "Positioning - normal driving": 0.019704433497536946,
        "Positioning - lane discipline": 0.0026869682042095834,
        "Pedestrian crossing": 0.013882669055082848,
        "Position - normal stops": 0.0049261083743842365,
        "Awareness / planning": 0.012091356918943126,
        "Ancillary controls": 0.0
    },
    "maneuvres": [
        {
            "name": "Forward bay park",
            "frequency": 0.1921182266009852,
            "pass": 0.5710955710955711,
            "maneuvre_fails": 0.05128205128205128
        },
        {
            "name": "Reverse bay park",
            "frequency": 0.2019704433497537,
            "pass": 0.5454545454545454,
            "maneuvre_fails": 0.09312638580931264
        },
        {
            "name": "Parallel park",
            "frequency": 0.22570532915360503,
            "pass": 0.5595238095238095,
            "maneuvre_fails": 0.10317460317460317
        },
        {
            "name": "Reverse right",
            "frequency": 0.3663233318405732,
            "pass": 0.6100244498777506,
            "maneuvre_fails": 0.037897310513447434
        },
        {
            "name": "Emergency stop",
            "frequency": 0.2852664576802508,
            "pass": 0.7346938775510204,
            "maneuvre_fails": 0.0015698587127158557
        }
    ],
    "totalTestCount": 2233,
    "dailyTestCount": 10.386046511627907,
    "pass": 0.5696372592924317,
    "dangerous_count": 0.08732646663681147,
    "serious_count": 0.7111509180474698,
    "minor_count": 5.611733094491715,
    "dangerous_any": 0.08016121809225257,
    "serious_any": 0.4012539184952978,
    "minor_any": 0.9762651141961487,
    "first_attempt": 0.5508284818629646,
    "attempts": 1.9574563367666815,
    "times": [
        {
            "dayType": "Mon-Fri",
            "time": "07:00-08:00",
            "pass": 0.6,
            "dailyTests": 0.2930232558139535
        },
        {
            "dayType": "Mon-Fri",
            "time": "08:00-09:00",
            "pass": 0.5764075067024129,
            "dailyTests": 2.4288372093023254
        },
        {
            "dayType": "Mon-Fri",
            "time": "09:00-10:00",
            "pass": 0.6022727272727273,
            "dailyTests": 1.7190697674418605
        },
        {
            "dayType": "Mon-Fri",
            "time": "10:00-11:00",
            "pass": 0.5744047619047619,
            "dailyTests": 2.187906976744186
        },
        {
            "dayType": "Mon-Fri",
            "time": "11:00-12:00",
            "pass": 0.5296052631578947,
            "dailyTests": 1.9795348837209303
        },
        {
            "dayType": "Mon-Fri",
            "time": "12:00-13:00",
            "pass": 0.5443786982248521,