{
    "minors": {
        "Eyesight": 0.0,
        "Emergency stop": 0.03651685393258427,
        "Reverse right - control": 0.031835205992509365,
        "Reverse right - observation": 0.08333333333333333,
        "Parallel park - control": 0.09269662921348315,
        "Parallel park - observation": 0.07209737827715355,
        "Reverse bay park - control": 0.0852059925093633,
        "Reverse bay park - observation": 0.03277153558052434,
        "Vehicle checks": 0.27340823970037453,
        "Forward bay park - control": 0.0599250936329588,
        "Forward bay park - observation": 0.020599250936329586,
        "Precautions": 0.0,
        "Control - accelerator": 0.0009363295880149813,
        "Control - clutch": 0.009363295880149813,
        "Control - gears": 0.20880149812734083,
        "Control - Footbrake": 0.05337078651685393,
        "Control - parking brake": 0.019662921348314606,
        "Control - steering": 0.4447565543071161,
        "Move off - safely": 0.4897003745318352,
        "Move off - control": 0.3267790262172285,
        "Mirrors - signalling": 0.37640449438202245,
        "Mirrors - change direction": 0.17883895131086142,
        "Mirrors - change speed": 0.17415730337078653,
        "Signals - necessary": 0.12453183520599251,
        "Signals - correctly": 0.199438202247191,
        "Signals - timed": 0.19382022471910113,
        "Clearance / obstructions": 0.41292134831460675,
        "Response to traffic signs": 0.028089887640449437,
        "Response to road markings": 0.05056179775280899,
        "Response to traffic lights": 0.05805243445692884,
        "Response to traffic controllers": 0.0,
        "Response to road users": 0.03651685393258427,
        "Use of speed (too fast)": 0.2883895131086142,
        "Following distance": 0.04400749063670412,
        "Progress - speed (too slow)": 0.7911985018726592,
        "Progress - undue hesitation": 0.48314606741573035,
        "Junctions - approach speed": 0.13576779026217228,
        "Junctions - observation": 0.46254681647940077,
        "Junctions - turning right": 0.09737827715355805,
        "Junctions - turning left": 0.026217228464419477,
        "Junctions - cutting corners": 0.03089887640449438,
        "Judgement - overtaking": 0.008426966292134831,
        "Judgement - meeting": 0.27715355805243447,
        "Judgement - crossing": 0.011235955056179775,
        "Positioning - normal driving": 0.18352059925093633,
        "Positioning - lane discipline": 0.06835205992509363,
        "Pedestrian crossing": 0.015917602996254682,
        "Position - normal stops": 0.11891385767790262,
        "Awareness / planning": 0.14887640449438203,
        "Ancillary controls": 0.016853932584269662
    },
    "fails": {
        "Eyesight": 0.0009363295880149813,
        "Emergency stop": 0.003745318352059925,
        "Reverse right - control": 0.003745318352059925,
        "Reverse right - observation": 0.011235955056179775,
        "Parallel park - control": 0.0149812734082397,
        "Parallel park - observation": 0.009363295880149813,
        "Reverse bay park - control": 0.020599250936329586,
        "Reverse bay park - observation": 0.0056179775280898875,
        "Vehicle checks": 0.0046816479400749065,
        "Forward bay park - control": 0.003745318352059925,
        "Forward bay park - observation": 0.006554307116104869,
        "Precautions": 0.0,
        "Control - accelerator": 0.0009363295880149813,
        "Control - clutch": 0.0,
        "Control - gears": 0.00749063670411985,
        "Control - Footbrake": 0.0,
        "Control - parking brake": 0.0009363295880149813,
        "Control - steering": 0.03464419475655431,
        "Move off - safely": 0.042134831460674156,
        "Move off - control": 0.04307116104868914,
        "Mirrors - signalling": 0.0056179775280898875,
        "Mirrors - change direction": 0.08239700374531835,
        "Mirrors - change speed": 0.015917602996254682,
        "Signals - necessary": 0.003745318352059925,
        "Signals - correctly": 0.011235955056179775,
        "Signals - timed": 0.0028089887640449437,
        "Clearance / obstructions": 0.03745318352059925,
        "Response to traffic signs": 0.06460674157303371,
        "Response to road markings": 0.028089887640449437,
        "Response to traffic lights": 0.052434456928838954,
        "Response to traffic controllers": 0.0,
        "Response to road users": 0.008426966292134831,
        "Use of speed (too fast)": 0.08146067415730338,
        "Following distance": 0.0018726591760299626,
        "Progress - speed (too slow)": 0.028089887640449437,
        "Progress - undue hesitation": 0.03277153558052434,
        "Junctions - approach speed": 0.008426966292134831,
        "Junctions - observation": 0.10112359550561797,
        "Junctions - turning right": 0.09550561797752809,
        "Junctions - turning left": 0.0018726591760299626,
        "Junctions - cutting corners": 0.0046816479400749065,
        "Judgement - overtaking": 0.0046816479400749065,
        "Judgement - meeting": 0.04400749063670412,
        "Judgement - crossing": 0.012172284644194757,
        "Positioning - normal driving": 0.014044943820224719,
        "Positioning - lane discipline": 0.008426966292134831,
        "Pedestrian crossing": 0.006554307116104869,
        "Position - normal stops": 0.0018726591760299626,
        "Awareness / planning": 0.012172284644194757,
        "Ancillary controls": 0.0
    },
    "maneuvres": [
        {
            "name": "Forward bay park",
            "frequency": 0.2406367041198502,
            "pass": 0.4085603112840467,
            "maneuvre_fails": 0.038910505836575876
        },
        {
            "name": "Reverse bay park",
            "frequency": 0.22846441947565543,
            "pass": 0.44672131147540983,
            "maneuvre_fails": 0.11475409836065574
        },
        {
            "name": "Parallel park",
            "frequency": 0.25936329588014984,
            "pass": 0.3935018050541516,
            "maneuvre_fails": 0.09386281588447654
        },
        {
            "name": "Reverse right",
            "frequency": 0.26685393258426965,
            "pass": 0.4105263157894737,
            "maneuvre_fails": 0.056140350877192984
        },
        {
            "name": "Emergency stop",
            "frequency": 0.30711610486891383,
            "pass": 0.45426829268292684,
            "maneuvre_fails": 0.012195121951219513
        }
    ],
    "totalTestCount": 1068,
    "dailyTestCount": 4.967441860465116,
    "pass": 0.41198501872659177,
    "dangerous_count": 0.05337078651685393,
    "serious_count": 0.9382022471910112,
    "minor_count": 7.383895131086143,
    "dangerous_any": 0.052434456928838954,
    "serious_any": 0.5655430711610487,
    "minor_any": 0.9962546816479401,
    "first_attempt": 0.4400749063670412,
    "attempts": 2.396067415730337,
    "times": [
        {
            "dayType": "Mon-Fri",
            "time": "07:00-08:00",
            "pass": 0.474025974025974,
            "dailyTests": 1.0027906976744185
        },
        {
            "dayType": "Mon-Fri",
            "time": "08:00-09:00",
            "pass": 0.46794871794871795,
            "dailyTests": 1.0158139534883721
        },
        {
            "dayType": "Mon-Fri",
            "time": "09:00-10:00",
            "pass": 0.3561643835616438,
            "dailyTests": 0.9506976744186046
        },
        {
            "dayType": "Mon-Fri",
            "time": "10:00-11:00",
            "pass": 0.41379310344827586,
            "dailyTests": 0.9441860465116279
        },
        {
            "dayType": "Mon-Fri",
            "time": "12:00-13:00",
            "pass": 0.3355263157894737,
            "dailyTests": 0.9897674418604652
        },
        {
            "dayType": "Mon-Fri",
            "time": "13:00-14:00",
            "pass": 0.3790849673202614,
            "dailyTests": 0.9962790697674417
        },
        {
            "dayType": "Mon-Fri",