{
    "minors": {
        "Eyesight": 0.0,
        "Emergency stop": 0.021721958925750396,
        "Reverse right - control": 0.022116903633491312,
        "Reverse right - observation": 0.0631911532385466,
        "Parallel park - control": 0.0872827804107425,
        "Parallel park - observation": 0.05529225908372828,
        "Reverse bay park - control": 0.12085308056872038,
        "Reverse bay park - observation": 0.07740916271721959,
        "Vehicle checks": 0.15560821484992102,
        "Forward bay park - control": 0.07227488151658767,
        "Forward bay park - observation": 0.030410742496050552,
        "Precautions": 0.0007898894154818325,
        "Control - accelerator": 0.0019747235387045812,
        "Control - clutch": 0.018167456556082148,
        "Control - gears": 0.1338862559241706,
        "Control - Footbrake": 0.08056872037914692,
        "Control - parking brake": 0.011848341232227487,
        "Control - steering": 0.40639810426540285,
        "Move off - safely": 0.5971563981042654,
        "Move off - control": 0.3179304897314376,
        "Mirrors - signalling": 0.7124802527646129,
        "Mirrors - change direction": 0.20616113744075829,
        "Mirrors - change speed": 0.17614533965244866,
        "Signals - necessary": 0.08293838862559241,
        "Signals - correctly": 0.17180094786729858,
        "Signals - timed": 0.1481042654028436,
        "Clearance / obstructions": 0.19352290679304898,
        "Response to traffic signs": 0.02843601895734597,
        "Response to road markings": 0.009873617693522907,
        "Response to traffic lights": 0.0631911532385466,
        "Response to traffic controllers": 0.0007898894154818325,
        "Response to road users": 0.038704581358609796,
        "Use of speed (too fast)": 0.10387045813586097,
        "Following distance": 0.0971563981042654,
        "Progress - speed (too slow)": 0.5916271721958926,
        "Progress - undue hesitation": 0.5240916271721959,
        "Junctions - approach speed": 0.20576619273301738,
        "Junctions - observation": 0.2638230647709321,
        "Junctions - turning right": 0.09004739336492891,
        "Junctions - turning left": 0.02014218009478673,
        "Junctions - cutting corners": 0.0750394944707741,
        "Judgement - overtaking": 0.015007898894154818,
        "Judgement - meeting": 0.21998420221169035,
        "Judgement - crossing": 0.030805687203791468,
        "Positioning - normal driving": 0.24210110584518169,
        "Positioning - lane discipline": 0.02014218009478673,
        "Pedestrian crossing": 0.01263823064770932,
        "Position - normal stops": 0.1212480252764613,
        "Awareness / planning": 0.1018957345971564,
        "Ancillary controls": 0.007503949447077409
    },
    "fails": {
        "Eyesight": 0.0,
        "Emergency stop": 0.0007898894154818325,
        "Reverse right - control": 0.00315955766192733,
        "Reverse right - observation": 0.016587677725118485,
        "Parallel park - control": 0.018562401263823063,
        "Parallel park - observation": 0.0315955766192733,
        "Reverse bay park - control": 0.01579778830963665,
        "Reverse bay park - observation": 0.021721958925750396,
        "Vehicle checks": 0.00631911532385466,
        "Forward bay park - control": 0.0071090047393364926,
        "Forward bay park - observation": 0.005134281200631911,
        "Precautions": 0.0,
        "Control - accelerator": 0.0,
        "Control - clutch": 0.0,
        "Control - gears": 0.005924170616113744,
        "Control - Footbrake": 0.007503949447077409,
        "Control - parking brake": 0.00039494470774091627,
        "Control - steering": 0.03751974723538705,
        "Move off - safely": 0.057266982622432856,
        "Move off - control": 0.022906793048973143,
        "Mirrors - signalling": 0.026856240126382307,
        "Mirrors - change direction": 0.09044233807266983,
        "Mirrors - change speed": 0.018562401263823063,
        "Signals - necessary": 0.002369668246445498,
        "Signals - correctly": 0.02093206951026856,
        "Signals - timed": 0.001579778830963665,
        "Clearance / obstructions": 0.027251184834123223,
        "Response to traffic signs": 0.014612954186413903,
        "Response to road markings": 0.02330173775671406,
        "Response to traffic lights": 0.029225908372827805,
        "Response to traffic controllers": 0.0,
        "Response to road users": 0.0039494470774091624,
        "Use of speed (too fast)": 0.011848341232227487,
        "Following distance": 0.004344391785150079,
        "Progress - speed (too slow)": 0.06516587677725119,
        "Progress - undue hesitation": 0.022511848341232227,
        "Junctions - approach speed": 0.005134281200631911,
        "Junctions - observation": 0.10347551342812006,
        "Junctions - turning right": 0.05529225908372828,
        "Junctions - turning left": 0.001184834123222749,
        "Junctions - cutting corners": 0.010268562401263823,
        "Judgement - overtaking": 0.00631911532385466,
        "Judgement - meeting": 0.044233807266982623,
        "Judgement - crossing": 0.01579778830963665,
        "Positioning - normal driving": 0.02962085308056872,
        "Positioning - lane discipline": 0.014218009478672985,
        "Pedestrian crossing": 0.005529225908372828,
        "Position - normal stops": 0.002764612954186414,
        "Awareness / planning": 0.012243285939968405,
        "Ancillary controls": 0.00039494470774091627
    },
    "maneuvres": [
        {
            "name": "Forward bay park",
            "frequency": 0.22867298578199052,
            "pass": 0.5854922279792746,
            "maneuvre_fails": 0.04835924006908463
        },
        {
            "name": "Reverse bay park",
            "frequency": 0.2685624012638231,
            "pass": 0.525,
            "maneuvre_fails": 0.13088235294117648
        },
        {
            "name": "Parallel park",
            "frequency": 0.25157977883096366,
            "pass": 0.5290423861852434,
            "maneuvre_fails": 0.1726844583987441
        },
        {
            "name": "Reverse right",
            "frequency": 0.24921011058451817,
            "pass": 0.4358161648177496,
            "maneuvre_fails": 0.07765451664025357
        },
        {
            "name": "Emergency stop",
            "frequency": 0.28870458135860977,
            "pass": 0.5239398084815321,
            "maneuvre_fails": 0.0027359781121751026
        }
    ],
    "totalTestCount": 2532,
    "dailyTestCount": 11.776744186046512,
    "pass": 0.5165876777251185,
    "dangerous_count": 0.03830963665086888,
    "serious_count": 0.891390205371248,
    "minor_count": 6.849921011058452,
    "dangerous_any": 0.03751974723538705,
    "serious_any": 0.4731437598736177,
    "minor_any": 0.9913112164296999,
    "first_attempt": 0.476303317535545,
    "attempts": 2.0244865718799367,
    "times": [
        {
            "dayType": "Mon-Fri",
            "time": "08:00-09:00",
            "pass": 0.5143603133159269,
            "dailyTests": 2.4939534883720933
        },
        {
            "dayType": "Mon-Fri",
            "time": "09:00-10:00",
            "pass": 0.5521628498727735,
            "dailyTests": 2.5590697674418603
        },
        {
            "dayType": "Mon-Fri",
            "time": "10:00-11:00",
            "pass": 0.5041551246537396,
            "dailyTests": 2.3506976744186048
        },
        {
            "dayType": "Mon-Fri",
            "time": "11:00-12:00",
            "pass": 0.5039787798408488,
            "dailyTests": 2.4548837209302325
        },
        {
            "dayType": "Mon-Fri",
            "time": "12:00-13:00",
            "pass": 0.5186440677966102,
            "dailyTests": 1.9209302325581394
        },
        {
            "dayType": "Mon-Fri",
            "time": "13:00-14:00",
            "pass": 0.558641975308642,
            "dailyTests": 2.1097674418604653
        },
        {
            "dayType": "Mon-Fri",