{
    "minors": {
        "Eyesight": 0.0,
        "Emergency stop": 0.058823529411764705,
        "Reverse right - control": 0.0,
        "Reverse right - observation": 0.0,
        "Parallel park - control": 0.0,
        "Parallel park - observation": 0.0,
        "Reverse bay park - control": 0.11764705882352941,
        "Reverse bay park - observation": 0.058823529411764705,
        "Vehicle checks": 0.0,
        "Forward bay park - control": 0.0,
        "Forward bay park - observation": 0.0,
        "Precautions": 0.0,
        "Control - accelerator": 0.0,
        "Control - clutch": 0.058823529411764705,
        "Control - gears": 0.23529411764705882,
        "Control - Footbrake": 0.17647058823529413,
        "Control - parking brake": 0.11764705882352941,
        "Control - steering": 0.17647058823529413,
        "Move off - safely": 0.29411764705882354,
        "Move off - control": 0.5294117647058824,
        "Mirrors - signalling": 0.058823529411764705,
        "Mirrors - change direction": 0.0,
        "Mirrors - change speed": 0.0,
        "Signals - necessary": 0.0,
        "Signals - correctly": 0.058823529411764705,
        "Signals - timed": 0.0,
        "Clearance / obstructions": 0.0,
        "Response to traffic signs": 0.0,
        "Response to road markings": 0.058823529411764705,
        "Response to traffic lights": 0.0,
        "Response to traffic controllers": 0.0,
        "Response to road users": 0.0,
        "Use of speed (too fast)": 0.11764705882352941,
        "Following distance": 0.0,
        "Progress - speed (too slow)": 0.0,
        "Progress - undue hesitation": 0.058823529411764705,
        "Junctions - approach speed": 0.35294117647058826,
        "Junctions - observation": 0.5294117647058824,
        "Junctions - turning right": 0.0,
        "Junctions - turning left": 0.0,
        "Junctions - cutting corners": 0.058823529411764705,
        "Judgement - overtaking": 0.0,
        "Judgement - meeting": 0.058823529411764705,
        "Judgement - crossing": 0.0,
        "Positioning - normal driving": 0.0,
        "Positioning - lane discipline": 0.0,
        "Pedestrian crossing": 0.0,
        "Position - normal stops": 0.17647058823529413,
        "Awareness / planning": 0.11764705882352941,
        "Ancillary controls": 0.0
    },
    "fails": {
        "Eyesight": 0.0,
        "Emergency stop": 0.0,
        "Reverse right - control": 0.0,
        "Reverse right - observation": 0.0,
        "Parallel park - control": 0.0,
        "Parallel park - observation": 0.0,
        "Reverse bay park - control": 0.0,
        "Reverse bay park - observation": 0.0,
        "Vehicle checks": 0.0,
        "Forward bay park - control": 0.0,
        "Forward bay park - observation": 0.0,
        "Precautions": 0.0,
        "Control - accelerator": 0.0,
        "Control - clutch": 0.0,
        "Control - gears": 0.0,
        "Control - Footbrake": 0.0,
        "Control - parking brake": 0.0,
        "Control - steering": 0.0,
        "Move off - safely": 0.058823529411764705,
        "Move off - control": 0.0,
        "Mirrors - signalling": 0.0,
        "Mirrors - change direction": 0.0,
        "Mirrors - change speed": 0.0,
        "Signals - necessary": 0.0,
        "Signals - correctly": 0.0,
        "Signals - timed": 0.0,
        "Clearance / obstructions": 0.0,
        "Response to traffic signs": 0.0,
        "Response to road markings": 0.0,
        "Response to traffic lights": 0.0,
        "Response to traffic controllers": 0.0,
        "Response to road users": 0.0,
        "Use of speed (too fast)": 0.058823529411764705,
        "Following distance": 0.0,
        "Progress - speed (too slow)": 0.0,
        "Progress - undue hesitation": 0.0,
        "Junctions - approach speed": 0.0,
        "Junctions - observation": 0.0,
        "Junctions - turning right": 0.058823529411764705,
        "Junctions - turning left": 0.0,
        "Junctions - cutting corners": 0.0,
        "Judgement - overtaking": 0.0,
        "Judgement - meeting": 0.0,
        "Judgement - crossing": 0.0,
        "Positioning - normal driving": 0.0,
        "Positioning - lane discipline": 0.0,
        "Pedestrian crossing": 0.0,
        "Position - normal stops": 0.0,
        "Awareness / planning": 0.0,
        "Ancillary controls": 0.0
    },
    "maneuvres": [
        {
            "name": "Forward bay park",
            "frequency": 0.29411764705882354,
            "pass": 1.0,
            "maneuvre_fails": 0.0
        },
        {
            "name": "Reverse bay park",
            "frequency": 0.35294117647058826,
            "pass": 1.0,
            "maneuvre_fails": 0.0
        },
        {
            "name": "Parallel park",
            "frequency": 0.058823529411764705,
            "pass": 1.0,
            "maneuvre_fails": 0.0
        },
        {
            "name": "Reverse right",
            "frequency": 0.29411764705882354,
            "pass": 0.6,
            "maneuvre_fails": 0.0
        },
        {
            "name": "Emergency stop",
            "frequency": 0.23529411764705882,
            "pass": 1.0,
            "maneuvre_fails": 0.0
        }
    ],
    "totalTestCount": 17,
    "dailyTestCount": 0.07906976744186046,
    "pass": 0.8823529411764706,
    "dangerous_count": 0.0,
    "serious_count": 0.17647058823529413,
    "minor_count": 3.4705882352941178,
    "dangerous_any": 0.0,
    "serious_any": 0.11764705882352941,
    "minor_any": 0.9411764705882353,
    "first_attempt": 0.8235294117647058,
    "attempts": 1.1764705882352942,
    "times": [
        {
            "dayType": "Mon-Fri",
            "time": "08:00-09:00",
            "pass": 1.0,
            "dailyTests": 0.0065116279069767444
        },
        {
            "dayType": "Mon-Fri",
            "time": "09:00-10:00",
            "pass": 1.0,
            "dailyTests": 0.0065116279069767444
        },
        {
            "dayType": "Mon-Fri",
            "time": "10:00-11:00",
            "pass": 1.0,
            "dailyTests": 0.013023255813953489
        },
        {
            "dayType": "Mon-Fri",
            "time": "11:00-12:00",
            "pass": 1.0,
            "dailyTests": 0.013023255813953489
        },
        {
            "dayType": "Mon-Fri",
            "time": "12:00-13:00",
            "pass": 0.75,
            "dailyTests": 0.026046511627906978
        },
        {
            "dayType": "Mon-Fri",
            "time": "13:00-14:00",
            "pass": 0.75,
            "dailyTests": 0.026046511627906978
        },
        {
            "dayType": "Mon-Fri",
            "time": "14:00-15:00",
            "pass": 1.0,
            "dailyTests": 0.013023255813953489
        },
        {
            "dayType": "Mon-Fri",
            "time": "15:00-16:00",
            "pass": 1.0,
            "dailyTests": 0.0065116279069767444
        },
        {
            "dayType": "Mon-Fri",
            "pass": 0.8823529411764706,
            "dailyTests": 0.11069767441860465,
            "time": "All times"
        }
    ],
    "name": "Barra",
    "id": 244,
    "address": {
        "name": "Barra",
        "latitude": 56.9550589,
        "longitude": -7.4883146,
        "addrLine1": "Driver and Vehicle Standards Agency",
        "addrLine2": "Driving Test Centre Barra Island",
        "addrLine3": "The Pier, Castlebay",
        "addrLine4": "",
        "addrLine5": "",
        "postcode": "HS9 5XD"
    }
}