{
    "minors": {
        "Eyesight": 0.0,
        "Emergency stop": 0.044444444444444446,
        "Reverse right - control": 0.0,
        "Reverse right - observation": 0.044444444444444446,
        "Parallel park - control": 0.15555555555555556,
        "Parallel park - observation": 0.044444444444444446,
        "Reverse bay park - control": 0.022222222222222223,
        "Reverse bay park - observation": 0.0,
        "Vehicle checks": 0.06666666666666667,
        "Forward bay park - control": 0.03333333333333333,
        "Forward bay park - observation": 0.0,
        "Precautions": 0.0,
        "Control - accelerator": 0.011111111111111112,
        "Control - clutch": 0.022222222222222223,
        "Control - gears": 0.14444444444444443,
        "Control - Footbrake": 0.08888888888888889,
        "Control - parking brake": 0.05555555555555555,
        "Control - steering": 0.7222222222222222,
        "Move off - safely": 0.26666666666666666,
        "Move off - control": 0.25555555555555554,
        "Mirrors - signalling": 0.044444444444444446,
        "Mirrors - change direction": 0.0,
        "Mirrors - change speed": 0.05555555555555555,
        "Signals - necessary": 0.011111111111111112,
        "Signals - correctly": 0.011111111111111112,
        "Signals - timed": 0.044444444444444446,
        "Clearance / obstructions": 0.1,
        "Response to traffic signs": 0.06666666666666667,
        "Response to road markings": 0.0,
        "Response to traffic lights": 0.0,
        "Response to traffic controllers": 0.0,
        "Response to road users": 0.1,
        "Use of speed (too fast)": 0.14444444444444443,
        "Following distance": 0.03333333333333333,
        "Progress - speed (too slow)": 0.3888888888888889,
        "Progress - undue hesitation": 0.23333333333333334,
        "Junctions - approach speed": 0.1,
        "Junctions - observation": 0.16666666666666666,
        "Junctions - turning right": 0.044444444444444446,
        "Junctions - turning left": 0.12222222222222222,
        "Junctions - cutting corners": 0.03333333333333333,
        "Judgement - overtaking": 0.0,
        "Judgement - meeting": 0.022222222222222223,
        "Judgement - crossing": 0.0,
        "Positioning - normal driving": 0.25555555555555554,
        "Positioning - lane discipline": 0.0,
        "Pedestrian crossing": 0.0,
        "Position - normal stops": 0.2,
        "Awareness / planning": 0.13333333333333333,
        "Ancillary controls": 0.0
    },
    "fails": {
        "Eyesight": 0.0,
        "Emergency stop": 0.0,
        "Reverse right - control": 0.0,
        "Reverse right - observation": 0.0,
        "Parallel park - control": 0.03333333333333333,
        "Parallel park - observation": 0.03333333333333333,
        "Reverse bay park - control": 0.011111111111111112,
        "Reverse bay park - observation": 0.011111111111111112,
        "Vehicle checks": 0.011111111111111112,
        "Forward bay park - control": 0.0,
        "Forward bay park - observation": 0.011111111111111112,
        "Precautions": 0.0,
        "Control - accelerator": 0.0,
        "Control - clutch": 0.0,
        "Control - gears": 0.03333333333333333,
        "Control - Footbrake": 0.0,
        "Control - parking brake": 0.0,
        "Control - steering": 0.06666666666666667,
        "Move off - safely": 0.05555555555555555,
        "Move off - control": 0.03333333333333333,
        "Mirrors - signalling": 0.0,
        "Mirrors - change direction": 0.0,
        "Mirrors - change speed": 0.011111111111111112,
        "Signals - necessary": 0.0,
        "Signals - correctly": 0.0,
        "Signals - timed": 0.0,
        "Clearance / obstructions": 0.022222222222222223,
        "Response to traffic signs": 0.06666666666666667,
        "Response to road markings": 0.0,
        "Response to traffic lights": 0.0,
        "Response to traffic controllers": 0.0,
        "Response to road users": 0.0,
        "Use of speed (too fast)": 0.044444444444444446,
        "Following distance": 0.0,
        "Progress - speed (too slow)": 0.022222222222222223,
        "Progress - undue hesitation": 0.011111111111111112,
        "Junctions - approach speed": 0.0,
        "Junctions - observation": 0.044444444444444446,
        "Junctions - turning right": 0.0,
        "Junctions - turning left": 0.0,
        "Junctions - cutting corners": 0.0,
        "Judgement - overtaking": 0.011111111111111112,
        "Judgement - meeting": 0.022222222222222223,
        "Judgement - crossing": 0.011111111111111112,
        "Positioning - normal driving": 0.0,
        "Positioning - lane discipline": 0.0,
        "Pedestrian crossing": 0.0,
        "Position - normal stops": 0.0,
        "Awareness / planning": 0.011111111111111112,
        "Ancillary controls": 0.0
    },
    "maneuvres": [
        {
            "name": "Forward bay park",
            "frequency": 0.08888888888888889,
            "pass": 0.625,
            "maneuvre_fails": 0.125
        },
        {
            "name": "Reverse bay park",
            "frequency": 0.05555555555555555,
            "pass": 0.6,
            "maneuvre_fails": 0.4
        },
        {
            "name": "Parallel park",
            "frequency": 0.37777777777777777,
            "pass": 0.6176470588235294,
            "maneuvre_fails": 0.17647058823529413
        },
        {
            "name": "Reverse right",
            "frequency": 0.4777777777777778,
            "pass": 0.8604651162790697,
            "maneuvre_fails": 0.0
        },
        {
            "name": "Emergency stop",
            "frequency": 0.32222222222222224,
            "pass": 0.7241379310344828,
            "maneuvre_fails": 0.0
        }
    ],
    "totalTestCount": 90,
    "dailyTestCount": 0.4186046511627907,
    "pass": 0.7333333333333333,
    "dangerous_count": 0.03333333333333333,
    "serious_count": 0.5666666666666667,
    "minor_count": 4.288888888888889,
    "dangerous_any": 0.022222222222222223,
    "serious_any": 0.26666666666666666,
    "minor_any": 0.9333333333333333,
    "first_attempt": 0.5,
    "attempts": 2.0,
    "times": [
        {
            "dayType": "Mon-Fri",
            "time": "08:00-09:00",
            "pass": 0.6923076923076923,
            "dailyTests": 0.08465116279069768
        },
        {
            "dayType": "Mon-Fri",
            "time": "09:00-10:00",
            "pass": 0.6153846153846154,
            "dailyTests": 0.08465116279069768
        },
        {
            "dayType": "Mon-Fri",
            "time": "10:00-11:00",
            "pass": 0.6666666666666666,
            "dailyTests": 0.07813953488372093
        },
        {
            "dayType": "Mon-Fri",
            "time": "11:00-12:00",
            "pass": 0.5833333333333334,
            "dailyTests": 0.07813953488372093
        },
        {
            "dayType": "Mon-Fri",
            "time": "12:00-13:00",
            "pass": 0.75,
            "dailyTests": 0.052093023255813956
        },
        {
            "dayType": "Mon-Fri",
            "time": "13:00-14:00",
            "pass": 0.9230769230769231,
            "dailyTests": 0.08465116279069768
        },
        {
            "dayType": "Mon-Fri",
            "time": "14:00-15:00",
            "pass": 0.8461538461538461,
            "dailyTests": 0.08465116279069768
        },
        {
            "dayType": "Mon-Fri",
            "time": "15:00-16:00",
            "pass": 0.75,
            "dailyTests": 0.026046511627906978
        },
        {
            "dayType": "Mon-Fri",
            "time": "16:00-17:00",
            "pass": 1.0,
            "dailyTests": 0.013023255813953489
        },
        {
            "dayType": "Mon-Fri",
            "pass": 0.7333333333333333,
            "dailyTests": 0.586046511627907,
            "time": "All times"
        }
    ],
    "name": "Ballater",
    "id": 251,
    "address": {
        "name": "Ballater",
        "latitude": 57.0456213,
        "longitude": -3.0411701,