{
    "minors": {
        "Eyesight": 0.0,
        "Emergency stop": 0.028985507246376812,
        "Reverse right - control": 0.014492753623188406,
        "Reverse right - observation": 0.028985507246376812,
        "Parallel park - control": 0.07246376811594203,
        "Parallel park - observation": 0.057971014492753624,
        "Reverse bay park - control": 0.08695652173913043,
        "Reverse bay park - observation": 0.028985507246376812,
        "Vehicle checks": 0.08695652173913043,
        "Forward bay park - control": 0.11594202898550725,
        "Forward bay park - observation": 0.057971014492753624,
        "Precautions": 0.0,
        "Control - accelerator": 0.0,
        "Control - clutch": 0.043478260869565216,
        "Control - gears": 0.2318840579710145,
        "Control - Footbrake": 0.10144927536231885,
        "Control - parking brake": 0.028985507246376812,
        "Control - steering": 0.391304347826087,
        "Move off - safely": 0.4782608695652174,
        "Move off - control": 0.5797101449275363,
        "Mirrors - signalling": 0.2753623188405797,
        "Mirrors - change direction": 0.028985507246376812,
        "Mirrors - change speed": 0.17391304347826086,
        "Signals - necessary": 0.028985507246376812,
        "Signals - correctly": 0.34782608695652173,
        "Signals - timed": 0.07246376811594203,
        "Clearance / obstructions": 0.08695652173913043,
        "Response to traffic signs": 0.0,
        "Response to road markings": 0.0,
        "Response to traffic lights": 0.0,
        "Response to traffic controllers": 0.0,
        "Response to road users": 0.014492753623188406,
        "Use of speed (too fast)": 0.057971014492753624,
        "Following distance": 0.0,
        "Progress - speed (too slow)": 0.6231884057971014,
        "Progress - undue hesitation": 0.5362318840579711,
        "Junctions - approach speed": 0.014492753623188406,
        "Junctions - observation": 0.13043478260869565,
        "Junctions - turning right": 0.0,
        "Junctions - turning left": 0.028985507246376812,
        "Junctions - cutting corners": 0.014492753623188406,
        "Judgement - overtaking": 0.0,
        "Judgement - meeting": 0.11594202898550725,
        "Judgement - crossing": 0.043478260869565216,
        "Positioning - normal driving": 0.08695652173913043,
        "Positioning - lane discipline": 0.0,
        "Pedestrian crossing": 0.028985507246376812,
        "Position - normal stops": 0.028985507246376812,
        "Awareness / planning": 0.15942028985507245,
        "Ancillary controls": 0.0
    },
    "fails": {
        "Eyesight": 0.0,
        "Emergency stop": 0.0,
        "Reverse right - control": 0.0,
        "Reverse right - observation": 0.028985507246376812,
        "Parallel park - control": 0.014492753623188406,
        "Parallel park - observation": 0.014492753623188406,
        "Reverse bay park - control": 0.043478260869565216,
        "Reverse bay park - observation": 0.043478260869565216,
        "Vehicle checks": 0.0,
        "Forward bay park - control": 0.043478260869565216,
        "Forward bay park - observation": 0.0,
        "Precautions": 0.0,
        "Control - accelerator": 0.0,
        "Control - clutch": 0.0,
        "Control - gears": 0.028985507246376812,
        "Control - Footbrake": 0.0,
        "Control - parking brake": 0.0,
        "Control - steering": 0.043478260869565216,
        "Move off - safely": 0.028985507246376812,
        "Move off - control": 0.014492753623188406,
        "Mirrors - signalling": 0.0,
        "Mirrors - change direction": 0.0,
        "Mirrors - change speed": 0.0,
        "Signals - necessary": 0.014492753623188406,
        "Signals - correctly": 0.0,
        "Signals - timed": 0.0,
        "Clearance / obstructions": 0.014492753623188406,
        "Response to traffic signs": 0.028985507246376812,
        "Response to road markings": 0.0,
        "Response to traffic lights": 0.0,
        "Response to traffic controllers": 0.0,
        "Response to road users": 0.0,
        "Use of speed (too fast)": 0.0,
        "Following distance": 0.0,
        "Progress - speed (too slow)": 0.08695652173913043,
        "Progress - undue hesitation": 0.028985507246376812,
        "Junctions - approach speed": 0.0,
        "Junctions - observation": 0.10144927536231885,
        "Junctions - turning right": 0.014492753623188406,
        "Junctions - turning left": 0.014492753623188406,
        "Junctions - cutting corners": 0.0,
        "Judgement - overtaking": 0.0,
        "Judgement - meeting": 0.043478260869565216,
        "Judgement - crossing": 0.0,
        "Positioning - normal driving": 0.028985507246376812,
        "Positioning - lane discipline": 0.0,
        "Pedestrian crossing": 0.014492753623188406,
        "Position - normal stops": 0.0,
        "Awareness / planning": 0.043478260869565216,
        "Ancillary controls": 0.0
    },
    "maneuvres": [
        {
            "name": "Forward bay park",
            "frequency": 0.2753623188405797,
            "pass": 0.47368421052631576,
            "maneuvre_fails": 0.15789473684210525
        },
        {
            "name": "Reverse bay park",
            "frequency": 0.21739130434782608,
            "pass": 0.5333333333333333,
            "maneuvre_fails": 0.3333333333333333
        },
        {
            "name": "Parallel park",
            "frequency": 0.3333333333333333,
            "pass": 0.6956521739130435,
            "maneuvre_fails": 0.043478260869565216
        },
        {
            "name": "Reverse right",
            "frequency": 0.17391304347826086,
            "pass": 0.5,
            "maneuvre_fails": 0.16666666666666666
        },
        {
            "name": "Emergency stop",
            "frequency": 0.2608695652173913,
            "pass": 0.6111111111111112,
            "maneuvre_fails": 0.0
        }
    ],
    "totalTestCount": 69,
    "dailyTestCount": 0.3209302325581395,
    "pass": 0.5652173913043478,
    "dangerous_count": 0.014492753623188406,
    "serious_count": 0.7246376811594203,
    "minor_count": 5.333333333333333,
    "dangerous_any": 0.014492753623188406,
    "serious_any": 0.43478260869565216,
    "minor_any": 0.9855072463768116,
    "first_attempt": 0.6811594202898551,
    "attempts": 1.4202898550724639,
    "times": [
        {
            "dayType": "Mon-Fri",
            "time": "08:00-09:00",
            "pass": 0.75,
            "dailyTests": 0.052093023255813956
        },
        {
            "dayType": "Mon-Fri",
            "time": "09:00-10:00",
            "pass": 0.75,
            "dailyTests": 0.052093023255813956
        },
        {
            "dayType": "Mon-Fri",
            "time": "10:00-11:00",
            "pass": 0.6666666666666666,
            "dailyTests": 0.03906976744186046
        },
        {
            "dayType": "Mon-Fri",
            "time": "11:00-12:00",
            "pass": 0.5714285714285714,
            "dailyTests": 0.045581395348837206
        },
        {
            "dayType": "Mon-Fri",
            "time": "12:00-13:00",
            "pass": 0.7,
            "dailyTests": 0.06511627906976744
        },
        {
            "dayType": "Mon-Fri",
            "time": "13:00-14:00",
            "pass": 0.3,
            "dailyTests": 0.06511627906976744
        },
        {
            "dayType": "Mon-Fri",
            "time": "14:00-15:00",
            "pass": 0.5454545454545454,
            "dailyTests": 0.07162790697674418
        },
        {
            "dayType": "Mon-Fri",
            "time": "15:00-16:00",
            "pass": 0.375,
            "dailyTests": 0.052093023255813956
        },
        {
            "dayType": "Mon-Fri",
            "time": "16:00-17:00",
            "pass": 0.0,
            "dailyTests": 0.0065116279069767444
        },
        {
            "dayType": "Mon-Fri",
            "pass": 0.5652173913043478,
            "dailyTests": 0.4493023255813953,