{
    "minors": {
        "Eyesight": 0.0,
        "Emergency stop": 0.026905829596412557,
        "Reverse right - control": 0.02466367713004484,
        "Reverse right - observation": 0.011210762331838564,
        "Parallel park - control": 0.11434977578475336,
        "Parallel park - observation": 0.01569506726457399,
        "Reverse bay park - control": 0.10538116591928251,
        "Reverse bay park - observation": 0.011210762331838564,
        "Vehicle checks": 0.05605381165919283,
        "Forward bay park - control": 0.04035874439461883,
        "Forward bay park - observation": 0.004484304932735426,
        "Precautions": 0.0,
        "Control - accelerator": 0.0,
        "Control - clutch": 0.017937219730941704,
        "Control - gears": 0.08520179372197309,
        "Control - Footbrake": 0.04932735426008968,
        "Control - parking brake": 0.042600896860986545,
        "Control - steering": 0.26905829596412556,
        "Move off - safely": 0.47085201793721976,
        "Move off - control": 0.19730941704035873,
        "Mirrors - signalling": 0.30269058295964124,
        "Mirrors - change direction": 0.06502242152466367,
        "Mirrors - change speed": 0.08520179372197309,
        "Signals - necessary": 0.06053811659192825,
        "Signals - correctly": 0.273542600896861,
        "Signals - timed": 0.06726457399103139,
        "Clearance / obstructions": 0.07399103139013453,
        "Response to traffic signs": 0.017937219730941704,
        "Response to road markings": 0.042600896860986545,
        "Response to traffic lights": 0.017937219730941704,
        "Response to traffic controllers": 0.0,
        "Response to road users": 0.002242152466367713,
        "Use of speed (too fast)": 0.08744394618834081,
        "Following distance": 0.04932735426008968,
        "Progress - speed (too slow)": 0.4439461883408072,
        "Progress - undue hesitation": 0.2399103139013453,
        "Junctions - approach speed": 0.053811659192825115,
        "Junctions - observation": 0.09192825112107623,
        "Junctions - turning right": 0.033632286995515695,
        "Junctions - turning left": 0.004484304932735426,
        "Junctions - cutting corners": 0.004484304932735426,
        "Judgement - overtaking": 0.006726457399103139,
        "Judgement - meeting": 0.017937219730941704,
        "Judgement - crossing": 0.03811659192825112,
        "Positioning - normal driving": 0.09865470852017937,
        "Positioning - lane discipline": 0.002242152466367713,
        "Pedestrian crossing": 0.0,
        "Position - normal stops": 0.06726457399103139,
        "Awareness / planning": 0.053811659192825115,
        "Ancillary controls": 0.008968609865470852
    },
    "fails": {
        "Eyesight": 0.0,
        "Emergency stop": 0.0,
        "Reverse right - control": 0.002242152466367713,
        "Reverse right - observation": 0.002242152466367713,
        "Parallel park - control": 0.020179372197309416,
        "Parallel park - observation": 0.006726457399103139,
        "Reverse bay park - control": 0.002242152466367713,
        "Reverse bay park - observation": 0.006726457399103139,
        "Vehicle checks": 0.0,
        "Forward bay park - control": 0.0,
        "Forward bay park - observation": 0.008968609865470852,
        "Precautions": 0.0,
        "Control - accelerator": 0.0,
        "Control - clutch": 0.002242152466367713,
        "Control - gears": 0.002242152466367713,
        "Control - Footbrake": 0.0,
        "Control - parking brake": 0.0,
        "Control - steering": 0.02242152466367713,
        "Move off - safely": 0.042600896860986545,
        "Move off - control": 0.011210762331838564,
        "Mirrors - signalling": 0.006726457399103139,
        "Mirrors - change direction": 0.013452914798206279,
        "Mirrors - change speed": 0.006726457399103139,
        "Signals - necessary": 0.0,
        "Signals - correctly": 0.011210762331838564,
        "Signals - timed": 0.0,
        "Clearance / obstructions": 0.02914798206278027,
        "Response to traffic signs": 0.01569506726457399,
        "Response to road markings": 0.01569506726457399,
        "Response to traffic lights": 0.006726457399103139,
        "Response to traffic controllers": 0.0,
        "Response to road users": 0.0,
        "Use of speed (too fast)": 0.026905829596412557,
        "Following distance": 0.011210762331838564,
        "Progress - speed (too slow)": 0.02242152466367713,
        "Progress - undue hesitation": 0.02242152466367713,
        "Junctions - approach speed": 0.002242152466367713,
        "Junctions - observation": 0.06950672645739911,
        "Junctions - turning right": 0.006726457399103139,
        "Junctions - turning left": 0.0,
        "Junctions - cutting corners": 0.002242152466367713,
        "Judgement - overtaking": 0.006726457399103139,
        "Judgement - meeting": 0.008968609865470852,
        "Judgement - crossing": 0.01569506726457399,
        "Positioning - normal driving": 0.03139013452914798,
        "Positioning - lane discipline": 0.0,
        "Pedestrian crossing": 0.004484304932735426,
        "Position - normal stops": 0.002242152466367713,
        "Awareness / planning": 0.013452914798206279,
        "Ancillary controls": 0.002242152466367713
    },
    "maneuvres": [
        {
            "name": "Forward bay park",
            "frequency": 0.2242152466367713,
            "pass": 0.72,
            "maneuvre_fails": 0.04
        },
        {
            "name": "Reverse bay park",
            "frequency": 0.2600896860986547,
            "pass": 0.7931034482758621,
            "maneuvre_fails": 0.034482758620689655
        },
        {
            "name": "Parallel park",
            "frequency": 0.2600896860986547,
            "pass": 0.7413793103448276,
            "maneuvre_fails": 0.09482758620689655
        },
        {
            "name": "Reverse right",
            "frequency": 0.2533632286995516,
            "pass": 0.7079646017699115,
            "maneuvre_fails": 0.017699115044247787
        },
        {
            "name": "Emergency stop",
            "frequency": 0.2914798206278027,
            "pass": 0.8153846153846154,
            "maneuvre_fails": 0.0
        }
    ],
    "totalTestCount": 446,
    "dailyTestCount": 2.074418604651163,
    "pass": 0.7399103139013453,
    "dangerous_count": 0.03587443946188341,
    "serious_count": 0.45067264573991034,
    "minor_count": 3.8542600896860986,
    "dangerous_any": 0.03587443946188341,
    "serious_any": 0.24887892376681614,
    "minor_any": 0.9192825112107623,
    "first_attempt": 0.6210762331838565,
    "attempts": 1.6367713004484306,
    "times": [
        {
            "dayType": "Mon-Fri",
            "time": "07:00-08:00",
            "pass": 1.0,
            "dailyTests": 0.0065116279069767444
        },
        {
            "dayType": "Mon-Fri",
            "time": "08:00-09:00",
            "pass": 0.6829268292682927,
            "dailyTests": 0.26697674418604656
        },
        {
            "dayType": "Mon-Fri",
            "time": "09:00-10:00",
            "pass": 0.7619047619047619,
            "dailyTests": 0.27348837209302324
        },
        {
            "dayType": "Mon-Fri",
            "time": "10:00-11:00",
            "pass": 0.6976744186046512,
            "dailyTests": 0.28
        },
        {
            "dayType": "Mon-Fri",
            "time": "11:00-12:00",
            "pass": 0.6590909090909091,
            "dailyTests": 0.2865116279069767
        },
        {
            "dayType": "Mon-Fri",
            "time": "12:00-13:00",
            "pass": 0.6585365853658537,
            "dailyTests": 0.26697674418604656
        },
        {
            "dayType": "Mon-Fri",
            "time": "13:00-14:00",
            "pass": 0.6410256410256411,
            "dailyTests": 0.25395348837209303
        },
        {
            "dayType": "Mon-Fri",
            "time": "14:00-15:00",
            "pass": 0.7567567567567568,