{
    "minors": {
        "Eyesight": 0.0,
        "Emergency stop": 0.022222222222222223,
        "Reverse right - control": 0.017777777777777778,
        "Reverse right - observation": 0.035555555555555556,
        "Parallel park - control": 0.1688888888888889,
        "Parallel park - observation": 0.15555555555555556,
        "Reverse bay park - control": 0.06222222222222222,
        "Reverse bay park - observation": 0.04,
        "Vehicle checks": 0.14222222222222222,
        "Forward bay park - control": 0.04,
        "Forward bay park - observation": 0.013333333333333334,
        "Precautions": 0.0,
        "Control - accelerator": 0.0,
        "Control - clutch": 0.05333333333333334,
        "Control - gears": 0.28888888888888886,
        "Control - Footbrake": 0.12,
        "Control - parking brake": 0.03111111111111111,
        "Control - steering": 0.49777777777777776,
        "Move off - safely": 0.5733333333333334,
        "Move off - control": 0.3511111111111111,
        "Mirrors - signalling": 0.22666666666666666,
        "Mirrors - change direction": 0.27555555555555555,
        "Mirrors - change speed": 0.12,
        "Signals - necessary": 0.08,
        "Signals - correctly": 0.14666666666666667,
        "Signals - timed": 0.09777777777777778,
        "Clearance / obstructions": 0.04888888888888889,
        "Response to traffic signs": 0.04,
        "Response to road markings": 0.08444444444444445,
        "Response to traffic lights": 0.0044444444444444444,
        "Response to traffic controllers": 0.0,
        "Response to road users": 0.022222222222222223,
        "Use of speed (too fast)": 0.18222222222222223,
        "Following distance": 0.08,
        "Progress - speed (too slow)": 0.2222222222222222,
        "Progress - undue hesitation": 0.5111111111111111,
        "Junctions - approach speed": 0.13777777777777778,
        "Junctions - observation": 0.3466666666666667,
        "Junctions - turning right": 0.08,
        "Junctions - turning left": 0.022222222222222223,
        "Junctions - cutting corners": 0.02666666666666667,
        "Judgement - overtaking": 0.0044444444444444444,
        "Judgement - meeting": 0.06666666666666667,
        "Judgement - crossing": 0.017777777777777778,
        "Positioning - normal driving": 0.14222222222222222,
        "Positioning - lane discipline": 0.0,
        "Pedestrian crossing": 0.04888888888888889,
        "Position - normal stops": 0.19555555555555557,
        "Awareness / planning": 0.09777777777777778,
        "Ancillary controls": 0.013333333333333334
    },
    "fails": {
        "Eyesight": 0.0,
        "Emergency stop": 0.0044444444444444444,
        "Reverse right - control": 0.0,
        "Reverse right - observation": 0.013333333333333334,
        "Parallel park - control": 0.044444444444444446,
        "Parallel park - observation": 0.05333333333333334,
        "Reverse bay park - control": 0.0,
        "Reverse bay park - observation": 0.008888888888888889,
        "Vehicle checks": 0.0,
        "Forward bay park - control": 0.013333333333333334,
        "Forward bay park - observation": 0.008888888888888889,
        "Precautions": 0.0,
        "Control - accelerator": 0.0,
        "Control - clutch": 0.0,
        "Control - gears": 0.013333333333333334,
        "Control - Footbrake": 0.0044444444444444444,
        "Control - parking brake": 0.0,
        "Control - steering": 0.022222222222222223,
        "Move off - safely": 0.08,
        "Move off - control": 0.022222222222222223,
        "Mirrors - signalling": 0.008888888888888889,
        "Mirrors - change direction": 0.02666666666666667,
        "Mirrors - change speed": 0.013333333333333334,
        "Signals - necessary": 0.0,
        "Signals - correctly": 0.0,
        "Signals - timed": 0.0,
        "Clearance / obstructions": 0.0,
        "Response to traffic signs": 0.022222222222222223,
        "Response to road markings": 0.057777777777777775,
        "Response to traffic lights": 0.022222222222222223,
        "Response to traffic controllers": 0.0,
        "Response to road users": 0.0044444444444444444,
        "Use of speed (too fast)": 0.02666666666666667,
        "Following distance": 0.0,
        "Progress - speed (too slow)": 0.013333333333333334,
        "Progress - undue hesitation": 0.04888888888888889,
        "Junctions - approach speed": 0.0,
        "Junctions - observation": 0.12444444444444444,
        "Junctions - turning right": 0.05333333333333334,
        "Junctions - turning left": 0.0044444444444444444,
        "Junctions - cutting corners": 0.0044444444444444444,
        "Judgement - overtaking": 0.0044444444444444444,
        "Judgement - meeting": 0.008888888888888889,
        "Judgement - crossing": 0.008888888888888889,
        "Positioning - normal driving": 0.035555555555555556,
        "Positioning - lane discipline": 0.0,
        "Pedestrian crossing": 0.02666666666666667,
        "Position - normal stops": 0.0,
        "Awareness / planning": 0.008888888888888889,
        "Ancillary controls": 0.0
    },
    "maneuvres": [
        {
            "name": "Forward bay park",
            "frequency": 0.20444444444444446,
            "pass": 0.5652173913043478,
            "maneuvre_fails": 0.10869565217391304
        },
        {
            "name": "Reverse bay park",
            "frequency": 0.13777777777777778,
            "pass": 0.5483870967741935,
            "maneuvre_fails": 0.06451612903225806
        },
        {
            "name": "Parallel park",
            "frequency": 0.41333333333333333,
            "pass": 0.46236559139784944,
            "maneuvre_fails": 0.21505376344086022
        },
        {
            "name": "Reverse right",
            "frequency": 0.24444444444444444,
            "pass": 0.5454545454545454,
            "maneuvre_fails": 0.05454545454545454
        },
        {
            "name": "Emergency stop",
            "frequency": 0.2,
            "pass": 0.6888888888888889,
            "maneuvre_fails": 0.022222222222222223
        }
    ],
    "totalTestCount": 225,
    "dailyTestCount": 1.0465116279069768,
    "pass": 0.5155555555555555,
    "dangerous_count": 0.013333333333333334,
    "serious_count": 0.8,
    "minor_count": 5.955555555555556,
    "dangerous_any": 0.008888888888888889,
    "serious_any": 0.48,
    "minor_any": 0.9866666666666667,
    "first_attempt": 0.5555555555555556,
    "attempts": 1.8844444444444444,
    "times": [
        {
            "dayType": "Mon-Fri",
            "time": "08:00-09:00",
            "pass": 0.4838709677419355,
            "dailyTests": 0.20186046511627911
        },
        {
            "dayType": "Mon-Fri",
            "time": "09:00-10:00",
            "pass": 0.59375,
            "dailyTests": 0.20837209302325582
        },
        {
            "dayType": "Mon-Fri",
            "time": "10:00-11:00",
            "pass": 0.5666666666666667,
            "dailyTests": 0.19534883720930232
        },
        {
            "dayType": "Mon-Fri",
            "time": "11:00-12:00",
            "pass": 0.38461538461538464,
            "dailyTests": 0.25395348837209303
        },
        {
            "dayType": "Mon-Fri",
            "time": "12:00-13:00",
            "pass": 0.6363636363636364,
            "dailyTests": 0.14325581395348835
        },
        {
            "dayType": "Mon-Fri",
            "time": "13:00-14:00",
            "pass": 0.6774193548387096,
            "dailyTests": 0.20186046511627911
        },
        {
            "dayType": "Mon-Fri",
            "time": "14:00-15:00",
            "pass": 0.375,
            "dailyTests": 0.20837209302325582
        },
        {
            "dayType": "Mon-Fri",
            "time": "15:00-16:00",
            "pass": 0.375,
            "dailyTests": 0.052093023255813956
        },
        {
            "dayType": "Mon-Fri",
            "pass": 0.5155555555555555,
            "dailyTests": 1.4651162790697676,