{
    "minors": {
        "Eyesight": 0.0,
        "Emergency stop": 0.04424778761061947,
        "Reverse right - control": 0.035398230088495575,
        "Reverse right - observation": 0.07079646017699115,
        "Parallel park - control": 0.11504424778761062,
        "Parallel park - observation": 0.061946902654867256,
        "Reverse bay park - control": 0.07964601769911504,
        "Reverse bay park - observation": 0.02654867256637168,
        "Vehicle checks": 0.1592920353982301,
        "Forward bay park - control": 0.08849557522123894,
        "Forward bay park - observation": 0.035398230088495575,
        "Precautions": 0.0,
        "Control - accelerator": 0.0,
        "Control - clutch": 0.02654867256637168,
        "Control - gears": 0.21238938053097345,
        "Control - Footbrake": 0.05309734513274336,
        "Control - parking brake": 0.008849557522123894,
        "Control - steering": 0.39823008849557523,
        "Move off - safely": 0.37168141592920356,
        "Move off - control": 0.1415929203539823,
        "Mirrors - signalling": 0.12389380530973451,
        "Mirrors - change direction": 0.09734513274336283,
        "Mirrors - change speed": 0.07079646017699115,
        "Signals - necessary": 0.017699115044247787,
        "Signals - correctly": 0.061946902654867256,
        "Signals - timed": 0.017699115044247787,
        "Clearance / obstructions": 0.08849557522123894,
        "Response to traffic signs": 0.0,
        "Response to road markings": 0.0,
        "Response to traffic lights": 0.008849557522123894,
        "Response to traffic controllers": 0.0,
        "Response to road users": 0.0,
        "Use of speed (too fast)": 0.11504424778761062,
        "Following distance": 0.008849557522123894,
        "Progress - speed (too slow)": 0.40707964601769914,
        "Progress - undue hesitation": 0.30973451327433627,
        "Junctions - approach speed": 0.11504424778761062,
        "Junctions - observation": 0.19469026548672566,
        "Junctions - turning right": 0.07079646017699115,
        "Junctions - turning left": 0.008849557522123894,
        "Junctions - cutting corners": 0.017699115044247787,
        "Judgement - overtaking": 0.0,
        "Judgement - meeting": 0.07079646017699115,
        "Judgement - crossing": 0.017699115044247787,
        "Positioning - normal driving": 0.11504424778761062,
        "Positioning - lane discipline": 0.0,
        "Pedestrian crossing": 0.0,
        "Position - normal stops": 0.07079646017699115,
        "Awareness / planning": 0.05309734513274336,
        "Ancillary controls": 0.008849557522123894
    },
    "fails": {
        "Eyesight": 0.0,
        "Emergency stop": 0.0,
        "Reverse right - control": 0.008849557522123894,
        "Reverse right - observation": 0.008849557522123894,
        "Parallel park - control": 0.0,
        "Parallel park - observation": 0.02654867256637168,
        "Reverse bay park - control": 0.0,
        "Reverse bay park - observation": 0.008849557522123894,
        "Vehicle checks": 0.008849557522123894,
        "Forward bay park - control": 0.017699115044247787,
        "Forward bay park - observation": 0.0,
        "Precautions": 0.0,
        "Control - accelerator": 0.0,
        "Control - clutch": 0.0,
        "Control - gears": 0.0,
        "Control - Footbrake": 0.0,
        "Control - parking brake": 0.0,
        "Control - steering": 0.035398230088495575,
        "Move off - safely": 0.09734513274336283,
        "Move off - control": 0.008849557522123894,
        "Mirrors - signalling": 0.017699115044247787,
        "Mirrors - change direction": 0.008849557522123894,
        "Mirrors - change speed": 0.0,
        "Signals - necessary": 0.008849557522123894,
        "Signals - correctly": 0.0,
        "Signals - timed": 0.0,
        "Clearance / obstructions": 0.008849557522123894,
        "Response to traffic signs": 0.017699115044247787,
        "Response to road markings": 0.008849557522123894,
        "Response to traffic lights": 0.0,
        "Response to traffic controllers": 0.0,
        "Response to road users": 0.02654867256637168,
        "Use of speed (too fast)": 0.035398230088495575,
        "Following distance": 0.008849557522123894,
        "Progress - speed (too slow)": 0.04424778761061947,
        "Progress - undue hesitation": 0.035398230088495575,
        "Junctions - approach speed": 0.008849557522123894,
        "Junctions - observation": 0.04424778761061947,
        "Junctions - turning right": 0.008849557522123894,
        "Junctions - turning left": 0.0,
        "Junctions - cutting corners": 0.0,
        "Judgement - overtaking": 0.0,
        "Judgement - meeting": 0.05309734513274336,
        "Judgement - crossing": 0.0,
        "Positioning - normal driving": 0.008849557522123894,
        "Positioning - lane discipline": 0.0,
        "Pedestrian crossing": 0.008849557522123894,
        "Position - normal stops": 0.017699115044247787,
        "Awareness / planning": 0.017699115044247787,
        "Ancillary controls": 0.0
    },
    "maneuvres": [
        {
            "name": "Forward bay park",
            "frequency": 0.23893805309734514,
            "pass": 0.6666666666666666,
            "maneuvre_fails": 0.07407407407407407
        },
        {
            "name": "Reverse bay park",
            "frequency": 0.17699115044247787,
            "pass": 0.7,
            "maneuvre_fails": 0.05
        },
        {
            "name": "Parallel park",
            "frequency": 0.23008849557522124,
            "pass": 0.46153846153846156,
            "maneuvre_fails": 0.11538461538461539
        },
        {
            "name": "Reverse right",
            "frequency": 0.35398230088495575,
            "pass": 0.6,
            "maneuvre_fails": 0.05
        },
        {
            "name": "Emergency stop",
            "frequency": 0.26548672566371684,
            "pass": 0.7333333333333333,
            "maneuvre_fails": 0.0
        }
    ],
    "totalTestCount": 113,
    "dailyTestCount": 0.5255813953488372,
    "pass": 0.6017699115044248,
    "dangerous_count": 0.0,
    "serious_count": 0.6106194690265486,
    "minor_count": 4.0,
    "dangerous_any": 0.0,
    "serious_any": 0.39823008849557523,
    "minor_any": 0.9380530973451328,
    "first_attempt": 0.5663716814159292,
    "attempts": 1.9026548672566372,
    "times": [
        {
            "dayType": "Mon-Fri",
            "time": "08:00-09:00",
            "pass": 0.8235294117647058,
            "dailyTests": 0.11069767441860465
        },
        {
            "dayType": "Mon-Fri",
            "time": "09:00-10:00",
            "pass": 0.6,
            "dailyTests": 0.09767441860465116
        },
        {
            "dayType": "Mon-Fri",
            "time": "10:00-11:00",
            "pass": 0.47058823529411764,
            "dailyTests": 0.11069767441860465
        },
        {
            "dayType": "Mon-Fri",
            "time": "11:00-12:00",
            "pass": 0.26666666666666666,
            "dailyTests": 0.09767441860465116
        },
        {
            "dayType": "Mon-Fri",
            "time": "12:00-13:00",
            "pass": 0.6875,
            "dailyTests": 0.10418604651162791
        },
        {
            "dayType": "Mon-Fri",
            "time": "13:00-14:00",
            "pass": 0.7333333333333333,
            "dailyTests": 0.09767441860465116
        },
        {
            "dayType": "Mon-Fri",
            "time": "14:00-15:00",
            "pass": 0.6666666666666666,
            "dailyTests": 0.09767441860465116
        },
        {
            "dayType": "Mon-Fri",
            "time": "15:00-16:00",
            "pass": 0.5,
            "dailyTests": 0.013023255813953489
        },
        {
            "dayType": "Mon-Fri",
            "time": "16:00-17:00",
            "pass": 0.0,
            "dailyTests": 0.0065116279069767444
        },
        {
            "dayType": "Mon-Fri",
            "pass": 0.6017699115044248,