{
    "minors": {
        "Eyesight": 0.0,
        "Emergency stop": 0.008298755186721992,
        "Reverse right - control": 0.029045643153526972,
        "Reverse right - observation": 0.058091286307053944,
        "Parallel park - control": 0.07883817427385892,
        "Parallel park - observation": 0.04979253112033195,
        "Reverse bay park - control": 0.03734439834024896,
        "Reverse bay park - observation": 0.04564315352697095,
        "Vehicle checks": 0.14937759336099585,
        "Forward bay park - control": 0.04149377593360996,
        "Forward bay park - observation": 0.029045643153526972,
        "Precautions": 0.012448132780082987,
        "Control - accelerator": 0.0,
        "Control - clutch": 0.03319502074688797,
        "Control - gears": 0.22406639004149378,
        "Control - Footbrake": 0.0954356846473029,
        "Control - parking brake": 0.02074688796680498,
        "Control - steering": 0.4605809128630705,
        "Move off - safely": 0.37344398340248963,
        "Move off - control": 0.34854771784232363,
        "Mirrors - signalling": 0.31950207468879666,
        "Mirrors - change direction": 0.0995850622406639,
        "Mirrors - change speed": 0.07053941908713693,
        "Signals - necessary": 0.04564315352697095,
        "Signals - correctly": 0.03734439834024896,
        "Signals - timed": 0.05394190871369295,
        "Clearance / obstructions": 0.22406639004149378,
        "Response to traffic signs": 0.07053941908713693,
        "Response to road markings": 0.024896265560165973,
        "Response to traffic lights": 0.04979253112033195,
        "Response to traffic controllers": 0.0,
        "Response to road users": 0.008298755186721992,
        "Use of speed (too fast)": 0.18672199170124482,
        "Following distance": 0.07883817427385892,
        "Progress - speed (too slow)": 0.0995850622406639,
        "Progress - undue hesitation": 0.4190871369294606,
        "Junctions - approach speed": 0.1078838174273859,
        "Junctions - observation": 0.23236514522821577,
        "Junctions - turning right": 0.08298755186721991,
        "Junctions - turning left": 0.016597510373443983,
        "Junctions - cutting corners": 0.058091286307053944,
        "Judgement - overtaking": 0.012448132780082987,
        "Judgement - meeting": 0.14107883817427386,
        "Judgement - crossing": 0.004149377593360996,
        "Positioning - normal driving": 0.1078838174273859,
        "Positioning - lane discipline": 0.008298755186721992,
        "Pedestrian crossing": 0.008298755186721992,
        "Position - normal stops": 0.008298755186721992,
        "Awareness / planning": 0.26141078838174275,
        "Ancillary controls": 0.008298755186721992
    },
    "fails": {
        "Eyesight": 0.0,
        "Emergency stop": 0.0,
        "Reverse right - control": 0.0,
        "Reverse right - observation": 0.029045643153526972,
        "Parallel park - control": 0.016597510373443983,
        "Parallel park - observation": 0.016597510373443983,
        "Reverse bay park - control": 0.0,
        "Reverse bay park - observation": 0.0,
        "Vehicle checks": 0.004149377593360996,
        "Forward bay park - control": 0.02074688796680498,
        "Forward bay park - observation": 0.004149377593360996,
        "Precautions": 0.0,
        "Control - accelerator": 0.0,
        "Control - clutch": 0.0,
        "Control - gears": 0.004149377593360996,
        "Control - Footbrake": 0.0,
        "Control - parking brake": 0.0,
        "Control - steering": 0.02074688796680498,
        "Move off - safely": 0.04979253112033195,
        "Move off - control": 0.03734439834024896,
        "Mirrors - signalling": 0.008298755186721992,
        "Mirrors - change direction": 0.004149377593360996,
        "Mirrors - change speed": 0.004149377593360996,
        "Signals - necessary": 0.0,
        "Signals - correctly": 0.004149377593360996,
        "Signals - timed": 0.0,
        "Clearance / obstructions": 0.016597510373443983,
        "Response to traffic signs": 0.016597510373443983,
        "Response to road markings": 0.004149377593360996,
        "Response to traffic lights": 0.008298755186721992,
        "Response to traffic controllers": 0.0,
        "Response to road users": 0.0,
        "Use of speed (too fast)": 0.02074688796680498,
        "Following distance": 0.0,
        "Progress - speed (too slow)": 0.004149377593360996,
        "Progress - undue hesitation": 0.02074688796680498,
        "Junctions - approach speed": 0.004149377593360996,
        "Junctions - observation": 0.08713692946058091,
        "Junctions - turning right": 0.06224066390041494,
        "Junctions - turning left": 0.0,
        "Junctions - cutting corners": 0.0,
        "Judgement - overtaking": 0.0,
        "Judgement - meeting": 0.02074688796680498,
        "Judgement - crossing": 0.0,
        "Positioning - normal driving": 0.02074688796680498,
        "Positioning - lane discipline": 0.0,
        "Pedestrian crossing": 0.004149377593360996,
        "Position - normal stops": 0.0,
        "Awareness / planning": 0.012448132780082987,
        "Ancillary controls": 0.0
    },
    "maneuvres": [
        {
            "name": "Forward bay park",
            "frequency": 0.22821576763485477,
            "pass": 0.6545454545454545,
            "maneuvre_fails": 0.09090909090909091
        },
        {
            "name": "Reverse bay park",
            "frequency": 0.14937759336099585,
            "pass": 0.6666666666666666,
            "maneuvre_fails": 0.0
        },
        {
            "name": "Parallel park",
            "frequency": 0.2157676348547718,
            "pass": 0.6730769230769231,
            "maneuvre_fails": 0.1346153846153846
        },
        {
            "name": "Reverse right",
            "frequency": 0.4066390041493776,
            "pass": 0.673469387755102,
            "maneuvre_fails": 0.07142857142857142
        },
        {
            "name": "Emergency stop",
            "frequency": 0.23651452282157676,
            "pass": 0.7894736842105263,
            "maneuvre_fails": 0.0
        }
    ],
    "totalTestCount": 241,
    "dailyTestCount": 1.1209302325581396,
    "pass": 0.6680497925311203,
    "dangerous_count": 0.012448132780082987,
    "serious_count": 0.5186721991701245,
    "minor_count": 4.941908713692946,
    "dangerous_any": 0.012448132780082987,
    "serious_any": 0.3278008298755187,
    "minor_any": 0.983402489626556,
    "first_attempt": 0.6390041493775933,
    "attempts": 1.7717842323651452,
    "times": [
        {
            "dayType": "Mon-Fri",
            "time": "08:00-09:00",
            "pass": 0.5675675675675675,
            "dailyTests": 0.24093023255813956
        },
        {
            "dayType": "Mon-Fri",
            "time": "09:00-10:00",
            "pass": 0.5428571428571428,
            "dailyTests": 0.22790697674418606
        },
        {
            "dayType": "Mon-Fri",
            "time": "10:00-11:00",
            "pass": 0.6486486486486487,
            "dailyTests": 0.24093023255813956
        },
        {
            "dayType": "Mon-Fri",
            "time": "11:00-12:00",
            "pass": 0.5882352941176471,
            "dailyTests": 0.2213953488372093
        },
        {
            "dayType": "Mon-Fri",
            "time": "12:00-13:00",
            "pass": 0.7941176470588235,
            "dailyTests": 0.2213953488372093
        },
        {
            "dayType": "Mon-Fri",
            "time": "13:00-14:00",
            "pass": 0.7575757575757576,
            "dailyTests": 0.21488372093023256
        },
        {
            "dayType": "Mon-Fri",
            "time": "14:00-15:00",
            "pass": 0.8064516129032258,
            "dailyTests": 0.20186046511627911
        },
        {
            "dayType": "Mon-Fri",
            "pass": 0.6680497925311203,
            "dailyTests": 1.5693023255813956,
            "time": "All times"
        }
    ],
    "name": "Hawick",