{
    "minors": {
        "Eyesight": 0.0,
        "Emergency stop": 0.021238938053097345,
        "Reverse right - control": 0.03008849557522124,
        "Reverse right - observation": 0.024778761061946902,
        "Parallel park - control": 0.07787610619469026,
        "Parallel park - observation": 0.02654867256637168,
        "Reverse bay park - control": 0.0743362831858407,
        "Reverse bay park - observation": 0.02654867256637168,
        "Vehicle checks": 0.12212389380530973,
        "Forward bay park - control": 0.03008849557522124,
        "Forward bay park - observation": 0.04070796460176991,
        "Precautions": 0.0,
        "Control - accelerator": 0.007079646017699115,
        "Control - clutch": 0.04424778761061947,
        "Control - gears": 0.09557522123893805,
        "Control - Footbrake": 0.03716814159292035,
        "Control - parking brake": 0.010619469026548672,
        "Control - steering": 0.19646017699115045,
        "Move off - safely": 0.23185840707964603,
        "Move off - control": 0.30442477876106194,
        "Mirrors - signalling": 0.24424778761061947,
        "Mirrors - change direction": 0.047787610619469026,
        "Mirrors - change speed": 0.09734513274336283,
        "Signals - necessary": 0.06548672566371681,
        "Signals - correctly": 0.10973451327433628,
        "Signals - timed": 0.021238938053097345,
        "Clearance / obstructions": 0.04601769911504425,
        "Response to traffic signs": 0.010619469026548672,
        "Response to road markings": 0.008849557522123894,
        "Response to traffic lights": 0.0,
        "Response to traffic controllers": 0.0017699115044247787,
        "Response to road users": 0.017699115044247787,
        "Use of speed (too fast)": 0.07610619469026549,
        "Following distance": 0.12920353982300886,
        "Progress - speed (too slow)": 0.26371681415929205,
        "Progress - undue hesitation": 0.37168141592920356,
        "Junctions - approach speed": 0.09557522123893805,
        "Junctions - observation": 0.16283185840707964,
        "Junctions - turning right": 0.07964601769911504,
        "Junctions - turning left": 0.010619469026548672,
        "Junctions - cutting corners": 0.010619469026548672,
        "Judgement - overtaking": 0.0017699115044247787,
        "Judgement - meeting": 0.02654867256637168,
        "Judgement - crossing": 0.01415929203539823,
        "Positioning - normal driving": 0.09557522123893805,
        "Positioning - lane discipline": 0.012389380530973451,
        "Pedestrian crossing": 0.03008849557522124,
        "Position - normal stops": 0.13628318584070798,
        "Awareness / planning": 0.1592920353982301,
        "Ancillary controls": 0.008849557522123894
    },
    "fails": {
        "Eyesight": 0.0,
        "Emergency stop": 0.0017699115044247787,
        "Reverse right - control": 0.008849557522123894,
        "Reverse right - observation": 0.01415929203539823,
        "Parallel park - control": 0.021238938053097345,
        "Parallel park - observation": 0.012389380530973451,
        "Reverse bay park - control": 0.007079646017699115,
        "Reverse bay park - observation": 0.010619469026548672,
        "Vehicle checks": 0.005309734513274336,
        "Forward bay park - control": 0.010619469026548672,
        "Forward bay park - observation": 0.0,
        "Precautions": 0.0,
        "Control - accelerator": 0.0,
        "Control - clutch": 0.0,
        "Control - gears": 0.008849557522123894,
        "Control - Footbrake": 0.0017699115044247787,
        "Control - parking brake": 0.0,
        "Control - steering": 0.024778761061946902,
        "Move off - safely": 0.03185840707964602,
        "Move off - control": 0.01415929203539823,
        "Mirrors - signalling": 0.008849557522123894,
        "Mirrors - change direction": 0.06902654867256637,
        "Mirrors - change speed": 0.007079646017699115,
        "Signals - necessary": 0.0,
        "Signals - correctly": 0.010619469026548672,
        "Signals - timed": 0.0,
        "Clearance / obstructions": 0.010619469026548672,
        "Response to traffic signs": 0.049557522123893805,
        "Response to road markings": 0.012389380530973451,
        "Response to traffic lights": 0.007079646017699115,
        "Response to traffic controllers": 0.0,
        "Response to road users": 0.005309734513274336,
        "Use of speed (too fast)": 0.02831858407079646,
        "Following distance": 0.033628318584070796,
        "Progress - speed (too slow)": 0.01592920353982301,
        "Progress - undue hesitation": 0.012389380530973451,
        "Junctions - approach speed": 0.005309734513274336,
        "Junctions - observation": 0.11504424778761062,
        "Junctions - turning right": 0.023008849557522124,
        "Junctions - turning left": 0.0,
        "Junctions - cutting corners": 0.0017699115044247787,
        "Judgement - overtaking": 0.0017699115044247787,
        "Judgement - meeting": 0.017699115044247787,
        "Judgement - crossing": 0.007079646017699115,
        "Positioning - normal driving": 0.02654867256637168,
        "Positioning - lane discipline": 0.0,
        "Pedestrian crossing": 0.03008849557522124,
        "Position - normal stops": 0.005309734513274336,
        "Awareness / planning": 0.03716814159292035,
        "Ancillary controls": 0.0
    },
    "maneuvres": [
        {
            "name": "Forward bay park",
            "frequency": 0.24601769911504426,
            "pass": 0.5251798561151079,
            "maneuvre_fails": 0.04316546762589928
        },
        {
            "name": "Reverse bay park",
            "frequency": 0.27256637168141595,
            "pass": 0.4675324675324675,
            "maneuvre_fails": 0.06493506493506493
        },
        {
            "name": "Parallel park",
            "frequency": 0.24601769911504426,
            "pass": 0.5899280575539568,
            "maneuvre_fails": 0.1223021582733813
        },
        {
            "name": "Reverse right",
            "frequency": 0.23185840707964603,
            "pass": 0.5419847328244275,
            "maneuvre_fails": 0.09923664122137404
        },
        {
            "name": "Emergency stop",
            "frequency": 0.3292035398230089,
            "pass": 0.5376344086021505,
            "maneuvre_fails": 0.005376344086021506
        }
    ],
    "totalTestCount": 565,
    "dailyTestCount": 2.627906976744186,
    "pass": 0.5274336283185841,
    "dangerous_count": 0.033628318584070796,
    "serious_count": 0.6814159292035398,
    "minor_count": 3.7575221238938052,
    "dangerous_any": 0.03008849557522124,
    "serious_any": 0.45663716814159294,
    "minor_any": 0.9486725663716814,
    "first_attempt": 0.5628318584070796,
    "attempts": 1.7433628318584071,
    "times": [
        {
            "dayType": "Mon-Fri",
            "time": "08:00-09:00",
            "pass": 0.5411764705882353,
            "dailyTests": 0.5534883720930233
        },
        {
            "dayType": "Mon-Fri",
            "time": "09:00-10:00",
            "pass": 0.5862068965517241,
            "dailyTests": 0.5665116279069767
        },
        {
            "dayType": "Mon-Fri",
            "time": "10:00-11:00",
            "pass": 0.5952380952380952,
            "dailyTests": 0.5469767441860465
        },
        {
            "dayType": "Mon-Fri",
            "time": "11:00-12:00",
            "pass": 0.5070422535211268,
            "dailyTests": 0.4623255813953488
        },
        {
            "dayType": "Mon-Fri",
            "time": "13:00-14:00",
            "pass": 0.5443037974683544,
            "dailyTests": 0.5144186046511627
        },
        {
            "dayType": "Mon-Fri",
            "time": "14:00-15:00",
            "pass": 0.5063291139240507,
            "dailyTests": 0.5144186046511627
        },
        {
            "dayType": "Mon-Fri",
            "time": "15:00-16:00",
            "pass": 0.4,