{
    "minors": {
        "Eyesight": 0.0,
        "Emergency stop": 0.02564102564102564,
        "Reverse right - control": 0.0,
        "Reverse right - observation": 0.05128205128205128,
        "Parallel park - control": 0.02564102564102564,
        "Parallel park - observation": 0.0641025641025641,
        "Reverse bay park - control": 0.14102564102564102,
        "Reverse bay park - observation": 0.11538461538461539,
        "Vehicle checks": 0.11538461538461539,
        "Forward bay park - control": 0.05128205128205128,
        "Forward bay park - observation": 0.038461538461538464,
        "Precautions": 0.0,
        "Control - accelerator": 0.0,
        "Control - clutch": 0.02564102564102564,
        "Control - gears": 0.11538461538461539,
        "Control - Footbrake": 0.01282051282051282,
        "Control - parking brake": 0.02564102564102564,
        "Control - steering": 0.38461538461538464,
        "Move off - safely": 0.48717948717948717,
        "Move off - control": 0.32051282051282054,
        "Mirrors - signalling": 0.28205128205128205,
        "Mirrors - change direction": 0.11538461538461539,
        "Mirrors - change speed": 0.24358974358974358,
        "Signals - necessary": 0.02564102564102564,
        "Signals - correctly": 0.05128205128205128,
        "Signals - timed": 0.02564102564102564,
        "Clearance / obstructions": 0.0641025641025641,
        "Response to traffic signs": 0.038461538461538464,
        "Response to road markings": 0.01282051282051282,
        "Response to traffic lights": 0.02564102564102564,
        "Response to traffic controllers": 0.0,
        "Response to road users": 0.0,
        "Use of speed (too fast)": 0.1282051282051282,
        "Following distance": 0.05128205128205128,
        "Progress - speed (too slow)": 0.2948717948717949,
        "Progress - undue hesitation": 0.10256410256410256,
        "Junctions - approach speed": 0.02564102564102564,
        "Junctions - observation": 0.1794871794871795,
        "Junctions - turning right": 0.07692307692307693,
        "Junctions - turning left": 0.0,
        "Junctions - cutting corners": 0.1282051282051282,
        "Judgement - overtaking": 0.0,
        "Judgement - meeting": 0.01282051282051282,
        "Judgement - crossing": 0.01282051282051282,
        "Positioning - normal driving": 0.02564102564102564,
        "Positioning - lane discipline": 0.0,
        "Pedestrian crossing": 0.0,
        "Position - normal stops": 0.05128205128205128,
        "Awareness / planning": 0.01282051282051282,
        "Ancillary controls": 0.0
    },
    "fails": {
        "Eyesight": 0.0,
        "Emergency stop": 0.0,
        "Reverse right - control": 0.0,
        "Reverse right - observation": 0.02564102564102564,
        "Parallel park - control": 0.0,
        "Parallel park - observation": 0.02564102564102564,
        "Reverse bay park - control": 0.0,
        "Reverse bay park - observation": 0.02564102564102564,
        "Vehicle checks": 0.0,
        "Forward bay park - control": 0.02564102564102564,
        "Forward bay park - observation": 0.01282051282051282,
        "Precautions": 0.0,
        "Control - accelerator": 0.0,
        "Control - clutch": 0.0,
        "Control - gears": 0.02564102564102564,
        "Control - Footbrake": 0.01282051282051282,
        "Control - parking brake": 0.0,
        "Control - steering": 0.02564102564102564,
        "Move off - safely": 0.038461538461538464,
        "Move off - control": 0.0641025641025641,
        "Mirrors - signalling": 0.02564102564102564,
        "Mirrors - change direction": 0.0,
        "Mirrors - change speed": 0.038461538461538464,
        "Signals - necessary": 0.0,
        "Signals - correctly": 0.0,
        "Signals - timed": 0.0,
        "Clearance / obstructions": 0.01282051282051282,
        "Response to traffic signs": 0.0,
        "Response to road markings": 0.0,
        "Response to traffic lights": 0.01282051282051282,
        "Response to traffic controllers": 0.0,
        "Response to road users": 0.0,
        "Use of speed (too fast)": 0.01282051282051282,
        "Following distance": 0.0,
        "Progress - speed (too slow)": 0.01282051282051282,
        "Progress - undue hesitation": 0.0,
        "Junctions - approach speed": 0.0,
        "Junctions - observation": 0.02564102564102564,
        "Junctions - turning right": 0.02564102564102564,
        "Junctions - turning left": 0.0,
        "Junctions - cutting corners": 0.038461538461538464,
        "Judgement - overtaking": 0.0,
        "Judgement - meeting": 0.02564102564102564,
        "Judgement - crossing": 0.02564102564102564,
        "Positioning - normal driving": 0.0,
        "Positioning - lane discipline": 0.0,
        "Pedestrian crossing": 0.01282051282051282,
        "Position - normal stops": 0.0,
        "Awareness / planning": 0.01282051282051282,
        "Ancillary controls": 0.0
    },
    "maneuvres": [
        {
            "name": "Forward bay park",
            "frequency": 0.21794871794871795,
            "pass": 0.5882352941176471,
            "maneuvre_fails": 0.17647058823529413
        },
        {
            "name": "Reverse bay park",
            "frequency": 0.3076923076923077,
            "pass": 0.75,
            "maneuvre_fails": 0.08333333333333333
        },
        {
            "name": "Parallel park",
            "frequency": 0.20512820512820512,
            "pass": 0.875,
            "maneuvre_fails": 0.125
        },
        {
            "name": "Reverse right",
            "frequency": 0.2564102564102564,
            "pass": 0.6,
            "maneuvre_fails": 0.1
        },
        {
            "name": "Emergency stop",
            "frequency": 0.4230769230769231,
            "pass": 0.696969696969697,
            "maneuvre_fails": 0.0
        }
    ],
    "totalTestCount": 78,
    "dailyTestCount": 0.3627906976744186,
    "pass": 0.6923076923076923,
    "dangerous_count": 0.02564102564102564,
    "serious_count": 0.5384615384615384,
    "minor_count": 3.9871794871794872,
    "dangerous_any": 0.02564102564102564,
    "serious_any": 0.2948717948717949,
    "minor_any": 0.9230769230769231,
    "first_attempt": 0.6282051282051282,
    "attempts": 1.5897435897435896,
    "times": [
        {
            "dayType": "Mon-Fri",
            "time": "07:00-08:00",
            "pass": 1.0,
            "dailyTests": 0.0065116279069767444
        },
        {
            "dayType": "Mon-Fri",
            "time": "08:00-09:00",
            "pass": 0.8,
            "dailyTests": 0.06511627906976744
        },
        {
            "dayType": "Mon-Fri",
            "time": "09:00-10:00",
            "pass": 0.6,
            "dailyTests": 0.06511627906976744
        },
        {
            "dayType": "Mon-Fri",
            "time": "10:00-11:00",
            "pass": 0.7272727272727273,
            "dailyTests": 0.07162790697674418
        },
        {
            "dayType": "Mon-Fri",
            "time": "11:00-12:00",
            "pass": 0.6428571428571429,
            "dailyTests": 0.09116279069767441
        },
        {
            "dayType": "Mon-Fri",
            "time": "12:00-13:00",
            "pass": 0.7,
            "dailyTests": 0.06511627906976744
        },
        {
            "dayType": "Mon-Fri",
            "time": "13:00-14:00",
            "pass": 0.5555555555555556,
            "dailyTests": 0.0586046511627907
        },
        {
            "dayType": "Mon-Fri",
            "time": "14:00-15:00",
            "pass": 0.8181818181818182,
            "dailyTests": 0.07162790697674418
        },
        {
            "dayType": "Mon-Fri",
            "time": "15:00-16:00",
            "pass": 0.5,
            "dailyTests": 0.013023255813953489
        },
        {
            "dayType": "Mon-Fri",
            "pass": 0.6923076923076923,
            "dailyTests": 0.5079069767441861,
            "time": "All times"
        }
    ],
    "name": "Kyle of Lochalsh",