{
    "minors": {
        "Eyesight": 0.0,
        "Emergency stop": 0.026923076923076925,
        "Reverse right - control": 0.026923076923076925,
        "Reverse right - observation": 0.038461538461538464,
        "Parallel park - control": 0.11538461538461539,
        "Parallel park - observation": 0.05,
        "Reverse bay park - control": 0.07307692307692308,
        "Reverse bay park - observation": 0.06923076923076923,
        "Vehicle checks": 0.07307692307692308,
        "Forward bay park - control": 0.03461538461538462,
        "Forward bay park - observation": 0.0038461538461538464,
        "Precautions": 0.007692307692307693,
        "Control - accelerator": 0.0,
        "Control - clutch": 0.023076923076923078,
        "Control - gears": 0.19615384615384615,
        "Control - Footbrake": 0.03461538461538462,
        "Control - parking brake": 0.023076923076923078,
        "Control - steering": 0.2923076923076923,
        "Move off - safely": 0.5153846153846153,
        "Move off - control": 0.38461538461538464,
        "Mirrors - signalling": 0.21923076923076923,
        "Mirrors - change direction": 0.21153846153846154,
        "Mirrors - change speed": 0.2153846153846154,
        "Signals - necessary": 0.12307692307692308,
        "Signals - correctly": 0.11538461538461539,
        "Signals - timed": 0.1076923076923077,
        "Clearance / obstructions": 0.11923076923076924,
        "Response to traffic signs": 0.0038461538461538464,
        "Response to road markings": 0.0038461538461538464,
        "Response to traffic lights": 0.0,
        "Response to traffic controllers": 0.0038461538461538464,
        "Response to road users": 0.007692307692307693,
        "Use of speed (too fast)": 0.06923076923076923,
        "Following distance": 0.023076923076923078,
        "Progress - speed (too slow)": 0.4576923076923077,
        "Progress - undue hesitation": 0.40384615384615385,
        "Junctions - approach speed": 0.10384615384615385,
        "Junctions - observation": 0.2153846153846154,
        "Junctions - turning right": 0.011538461538461539,
        "Junctions - turning left": 0.0,
        "Junctions - cutting corners": 0.007692307692307693,
        "Judgement - overtaking": 0.007692307692307693,
        "Judgement - meeting": 0.03076923076923077,
        "Judgement - crossing": 0.0038461538461538464,
        "Positioning - normal driving": 0.038461538461538464,
        "Positioning - lane discipline": 0.0,
        "Pedestrian crossing": 0.04230769230769231,
        "Position - normal stops": 0.18461538461538463,
        "Awareness / planning": 0.046153846153846156,
        "Ancillary controls": 0.0038461538461538464
    },
    "fails": {
        "Eyesight": 0.0,
        "Emergency stop": 0.0038461538461538464,
        "Reverse right - control": 0.0,
        "Reverse right - observation": 0.03076923076923077,
        "Parallel park - control": 0.007692307692307693,
        "Parallel park - observation": 0.03461538461538462,
        "Reverse bay park - control": 0.015384615384615385,
        "Reverse bay park - observation": 0.019230769230769232,
        "Vehicle checks": 0.0038461538461538464,
        "Forward bay park - control": 0.019230769230769232,
        "Forward bay park - observation": 0.007692307692307693,
        "Precautions": 0.0,
        "Control - accelerator": 0.0,
        "Control - clutch": 0.0,
        "Control - gears": 0.011538461538461539,
        "Control - Footbrake": 0.0,
        "Control - parking brake": 0.0,
        "Control - steering": 0.03076923076923077,
        "Move off - safely": 0.06538461538461539,
        "Move off - control": 0.057692307692307696,
        "Mirrors - signalling": 0.007692307692307693,
        "Mirrors - change direction": 0.023076923076923078,
        "Mirrors - change speed": 0.007692307692307693,
        "Signals - necessary": 0.0038461538461538464,
        "Signals - correctly": 0.019230769230769232,
        "Signals - timed": 0.0,
        "Clearance / obstructions": 0.015384615384615385,
        "Response to traffic signs": 0.015384615384615385,
        "Response to road markings": 0.0038461538461538464,
        "Response to traffic lights": 0.0,
        "Response to traffic controllers": 0.0,
        "Response to road users": 0.0,
        "Use of speed (too fast)": 0.03461538461538462,
        "Following distance": 0.0,
        "Progress - speed (too slow)": 0.046153846153846156,
        "Progress - undue hesitation": 0.03461538461538462,
        "Junctions - approach speed": 0.0,
        "Junctions - observation": 0.08846153846153847,
        "Junctions - turning right": 0.0,
        "Junctions - turning left": 0.0,
        "Junctions - cutting corners": 0.0038461538461538464,
        "Judgement - overtaking": 0.007692307692307693,
        "Judgement - meeting": 0.011538461538461539,
        "Judgement - crossing": 0.0038461538461538464,
        "Positioning - normal driving": 0.011538461538461539,
        "Positioning - lane discipline": 0.0,
        "Pedestrian crossing": 0.023076923076923078,
        "Position - normal stops": 0.026923076923076925,
        "Awareness / planning": 0.011538461538461539,
        "Ancillary controls": 0.0
    },
    "maneuvres": [
        {
            "name": "Forward bay park",
            "frequency": 0.25,
            "pass": 0.6153846153846154,
            "maneuvre_fails": 0.1076923076923077
        },
        {
            "name": "Reverse bay park",
            "frequency": 0.24615384615384617,
            "pass": 0.65625,
            "maneuvre_fails": 0.140625
        },
        {
            "name": "Parallel park",
            "frequency": 0.25769230769230766,
            "pass": 0.5373134328358209,
            "maneuvre_fails": 0.16417910447761194
        },
        {
            "name": "Reverse right",
            "frequency": 0.24615384615384617,
            "pass": 0.546875,
            "maneuvre_fails": 0.125
        },
        {
            "name": "Emergency stop",
            "frequency": 0.35384615384615387,
            "pass": 0.6739130434782609,
            "maneuvre_fails": 0.010869565217391304
        }
    ],
    "totalTestCount": 260,
    "dailyTestCount": 1.2093023255813953,
    "pass": 0.5884615384615385,
    "dangerous_count": 0.011538461538461539,
    "serious_count": 0.6961538461538461,
    "minor_count": 4.769230769230769,
    "dangerous_any": 0.011538461538461539,
    "serious_any": 0.4076923076923077,
    "minor_any": 0.9692307692307692,
    "first_attempt": 0.5192307692307693,
    "attempts": 1.853846153846154,
    "times": [
        {
            "dayType": "Mon-Fri",
            "time": "08:00-09:00",
            "pass": 0.7297297297297297,
            "dailyTests": 0.24093023255813956
        },
        {
            "dayType": "Mon-Fri",
            "time": "09:00-10:00",
            "pass": 0.7419354838709677,
            "dailyTests": 0.20186046511627911
        },
        {
            "dayType": "Mon-Fri",
            "time": "10:00-11:00",
            "pass": 0.59375,
            "dailyTests": 0.20837209302325582
        },
        {
            "dayType": "Mon-Fri",
            "time": "11:00-12:00",
            "pass": 0.55,
            "dailyTests": 0.26046511627906976
        },
        {
            "dayType": "Mon-Fri",
            "time": "12:00-13:00",
            "pass": 0.5142857142857142,
            "dailyTests": 0.22790697674418606
        },
        {
            "dayType": "Mon-Fri",
            "time": "13:00-14:00",
            "pass": 0.625,
            "dailyTests": 0.20837209302325582
        },
        {
            "dayType": "Mon-Fri",
            "time": "14:00-15:00",
            "pass": 0.37142857142857144,
            "dailyTests": 0.22790697674418606
        },
        {
            "dayType": "Mon-Fri",
            "time": "15:00-16:00",
            "pass": 0.6111111111111112,