{
    "minors": {
        "Eyesight": 0.0,
        "Emergency stop": 0.03571428571428571,
        "Reverse right - control": 0.03571428571428571,
        "Reverse right - observation": 0.05952380952380952,
        "Parallel park - control": 0.19047619047619047,
        "Parallel park - observation": 0.20238095238095238,
        "Reverse bay park - control": 0.08333333333333333,
        "Reverse bay park - observation": 0.08333333333333333,
        "Vehicle checks": 0.14285714285714285,
        "Forward bay park - control": 0.011904761904761904,
        "Forward bay park - observation": 0.011904761904761904,
        "Precautions": 0.011904761904761904,
        "Control - accelerator": 0.03571428571428571,
        "Control - clutch": 0.10714285714285714,
        "Control - gears": 0.32142857142857145,
        "Control - Footbrake": 0.08333333333333333,
        "Control - parking brake": 0.05952380952380952,
        "Control - steering": 0.23809523809523808,
        "Move off - safely": 0.6309523809523809,
        "Move off - control": 0.4166666666666667,
        "Mirrors - signalling": 0.34523809523809523,
        "Mirrors - change direction": 0.0,
        "Mirrors - change speed": 0.34523809523809523,
        "Signals - necessary": 0.09523809523809523,
        "Signals - correctly": 0.32142857142857145,
        "Signals - timed": 0.05952380952380952,
        "Clearance / obstructions": 0.11904761904761904,
        "Response to traffic signs": 0.07142857142857142,
        "Response to road markings": 0.011904761904761904,
        "Response to traffic lights": 0.0,
        "Response to traffic controllers": 0.0,
        "Response to road users": 0.011904761904761904,
        "Use of speed (too fast)": 0.03571428571428571,
        "Following distance": 0.011904761904761904,
        "Progress - speed (too slow)": 0.38095238095238093,
        "Progress - undue hesitation": 0.23809523809523808,
        "Junctions - approach speed": 0.023809523809523808,
        "Junctions - observation": 0.2976190476190476,
        "Junctions - turning right": 0.08333333333333333,
        "Junctions - turning left": 0.023809523809523808,
        "Junctions - cutting corners": 0.023809523809523808,
        "Judgement - overtaking": 0.0,
        "Judgement - meeting": 0.05952380952380952,
        "Judgement - crossing": 0.0,
        "Positioning - normal driving": 0.08333333333333333,
        "Positioning - lane discipline": 0.0,
        "Pedestrian crossing": 0.0,
        "Position - normal stops": 0.15476190476190477,
        "Awareness / planning": 0.07142857142857142,
        "Ancillary controls": 0.0
    },
    "fails": {
        "Eyesight": 0.0,
        "Emergency stop": 0.0,
        "Reverse right - control": 0.0,
        "Reverse right - observation": 0.0,
        "Parallel park - control": 0.07142857142857142,
        "Parallel park - observation": 0.08333333333333333,
        "Reverse bay park - control": 0.011904761904761904,
        "Reverse bay park - observation": 0.023809523809523808,
        "Vehicle checks": 0.0,
        "Forward bay park - control": 0.0,
        "Forward bay park - observation": 0.0,
        "Precautions": 0.0,
        "Control - accelerator": 0.0,
        "Control - clutch": 0.0,
        "Control - gears": 0.011904761904761904,
        "Control - Footbrake": 0.0,
        "Control - parking brake": 0.0,
        "Control - steering": 0.047619047619047616,
        "Move off - safely": 0.14285714285714285,
        "Move off - control": 0.05952380952380952,
        "Mirrors - signalling": 0.011904761904761904,
        "Mirrors - change direction": 0.0,
        "Mirrors - change speed": 0.023809523809523808,
        "Signals - necessary": 0.023809523809523808,
        "Signals - correctly": 0.011904761904761904,
        "Signals - timed": 0.0,
        "Clearance / obstructions": 0.0,
        "Response to traffic signs": 0.0,
        "Response to road markings": 0.0,
        "Response to traffic lights": 0.0,
        "Response to traffic controllers": 0.0,
        "Response to road users": 0.0,
        "Use of speed (too fast)": 0.023809523809523808,
        "Following distance": 0.0,
        "Progress - speed (too slow)": 0.011904761904761904,
        "Progress - undue hesitation": 0.0,
        "Junctions - approach speed": 0.0,
        "Junctions - observation": 0.10714285714285714,
        "Junctions - turning right": 0.03571428571428571,
        "Junctions - turning left": 0.0,
        "Junctions - cutting corners": 0.0,
        "Judgement - overtaking": 0.0,
        "Judgement - meeting": 0.023809523809523808,
        "Judgement - crossing": 0.0,
        "Positioning - normal driving": 0.0,
        "Positioning - lane discipline": 0.0,
        "Pedestrian crossing": 0.0,
        "Position - normal stops": 0.0,
        "Awareness / planning": 0.011904761904761904,
        "Ancillary controls": 0.0
    },
    "maneuvres": [
        {
            "name": "Forward bay park",
            "frequency": 0.08333333333333333,
            "pass": 0.8571428571428571,
            "maneuvre_fails": 0.0
        },
        {
            "name": "Reverse bay park",
            "frequency": 0.14285714285714285,
            "pass": 0.5,
            "maneuvre_fails": 0.16666666666666666
        },
        {
            "name": "Parallel park",
            "frequency": 0.5238095238095238,
            "pass": 0.5227272727272727,
            "maneuvre_fails": 0.22727272727272727
        },
        {
            "name": "Reverse right",
            "frequency": 0.25,
            "pass": 0.5238095238095238,
            "maneuvre_fails": 0.0
        },
        {
            "name": "Emergency stop",
            "frequency": 0.20238095238095238,
            "pass": 0.6470588235294118,
            "maneuvre_fails": 0.0
        }
    ],
    "totalTestCount": 84,
    "dailyTestCount": 0.39069767441860465,
    "pass": 0.5476190476190477,
    "dangerous_count": 0.0,
    "serious_count": 0.7380952380952381,
    "minor_count": 5.630952380952381,
    "dangerous_any": 0.0,
    "serious_any": 0.4523809523809524,
    "minor_any": 0.9523809523809523,
    "first_attempt": 0.5,
    "attempts": 2.261904761904762,
    "times": [
        {
            "dayType": "Mon-Fri",
            "time": "09:00-10:00",
            "pass": 0.47058823529411764,
            "dailyTests": 0.11069767441860465
        },
        {
            "dayType": "Mon-Fri",
            "time": "10:00-11:00",
            "pass": 0.4117647058823529,
            "dailyTests": 0.11069767441860465
        },
        {
            "dayType": "Mon-Fri",
            "time": "11:00-12:00",
            "pass": 0.625,
            "dailyTests": 0.10418604651162791
        },
        {
            "dayType": "Mon-Fri",
            "time": "13:00-14:00",
            "pass": 0.7058823529411765,
            "dailyTests": 0.11069767441860465
        },
        {
            "dayType": "Mon-Fri",
            "time": "14:00-15:00",
            "pass": 0.5294117647058824,
            "dailyTests": 0.11069767441860465
        },
        {
            "dayType": "Mon-Fri",
            "pass": 0.5476190476190477,
            "dailyTests": 0.5469767441860465,
            "time": "All times"
        }
    ],
    "name": "Rothesay",
    "id": 319,
    "address": {
        "name": "Rothesay",
        "latitude": 55.8364579,
        "longitude": -5.0562892,
        "addrLine1": "Driver and Vehicle Standards Agency",
        "addrLine2": "Driving Test Centre Rothesay (Bute)",
        "addrLine3": "C/O Dept of Employment",
        "addrLine4": "9 King Street",
        "addrLine5": "",
        "postcode": "PA20 0DG"
    }
}