{
    "minors": {
        "Eyesight": 0.0,
        "Emergency stop": 0.01838235294117647,
        "Reverse right - control": 0.022058823529411766,
        "Reverse right - observation": 0.03676470588235294,
        "Parallel park - control": 0.07720588235294118,
        "Parallel park - observation": 0.022058823529411766,
        "Reverse bay park - control": 0.08455882352941177,
        "Reverse bay park - observation": 0.04411764705882353,
        "Vehicle checks": 0.13970588235294118,
        "Forward bay park - control": 0.051470588235294115,
        "Forward bay park - observation": 0.03308823529411765,
        "Precautions": 0.003676470588235294,
        "Control - accelerator": 0.003676470588235294,
        "Control - clutch": 0.014705882352941176,
        "Control - gears": 0.20588235294117646,
        "Control - Footbrake": 0.01838235294117647,
        "Control - parking brake": 0.014705882352941176,
        "Control - steering": 0.3125,
        "Move off - safely": 0.2647058823529412,
        "Move off - control": 0.3088235294117647,
        "Mirrors - signalling": 0.1948529411764706,
        "Mirrors - change direction": 0.14338235294117646,
        "Mirrors - change speed": 0.051470588235294115,
        "Signals - necessary": 0.029411764705882353,
        "Signals - correctly": 0.06985294117647059,
        "Signals - timed": 0.025735294117647058,
        "Clearance / obstructions": 0.0625,
        "Response to traffic signs": 0.011029411764705883,
        "Response to road markings": 0.011029411764705883,
        "Response to traffic lights": 0.003676470588235294,
        "Response to traffic controllers": 0.0,
        "Response to road users": 0.003676470588235294,
        "Use of speed (too fast)": 0.06985294117647059,
        "Following distance": 0.04044117647058824,
        "Progress - speed (too slow)": 0.23161764705882354,
        "Progress - undue hesitation": 0.41911764705882354,
        "Junctions - approach speed": 0.10294117647058823,
        "Junctions - observation": 0.26838235294117646,
        "Junctions - turning right": 0.014705882352941176,
        "Junctions - turning left": 0.011029411764705883,
        "Junctions - cutting corners": 0.022058823529411766,
        "Judgement - overtaking": 0.0,
        "Judgement - meeting": 0.03676470588235294,
        "Judgement - crossing": 0.014705882352941176,
        "Positioning - normal driving": 0.025735294117647058,
        "Positioning - lane discipline": 0.003676470588235294,
        "Pedestrian crossing": 0.01838235294117647,
        "Position - normal stops": 0.05514705882352941,
        "Awareness / planning": 0.08455882352941177,
        "Ancillary controls": 0.0
    },
    "fails": {
        "Eyesight": 0.0,
        "Emergency stop": 0.0,
        "Reverse right - control": 0.007352941176470588,
        "Reverse right - observation": 0.007352941176470588,
        "Parallel park - control": 0.011029411764705883,
        "Parallel park - observation": 0.003676470588235294,
        "Reverse bay park - control": 0.011029411764705883,
        "Reverse bay park - observation": 0.007352941176470588,
        "Vehicle checks": 0.003676470588235294,
        "Forward bay park - control": 0.003676470588235294,
        "Forward bay park - observation": 0.007352941176470588,
        "Precautions": 0.0,
        "Control - accelerator": 0.0,
        "Control - clutch": 0.0,
        "Control - gears": 0.01838235294117647,
        "Control - Footbrake": 0.0,
        "Control - parking brake": 0.0,
        "Control - steering": 0.025735294117647058,
        "Move off - safely": 0.04411764705882353,
        "Move off - control": 0.029411764705882353,
        "Mirrors - signalling": 0.003676470588235294,
        "Mirrors - change direction": 0.007352941176470588,
        "Mirrors - change speed": 0.003676470588235294,
        "Signals - necessary": 0.0,
        "Signals - correctly": 0.003676470588235294,
        "Signals - timed": 0.003676470588235294,
        "Clearance / obstructions": 0.007352941176470588,
        "Response to traffic signs": 0.0,
        "Response to road markings": 0.01838235294117647,
        "Response to traffic lights": 0.007352941176470588,
        "Response to traffic controllers": 0.0,
        "Response to road users": 0.007352941176470588,
        "Use of speed (too fast)": 0.014705882352941176,
        "Following distance": 0.0,
        "Progress - speed (too slow)": 0.011029411764705883,
        "Progress - undue hesitation": 0.03676470588235294,
        "Junctions - approach speed": 0.0,
        "Junctions - observation": 0.11029411764705882,
        "Junctions - turning right": 0.025735294117647058,
        "Junctions - turning left": 0.011029411764705883,
        "Junctions - cutting corners": 0.003676470588235294,
        "Judgement - overtaking": 0.007352941176470588,
        "Judgement - meeting": 0.003676470588235294,
        "Judgement - crossing": 0.007352941176470588,
        "Positioning - normal driving": 0.007352941176470588,
        "Positioning - lane discipline": 0.0,
        "Pedestrian crossing": 0.014705882352941176,
        "Position - normal stops": 0.014705882352941176,
        "Awareness / planning": 0.011029411764705883,
        "Ancillary controls": 0.0
    },
    "maneuvres": [
        {
            "name": "Forward bay park",
            "frequency": 0.28308823529411764,
            "pass": 0.6103896103896104,
            "maneuvre_fails": 0.025974025974025976
        },
        {
            "name": "Reverse bay park",
            "frequency": 0.2610294117647059,
            "pass": 0.5915492957746479,
            "maneuvre_fails": 0.07042253521126761
        },
        {
            "name": "Parallel park",
            "frequency": 0.23529411764705882,
            "pass": 0.71875,
            "maneuvre_fails": 0.046875
        },
        {
            "name": "Reverse right",
            "frequency": 0.22058823529411764,
            "pass": 0.6833333333333333,
            "maneuvre_fails": 0.06666666666666667
        },
        {
            "name": "Emergency stop",
            "frequency": 0.3014705882352941,
            "pass": 0.6585365853658537,
            "maneuvre_fails": 0.0
        }
    ],
    "totalTestCount": 272,
    "dailyTestCount": 1.2651162790697674,
    "pass": 0.6470588235294118,
    "dangerous_count": 0.003676470588235294,
    "serious_count": 0.5183823529411765,
    "minor_count": 3.702205882352941,
    "dangerous_any": 0.003676470588235294,
    "serious_any": 0.35294117647058826,
    "minor_any": 0.9558823529411765,
    "first_attempt": 0.6176470588235294,
    "attempts": 1.6544117647058822,
    "times": [
        {
            "dayType": "Mon-Fri",
            "time": "07:00-08:00",
            "pass": 1.0,
            "dailyTests": 0.01953488372093023
        },
        {
            "dayType": "Mon-Fri",
            "time": "08:00-09:00",
            "pass": 0.6666666666666666,
            "dailyTests": 0.2344186046511628
        },
        {
            "dayType": "Mon-Fri",
            "time": "09:00-10:00",
            "pass": 0.6666666666666666,
            "dailyTests": 0.25395348837209303
        },
        {
            "dayType": "Mon-Fri",
            "time": "10:00-11:00",
            "pass": 0.575,
            "dailyTests": 0.26046511627906976
        },
        {
            "dayType": "Mon-Fri",
            "time": "11:00-12:00",
            "pass": 0.6153846153846154,
            "dailyTests": 0.25395348837209303
        },
        {
            "dayType": "Mon-Fri",
            "time": "13:00-14:00",
            "pass": 0.6551724137931034,
            "dailyTests": 0.1888372093023256
        },
        {
            "dayType": "Mon-Fri",
            "time": "14:00-15:00",
            "pass": 0.631578947368421,
            "dailyTests": 0.2474418604651163
        },
        {
            "dayType": "Mon-Fri",
            "time": "15:00-16:00",
            "pass": 0.6739130434782609,