{
    "minors": {
        "Eyesight": 0.0,
        "Emergency stop": 0.0,
        "Reverse right - control": 0.037037037037037035,
        "Reverse right - observation": 0.04938271604938271,
        "Parallel park - control": 0.07407407407407407,
        "Parallel park - observation": 0.012345679012345678,
        "Reverse bay park - control": 0.13580246913580246,
        "Reverse bay park - observation": 0.024691358024691357,
        "Vehicle checks": 0.037037037037037035,
        "Forward bay park - control": 0.06172839506172839,
        "Forward bay park - observation": 0.024691358024691357,
        "Precautions": 0.0,
        "Control - accelerator": 0.0,
        "Control - clutch": 0.0,
        "Control - gears": 0.2222222222222222,
        "Control - Footbrake": 0.06172839506172839,
        "Control - parking brake": 0.012345679012345678,
        "Control - steering": 0.2222222222222222,
        "Move off - safely": 0.345679012345679,
        "Move off - control": 0.24691358024691357,
        "Mirrors - signalling": 0.25925925925925924,
        "Mirrors - change direction": 0.037037037037037035,
        "Mirrors - change speed": 0.2345679012345679,
        "Signals - necessary": 0.024691358024691357,
        "Signals - correctly": 0.06172839506172839,
        "Signals - timed": 0.04938271604938271,
        "Clearance / obstructions": 0.13580246913580246,
        "Response to traffic signs": 0.06172839506172839,
        "Response to road markings": 0.012345679012345678,
        "Response to traffic lights": 0.0,
        "Response to traffic controllers": 0.0,
        "Response to road users": 0.0,
        "Use of speed (too fast)": 0.04938271604938271,
        "Following distance": 0.012345679012345678,
        "Progress - speed (too slow)": 0.25925925925925924,
        "Progress - undue hesitation": 0.35802469135802467,
        "Junctions - approach speed": 0.06172839506172839,
        "Junctions - observation": 0.16049382716049382,
        "Junctions - turning right": 0.1111111111111111,
        "Junctions - turning left": 0.0,
        "Junctions - cutting corners": 0.024691358024691357,
        "Judgement - overtaking": 0.0,
        "Judgement - meeting": 0.024691358024691357,
        "Judgement - crossing": 0.0,
        "Positioning - normal driving": 0.012345679012345678,
        "Positioning - lane discipline": 0.0,
        "Pedestrian crossing": 0.012345679012345678,
        "Position - normal stops": 0.1111111111111111,
        "Awareness / planning": 0.04938271604938271,
        "Ancillary controls": 0.012345679012345678
    },
    "fails": {
        "Eyesight": 0.0,
        "Emergency stop": 0.0,
        "Reverse right - control": 0.012345679012345678,
        "Reverse right - observation": 0.012345679012345678,
        "Parallel park - control": 0.012345679012345678,
        "Parallel park - observation": 0.012345679012345678,
        "Reverse bay park - control": 0.0,
        "Reverse bay park - observation": 0.012345679012345678,
        "Vehicle checks": 0.012345679012345678,
        "Forward bay park - control": 0.0,
        "Forward bay park - observation": 0.012345679012345678,
        "Precautions": 0.0,
        "Control - accelerator": 0.0,
        "Control - clutch": 0.0,
        "Control - gears": 0.024691358024691357,
        "Control - Footbrake": 0.012345679012345678,
        "Control - parking brake": 0.0,
        "Control - steering": 0.024691358024691357,
        "Move off - safely": 0.07407407407407407,
        "Move off - control": 0.037037037037037035,
        "Mirrors - signalling": 0.012345679012345678,
        "Mirrors - change direction": 0.037037037037037035,
        "Mirrors - change speed": 0.037037037037037035,
        "Signals - necessary": 0.0,
        "Signals - correctly": 0.0,
        "Signals - timed": 0.012345679012345678,
        "Clearance / obstructions": 0.04938271604938271,
        "Response to traffic signs": 0.012345679012345678,
        "Response to road markings": 0.0,
        "Response to traffic lights": 0.0,
        "Response to traffic controllers": 0.0,
        "Response to road users": 0.0,
        "Use of speed (too fast)": 0.0,
        "Following distance": 0.012345679012345678,
        "Progress - speed (too slow)": 0.06172839506172839,
        "Progress - undue hesitation": 0.07407407407407407,
        "Junctions - approach speed": 0.0,
        "Junctions - observation": 0.024691358024691357,
        "Junctions - turning right": 0.012345679012345678,
        "Junctions - turning left": 0.0,
        "Junctions - cutting corners": 0.0,
        "Judgement - overtaking": 0.024691358024691357,
        "Judgement - meeting": 0.024691358024691357,
        "Judgement - crossing": 0.0,
        "Positioning - normal driving": 0.0,
        "Positioning - lane discipline": 0.0,
        "Pedestrian crossing": 0.0,
        "Position - normal stops": 0.0,
        "Awareness / planning": 0.024691358024691357,
        "Ancillary controls": 0.0
    },
    "maneuvres": [
        {
            "name": "Forward bay park",
            "frequency": 0.19753086419753085,
            "pass": 0.875,
            "maneuvre_fails": 0.0625
        },
        {
            "name": "Reverse bay park",
            "frequency": 0.2962962962962963,
            "pass": 0.5833333333333334,
            "maneuvre_fails": 0.041666666666666664
        },
        {
            "name": "Parallel park",
            "frequency": 0.2345679012345679,
            "pass": 0.7894736842105263,
            "maneuvre_fails": 0.05263157894736842
        },
        {
            "name": "Reverse right",
            "frequency": 0.25925925925925924,
            "pass": 0.6190476190476191,
            "maneuvre_fails": 0.09523809523809523
        },
        {
            "name": "Emergency stop",
            "frequency": 0.2962962962962963,
            "pass": 0.8333333333333334,
            "maneuvre_fails": 0.0
        }
    ],
    "totalTestCount": 81,
    "dailyTestCount": 0.3767441860465116,
    "pass": 0.691358024691358,
    "dangerous_count": 0.024691358024691357,
    "serious_count": 0.654320987654321,
    "minor_count": 3.7037037037037037,
    "dangerous_any": 0.024691358024691357,
    "serious_any": 0.2962962962962963,
    "minor_any": 0.8765432098765432,
    "first_attempt": 0.6419753086419753,
    "attempts": 1.5925925925925926,
    "times": [
        {
            "dayType": "Mon-Fri",
            "time": "07:00-08:00",
            "pass": 1.0,
            "dailyTests": 0.0065116279069767444
        },
        {
            "dayType": "Mon-Fri",
            "time": "08:00-09:00",
            "pass": 0.875,
            "dailyTests": 0.052093023255813956
        },
        {
            "dayType": "Mon-Fri",
            "time": "09:00-10:00",
            "pass": 0.8461538461538461,
            "dailyTests": 0.08465116279069768
        },
        {
            "dayType": "Mon-Fri",
            "time": "10:00-11:00",
            "pass": 0.75,
            "dailyTests": 0.07813953488372093
        },
        {
            "dayType": "Mon-Fri",
            "time": "11:00-12:00",
            "pass": 0.7,
            "dailyTests": 0.06511627906976744
        },
        {
            "dayType": "Mon-Fri",
            "time": "12:00-13:00",
            "pass": 0.6363636363636364,
            "dailyTests": 0.07162790697674418
        },
        {
            "dayType": "Mon-Fri",
            "time": "13:00-14:00",
            "pass": 0.75,
            "dailyTests": 0.052093023255813956
        },
        {
            "dayType": "Mon-Fri",
            "time": "14:00-15:00",
            "pass": 0.5833333333333334,
            "dailyTests": 0.07813953488372093
        },
        {
            "dayType": "Mon-Fri",
            "time": "15:00-16:00",
            "pass": 0.16666666666666666,
            "dailyTests": 0.03906976744186046
        },
        {
            "dayType": "Mon-Fri",
            "pass": 0.691358024691358,