{
    "minors": {
        "Eyesight": 0.0,
        "Emergency stop": 0.01764884876762349,
        "Reverse right - control": 0.035399127700578153,
        "Reverse right - observation": 0.054873719444162694,
        "Parallel park - control": 0.08053555127294858,
        "Parallel park - observation": 0.043107820265747034,
        "Reverse bay park - control": 0.11025458971498124,
        "Reverse bay park - observation": 0.03195050207931839,
        "Vehicle checks": 0.14818947154883863,
        "Forward bay park - control": 0.08256415457957196,
        "Forward bay park - observation": 0.02941474794603915,
        "Precautions": 0.004260066943909118,
        "Control - accelerator": 0.0024343239679480676,
        "Control - clutch": 0.021300334719545594,
        "Control - gears": 0.11857186327213713,
        "Control - Footbrake": 0.04584643472968861,
        "Control - parking brake": 0.01582310579166244,
        "Control - steering": 0.24231666497616391,
        "Move off - safely": 0.36758291916015823,
        "Move off - control": 0.2672684856476316,
        "Mirrors - signalling": 0.20590323562227406,
        "Mirrors - change direction": 0.21848057612333907,
        "Mirrors - change speed": 0.16533116948980628,
        "Signals - necessary": 0.03803631199918856,
        "Signals - correctly": 0.07363830003042905,
        "Signals - timed": 0.058930926057409475,
        "Clearance / obstructions": 0.1243533826960138,
        "Response to traffic signs": 0.16867836494573485,
        "Response to road markings": 0.03134192108733137,
        "Response to traffic lights": 0.10589309260574095,
        "Response to traffic controllers": 0.0007100111573181864,
        "Response to road users": 0.0515265239882341,
        "Use of speed (too fast)": 0.06004665787605234,
        "Following distance": 0.053250836798863985,
        "Progress - speed (too slow)": 0.30834770260675526,
        "Progress - undue hesitation": 0.21574196165939752,
        "Junctions - approach speed": 0.07607262399837712,
        "Junctions - observation": 0.1053859417790851,
        "Junctions - turning right": 0.06734962977989654,
        "Junctions - turning left": 0.01004158636778578,
        "Junctions - cutting corners": 0.027183284308753424,
        "Judgement - overtaking": 0.016634547114311796,
        "Judgement - meeting": 0.11786185211481895,
        "Judgement - crossing": 0.022416066538188457,
        "Positioning - normal driving": 0.08317273557155898,
        "Positioning - lane discipline": 0.015417385130337762,
        "Pedestrian crossing": 0.016330256618318287,
        "Position - normal stops": 0.17445988436961152,
        "Awareness / planning": 0.10264732731514352,
        "Ancillary controls": 0.013895932650370221
    },
    "fails": {
        "Eyesight": 0.00030429049599350845,
        "Emergency stop": 0.00202860330662339,
        "Reverse right - control": 0.007708692565168881,
        "Reverse right - observation": 0.010548737194441627,
        "Parallel park - control": 0.019373161578253372,
        "Parallel park - observation": 0.008621564053149407,
        "Reverse bay park - control": 0.018764580586266354,
        "Reverse bay park - observation": 0.005781519423876661,
        "Vehicle checks": 0.006187240085201339,
        "Forward bay park - control": 0.010345876863779288,
        "Forward bay park - observation": 0.0065929607465260165,
        "Precautions": 0.0,
        "Control - accelerator": 0.00030429049599350845,
        "Control - clutch": 0.00010143016533116949,
        "Control - gears": 0.006897251242519525,
        "Control - Footbrake": 0.0007100111573181864,
        "Control - parking brake": 0.0008114413226493559,
        "Control - steering": 0.0322547925753119,
        "Move off - safely": 0.04128207728978598,
        "Move off - control": 0.030631909930013187,
        "Mirrors - signalling": 0.002941474794603915,
        "Mirrors - change direction": 0.10609595293640328,
        "Mirrors - change speed": 0.017547418602292322,
        "Signals - necessary": 0.0033471954559285933,
        "Signals - correctly": 0.012881630997058526,
        "Signals - timed": 0.0011157318186428644,
        "Clearance / obstructions": 0.02211177604219495,
        "Response to traffic signs": 0.08854853433411096,
        "Response to road markings": 0.026270412820772897,
        "Response to traffic lights": 0.08428846739020185,
        "Response to traffic controllers": 0.00020286033066233897,
        "Response to road users": 0.011968759509078,
        "Use of speed (too fast)": 0.013388781823714373,
        "Following distance": 0.0043614971092402885,
        "Progress - speed (too slow)": 0.029313317780707983,
        "Progress - undue hesitation": 0.010345876863779288,
        "Junctions - approach speed": 0.012780200831727356,
        "Junctions - observation": 0.06532102647327315,
        "Junctions - turning right": 0.02769043513540927,
        "Junctions - turning left": 0.001420022314636373,
        "Junctions - cutting corners": 0.002231463637285729,
        "Judgement - overtaking": 0.007810122730500051,
        "Judgement - meeting": 0.030936200426006696,
        "Judgement - crossing": 0.025458971498123543,
        "Positioning - normal driving": 0.013490211989045542,
        "Positioning - lane discipline": 0.001014301653311695,
        "Pedestrian crossing": 0.012374480170402678,
        "Position - normal stops": 0.008317273557155898,
        "Awareness / planning": 0.015518815295668932,
        "Ancillary controls": 0.00030429049599350845
    },
    "maneuvres": [
        {
            "name": "Forward bay park",
            "frequency": 0.23552084389897557,
            "pass": 0.5094745908699397,
            "maneuvre_fails": 0.06847545219638243
        },
        {
            "name": "Reverse bay park",
            "frequency": 0.2417080839841769,
            "pass": 0.51237935375577,
            "maneuvre_fails": 0.09567771716323961
        },
        {
            "name": "Parallel park",
            "frequency": 0.25712546911451467,
            "pass": 0.5293885601577909,
            "maneuvre_fails": 0.10177514792899409
        },
        {
            "name": "Reverse right",
            "frequency": 0.2636169996957095,
            "pass": 0.5198153135821469,
            "maneuvre_fails": 0.06656406310119277
        },
        {
            "name": "Emergency stop",
            "frequency": 0.30601480880413834,
            "pass": 0.5836924096784886,
            "maneuvre_fails": 0.006629101756711966
        }
    ],
    "totalTestCount": 9859,
    "dailyTestCount": 45.85581395348837,
    "pass": 0.5169895526929709,
    "dangerous_count": 0.05669946242012375,
    "serious_count": 0.8165128309159144,
    "minor_count": 4.4484227609291,
    "dangerous_any": 0.05335226696419515,
    "serious_any": 0.46627447002738615,
    "minor_any": 0.9605436656861751,
    "first_attempt": 0.49579064813875645,
    "attempts": 2.113500355005579,
    "times": [
        {
            "dayType": "Mon-Fri",
            "time": "07:00-08:00",
            "pass": 0.4890282131661442,
            "dailyTests": 4.1544186046511635
        },
        {
            "dayType": "Mon-Fri",
            "time": "08:00-09:00",
            "pass": 0.48705501618122976,
            "dailyTests": 12.072558139534882
        },
        {
            "dayType": "Mon-Fri",
            "time": "09:00-10:00",
            "pass": 0.5301418439716312,
            "dailyTests": 3.672558139534884
        },
        {
            "dayType": "Mon-Fri",
            "time": "10:00-11:00",
            "pass": 0.5323624595469255,
            "dailyTests": 8.048372093023257
        },
        {
            "dayType": "Mon-Fri",
            "time": "11:00-12:00",
            "pass": 0.5341772151898734,
            "dailyTests": 7.716279069767443
        },
        {
            "dayType": "Mon-Fri",
            "time": "12:00-13:00",
            "pass": 0.535958904109589,