{
    "minors": {
        "Eyesight": 0.0,
        "Emergency stop": 0.01932367149758454,
        "Reverse right - control": 0.026570048309178744,
        "Reverse right - observation": 0.033816425120772944,
        "Parallel park - control": 0.0748792270531401,
        "Parallel park - observation": 0.04106280193236715,
        "Reverse bay park - control": 0.0893719806763285,
        "Reverse bay park - observation": 0.024154589371980676,
        "Vehicle checks": 0.12560386473429952,
        "Forward bay park - control": 0.07729468599033816,
        "Forward bay park - observation": 0.01932367149758454,
        "Precautions": 0.00966183574879227,
        "Control - accelerator": 0.0,
        "Control - clutch": 0.043478260869565216,
        "Control - gears": 0.3188405797101449,
        "Control - Footbrake": 0.0893719806763285,
        "Control - parking brake": 0.050724637681159424,
        "Control - steering": 0.3695652173913043,
        "Move off - safely": 0.45893719806763283,
        "Move off - control": 0.3961352657004831,
        "Mirrors - signalling": 0.43719806763285024,
        "Mirrors - change direction": 0.028985507246376812,
        "Mirrors - change speed": 0.15942028985507245,
        "Signals - necessary": 0.04106280193236715,
        "Signals - correctly": 0.10144927536231885,
        "Signals - timed": 0.13768115942028986,
        "Clearance / obstructions": 0.03140096618357488,
        "Response to traffic signs": 0.026570048309178744,
        "Response to road markings": 0.026570048309178744,
        "Response to traffic lights": 0.007246376811594203,
        "Response to traffic controllers": 0.0,
        "Response to road users": 0.004830917874396135,
        "Use of speed (too fast)": 0.1497584541062802,
        "Following distance": 0.033816425120772944,
        "Progress - speed (too slow)": 0.5169082125603864,
        "Progress - undue hesitation": 0.48792270531400966,
        "Junctions - approach speed": 0.13285024154589373,
        "Junctions - observation": 0.21256038647342995,
        "Junctions - turning right": 0.08454106280193237,
        "Junctions - turning left": 0.007246376811594203,
        "Junctions - cutting corners": 0.04106280193236715,
        "Judgement - overtaking": 0.026570048309178744,
        "Judgement - meeting": 0.13768115942028986,
        "Judgement - crossing": 0.021739130434782608,
        "Positioning - normal driving": 0.0893719806763285,
        "Positioning - lane discipline": 0.0024154589371980675,
        "Pedestrian crossing": 0.007246376811594203,
        "Position - normal stops": 0.13043478260869565,
        "Awareness / planning": 0.1111111111111111,
        "Ancillary controls": 0.0
    },
    "fails": {
        "Eyesight": 0.0,
        "Emergency stop": 0.0,
        "Reverse right - control": 0.00966183574879227,
        "Reverse right - observation": 0.014492753623188406,
        "Parallel park - control": 0.014492753623188406,
        "Parallel park - observation": 0.00966183574879227,
        "Reverse bay park - control": 0.012077294685990338,
        "Reverse bay park - observation": 0.00966183574879227,
        "Vehicle checks": 0.0024154589371980675,
        "Forward bay park - control": 0.00966183574879227,
        "Forward bay park - observation": 0.004830917874396135,
        "Precautions": 0.0,
        "Control - accelerator": 0.0,
        "Control - clutch": 0.0,
        "Control - gears": 0.016908212560386472,
        "Control - Footbrake": 0.0024154589371980675,
        "Control - parking brake": 0.0,
        "Control - steering": 0.043478260869565216,
        "Move off - safely": 0.06763285024154589,
        "Move off - control": 0.028985507246376812,
        "Mirrors - signalling": 0.024154589371980676,
        "Mirrors - change direction": 0.014492753623188406,
        "Mirrors - change speed": 0.004830917874396135,
        "Signals - necessary": 0.004830917874396135,
        "Signals - correctly": 0.012077294685990338,
        "Signals - timed": 0.014492753623188406,
        "Clearance / obstructions": 0.014492753623188406,
        "Response to traffic signs": 0.026570048309178744,
        "Response to road markings": 0.01932367149758454,
        "Response to traffic lights": 0.007246376811594203,
        "Response to traffic controllers": 0.0,
        "Response to road users": 0.0024154589371980675,
        "Use of speed (too fast)": 0.012077294685990338,
        "Following distance": 0.004830917874396135,
        "Progress - speed (too slow)": 0.036231884057971016,
        "Progress - undue hesitation": 0.036231884057971016,
        "Junctions - approach speed": 0.00966183574879227,
        "Junctions - observation": 0.07729468599033816,
        "Junctions - turning right": 0.028985507246376812,
        "Junctions - turning left": 0.004830917874396135,
        "Junctions - cutting corners": 0.026570048309178744,
        "Judgement - overtaking": 0.007246376811594203,
        "Judgement - meeting": 0.028985507246376812,
        "Judgement - crossing": 0.007246376811594203,
        "Positioning - normal driving": 0.024154589371980676,
        "Positioning - lane discipline": 0.004830917874396135,
        "Pedestrian crossing": 0.0024154589371980675,
        "Position - normal stops": 0.004830917874396135,
        "Awareness / planning": 0.021739130434782608,
        "Ancillary controls": 0.0
    },
    "maneuvres": [
        {
            "name": "Forward bay park",
            "frequency": 0.2946859903381642,
            "pass": 0.6065573770491803,
            "maneuvre_fails": 0.04918032786885246
        },
        {
            "name": "Reverse bay park",
            "frequency": 0.21497584541062803,
            "pass": 0.5056179775280899,
            "maneuvre_fails": 0.0898876404494382
        },
        {
            "name": "Parallel park",
            "frequency": 0.2222222222222222,
            "pass": 0.6521739130434783,
            "maneuvre_fails": 0.10869565217391304
        },
        {
            "name": "Reverse right",
            "frequency": 0.2632850241545894,
            "pass": 0.5412844036697247,
            "maneuvre_fails": 0.09174311926605505
        },
        {
            "name": "Emergency stop",
            "frequency": 0.2584541062801932,
            "pass": 0.6635514018691588,
            "maneuvre_fails": 0.0
        }
    ],
    "totalTestCount": 414,
    "dailyTestCount": 1.9255813953488372,
    "pass": 0.5748792270531401,
    "dangerous_count": 0.04589371980676329,
    "serious_count": 0.6884057971014492,
    "minor_count": 5.463768115942029,
    "dangerous_any": 0.043478260869565216,
    "serious_any": 0.4106280193236715,
    "minor_any": 0.9903381642512077,
    "first_attempt": 0.5531400966183575,
    "attempts": 1.9420289855072463,
    "times": [
        {
            "dayType": "Mon-Fri",
            "time": "08:00-09:00",
            "pass": 0.5636363636363636,
            "dailyTests": 0.35813953488372097
        },
        {
            "dayType": "Mon-Fri",
            "time": "09:00-10:00",
            "pass": 0.6029411764705882,
            "dailyTests": 0.4427906976744186
        },
        {
            "dayType": "Mon-Fri",
            "time": "10:00-11:00",
            "pass": 0.5230769230769231,
            "dailyTests": 0.4232558139534883
        },
        {
            "dayType": "Mon-Fri",
            "time": "11:00-12:00",
            "pass": 0.576271186440678,
            "dailyTests": 0.3841860465116279
        },
        {
            "dayType": "Mon-Fri",
            "time": "12:00-13:00",
            "pass": 0.6,
            "dailyTests": 0.35813953488372097
        },
        {
            "dayType": "Mon-Fri",
            "time": "13:00-14:00",
            "pass": 0.6111111111111112,
            "dailyTests": 0.35162790697674423
        },
        {
            "dayType": "Mon-Fri",
            "time": "14:00-15:00",
            "pass": 0.5454545454545454,