{
    "minors": {
        "Eyesight": 0.0,
        "Emergency stop": 0.029878048780487804,
        "Reverse right - control": 0.02621951219512195,
        "Reverse right - observation": 0.04939024390243903,
        "Parallel park - control": 0.12682926829268293,
        "Parallel park - observation": 0.09878048780487805,
        "Reverse bay park - control": 0.1,
        "Reverse bay park - observation": 0.07439024390243902,
        "Vehicle checks": 0.12560975609756098,
        "Forward bay park - control": 0.08658536585365853,
        "Forward bay park - observation": 0.03841463414634146,
        "Precautions": 0.001829268292682927,
        "Control - accelerator": 0.0024390243902439024,
        "Control - clutch": 0.028658536585365855,
        "Control - gears": 0.14817073170731707,
        "Control - Footbrake": 0.018902439024390243,
        "Control - parking brake": 0.014634146341463415,
        "Control - steering": 0.5018292682926829,
        "Move off - safely": 0.45426829268292684,
        "Move off - control": 0.38902439024390245,
        "Mirrors - signalling": 0.4426829268292683,
        "Mirrors - change direction": 0.1573170731707317,
        "Mirrors - change speed": 0.15914634146341464,
        "Signals - necessary": 0.16646341463414635,
        "Signals - correctly": 0.17256097560975608,
        "Signals - timed": 0.18170731707317073,
        "Clearance / obstructions": 0.08963414634146341,
        "Response to traffic signs": 0.042682926829268296,
        "Response to road markings": 0.04207317073170732,
        "Response to traffic lights": 0.016463414634146342,
        "Response to traffic controllers": 0.0006097560975609756,
        "Response to road users": 0.011585365853658536,
        "Use of speed (too fast)": 0.18963414634146342,
        "Following distance": 0.05975609756097561,
        "Progress - speed (too slow)": 0.9103658536585366,
        "Progress - undue hesitation": 0.3884146341463415,
        "Junctions - approach speed": 0.07926829268292683,
        "Junctions - observation": 0.3426829268292683,
        "Junctions - turning right": 0.06341463414634146,
        "Junctions - turning left": 0.04573170731707317,
        "Junctions - cutting corners": 0.027439024390243903,
        "Judgement - overtaking": 0.00853658536585366,
        "Judgement - meeting": 0.16707317073170733,
        "Judgement - crossing": 0.021341463414634148,
        "Positioning - normal driving": 0.28780487804878047,
        "Positioning - lane discipline": 0.015853658536585366,
        "Pedestrian crossing": 0.006097560975609756,
        "Position - normal stops": 0.12621951219512195,
        "Awareness / planning": 0.09268292682926829,
        "Ancillary controls": 0.010365853658536586
    },
    "fails": {
        "Eyesight": 0.0006097560975609756,
        "Emergency stop": 0.003658536585365854,
        "Reverse right - control": 0.003658536585365854,
        "Reverse right - observation": 0.015853658536585366,
        "Parallel park - control": 0.031097560975609756,
        "Parallel park - observation": 0.023170731707317073,
        "Reverse bay park - control": 0.02195121951219512,
        "Reverse bay park - observation": 0.020121951219512196,
        "Vehicle checks": 0.013414634146341463,
        "Forward bay park - control": 0.006707317073170732,
        "Forward bay park - observation": 0.00548780487804878,
        "Precautions": 0.0,
        "Control - accelerator": 0.0006097560975609756,
        "Control - clutch": 0.0,
        "Control - gears": 0.00975609756097561,
        "Control - Footbrake": 0.001829268292682927,
        "Control - parking brake": 0.0012195121951219512,
        "Control - steering": 0.060365853658536583,
        "Move off - safely": 0.061585365853658536,
        "Move off - control": 0.032926829268292684,
        "Mirrors - signalling": 0.00426829268292683,
        "Mirrors - change direction": 0.051829268292682924,
        "Mirrors - change speed": 0.013414634146341463,
        "Signals - necessary": 0.0006097560975609756,
        "Signals - correctly": 0.011585365853658536,
        "Signals - timed": 0.003048780487804878,
        "Clearance / obstructions": 0.009146341463414634,
        "Response to traffic signs": 0.04024390243902439,
        "Response to road markings": 0.025,
        "Response to traffic lights": 0.007926829268292683,
        "Response to traffic controllers": 0.0006097560975609756,
        "Response to road users": 0.007926829268292683,
        "Use of speed (too fast)": 0.04573170731707317,
        "Following distance": 0.007926829268292683,
        "Progress - speed (too slow)": 0.04695121951219512,
        "Progress - undue hesitation": 0.012195121951219513,
        "Junctions - approach speed": 0.00426829268292683,
        "Junctions - observation": 0.16097560975609757,
        "Junctions - turning right": 0.051829268292682924,
        "Junctions - turning left": 0.0024390243902439024,
        "Junctions - cutting corners": 0.0012195121951219512,
        "Judgement - overtaking": 0.00548780487804878,
        "Judgement - meeting": 0.018902439024390243,
        "Judgement - crossing": 0.006707317073170732,
        "Positioning - normal driving": 0.039634146341463415,
        "Positioning - lane discipline": 0.0,
        "Pedestrian crossing": 0.0024390243902439024,
        "Position - normal stops": 0.009146341463414634,
        "Awareness / planning": 0.05914634146341463,
        "Ancillary controls": 0.001829268292682927
    },
    "maneuvres": [
        {
            "name": "Forward bay park",
            "frequency": 0.24390243902439024,
            "pass": 0.3975,
            "maneuvre_fails": 0.0475
        },
        {
            "name": "Reverse bay park",
            "frequency": 0.25121951219512195,
            "pass": 0.4174757281553398,
            "maneuvre_fails": 0.15048543689320387
        },
        {
            "name": "Parallel park",
            "frequency": 0.25914634146341464,
            "pass": 0.4188235294117647,
            "maneuvre_fails": 0.18352941176470589
        },
        {
            "name": "Reverse right",
            "frequency": 0.2329268292682927,
            "pass": 0.45549738219895286,
            "maneuvre_fails": 0.07853403141361257
        },
        {
            "name": "Emergency stop",
            "frequency": 0.35121951219512193,
            "pass": 0.3871527777777778,
            "maneuvre_fails": 0.010416666666666666
        }
    ],
    "totalTestCount": 1640,
    "dailyTestCount": 7.627906976744186,
    "pass": 0.4164634146341463,
    "dangerous_count": 0.043292682926829265,
    "serious_count": 0.926219512195122,
    "minor_count": 6.6414634146341465,
    "dangerous_any": 0.041463414634146344,
    "serious_any": 0.5707317073170731,
    "minor_any": 0.9920731707317073,
    "first_attempt": 0.4219512195121951,
    "attempts": 2.194512195121951,
    "times": [
        {
            "dayType": "Mon-Fri",
            "time": "07:00-08:00",
            "pass": 0.0,
            "dailyTests": 0.0065116279069767444
        },
        {
            "dayType": "Mon-Fri",
            "time": "08:00-09:00",
            "pass": 0.39763779527559057,
            "dailyTests": 1.653953488372093
        },
        {
            "dayType": "Mon-Fri",
            "time": "09:00-10:00",
            "pass": 0.42105263157894735,
            "dailyTests": 1.732093023255814
        },
        {
            "dayType": "Mon-Fri",
            "time": "10:00-11:00",
            "pass": 0.4473684210526316,
            "dailyTests": 1.732093023255814
        },
        {
            "dayType": "Mon-Fri",
            "time": "11:00-12:00",
            "pass": 0.375968992248062,
            "dailyTests": 1.6800000000000002
        },
        {
            "dayType": "Mon-Fri",
            "time": "12:00-13:00",
            "pass": 0.45925925925925926,
            "dailyTests": 0.8790697674418604
        },
        {
            "dayType": "Mon-Fri",