{
    "minors": {
        "Eyesight": 0.0,
        "Emergency stop": 0.013636363636363636,
        "Reverse right - control": 0.02909090909090909,
        "Reverse right - observation": 0.03272727272727273,
        "Parallel park - control": 0.07090909090909091,
        "Parallel park - observation": 0.035454545454545454,
        "Reverse bay park - control": 0.11818181818181818,
        "Reverse bay park - observation": 0.019090909090909092,
        "Vehicle checks": 0.12181818181818181,
        "Forward bay park - control": 0.053636363636363635,
        "Forward bay park - observation": 0.011818181818181818,
        "Precautions": 0.0009090909090909091,
        "Control - accelerator": 0.0018181818181818182,
        "Control - clutch": 0.017272727272727273,
        "Control - gears": 0.14181818181818182,
        "Control - Footbrake": 0.042727272727272725,
        "Control - parking brake": 0.015454545454545455,
        "Control - steering": 0.2672727272727273,
        "Move off - safely": 0.4718181818181818,
        "Move off - control": 0.24727272727272728,
        "Mirrors - signalling": 0.3009090909090909,
        "Mirrors - change direction": 0.10727272727272727,
        "Mirrors - change speed": 0.17454545454545456,
        "Signals - necessary": 0.05090909090909091,
        "Signals - correctly": 0.10727272727272727,
        "Signals - timed": 0.060909090909090906,
        "Clearance / obstructions": 0.05545454545454546,
        "Response to traffic signs": 0.04909090909090909,
        "Response to road markings": 0.03090909090909091,
        "Response to traffic lights": 0.07454545454545454,
        "Response to traffic controllers": 0.0,
        "Response to road users": 0.014545454545454545,
        "Use of speed (too fast)": 0.17727272727272728,
        "Following distance": 0.034545454545454546,
        "Progress - speed (too slow)": 0.3118181818181818,
        "Progress - undue hesitation": 0.19454545454545455,
        "Junctions - approach speed": 0.11090909090909092,
        "Junctions - observation": 0.12636363636363637,
        "Junctions - turning right": 0.06,
        "Junctions - turning left": 0.04363636363636364,
        "Junctions - cutting corners": 0.006363636363636364,
        "Judgement - overtaking": 0.0018181818181818182,
        "Judgement - meeting": 0.04090909090909091,
        "Judgement - crossing": 0.0036363636363636364,
        "Positioning - normal driving": 0.05909090909090909,
        "Positioning - lane discipline": 0.008181818181818182,
        "Pedestrian crossing": 0.03363636363636364,
        "Position - normal stops": 0.16545454545454547,
        "Awareness / planning": 0.05545454545454546,
        "Ancillary controls": 0.0036363636363636364
    },
    "fails": {
        "Eyesight": 0.0,
        "Emergency stop": 0.0,
        "Reverse right - control": 0.004545454545454545,
        "Reverse right - observation": 0.007272727272727273,
        "Parallel park - control": 0.00909090909090909,
        "Parallel park - observation": 0.005454545454545455,
        "Reverse bay park - control": 0.006363636363636364,
        "Reverse bay park - observation": 0.0018181818181818182,
        "Vehicle checks": 0.0027272727272727275,
        "Forward bay park - control": 0.0009090909090909091,
        "Forward bay park - observation": 0.0009090909090909091,
        "Precautions": 0.0,
        "Control - accelerator": 0.0,
        "Control - clutch": 0.0,
        "Control - gears": 0.0027272727272727275,
        "Control - Footbrake": 0.0009090909090909091,
        "Control - parking brake": 0.0009090909090909091,
        "Control - steering": 0.02,
        "Move off - safely": 0.04181818181818182,
        "Move off - control": 0.01818181818181818,
        "Mirrors - signalling": 0.0009090909090909091,
        "Mirrors - change direction": 0.023636363636363636,
        "Mirrors - change speed": 0.00909090909090909,
        "Signals - necessary": 0.0009090909090909091,
        "Signals - correctly": 0.005454545454545455,
        "Signals - timed": 0.0,
        "Clearance / obstructions": 0.006363636363636364,
        "Response to traffic signs": 0.01818181818181818,
        "Response to road markings": 0.02090909090909091,
        "Response to traffic lights": 0.04,
        "Response to traffic controllers": 0.0,
        "Response to road users": 0.0018181818181818182,
        "Use of speed (too fast)": 0.04727272727272727,
        "Following distance": 0.0027272727272727275,
        "Progress - speed (too slow)": 0.023636363636363636,
        "Progress - undue hesitation": 0.0018181818181818182,
        "Junctions - approach speed": 0.0036363636363636364,
        "Junctions - observation": 0.053636363636363635,
        "Junctions - turning right": 0.05,
        "Junctions - turning left": 0.014545454545454545,
        "Junctions - cutting corners": 0.005454545454545455,
        "Judgement - overtaking": 0.0009090909090909091,
        "Judgement - meeting": 0.017272727272727273,
        "Judgement - crossing": 0.004545454545454545,
        "Positioning - normal driving": 0.005454545454545455,
        "Positioning - lane discipline": 0.0,
        "Pedestrian crossing": 0.031818181818181815,
        "Position - normal stops": 0.005454545454545455,
        "Awareness / planning": 0.008181818181818182,
        "Ancillary controls": 0.0
    },
    "maneuvres": [
        {
            "name": "Forward bay park",
            "frequency": 0.23272727272727273,
            "pass": 0.66015625,
            "maneuvre_fails": 0.0078125
        },
        {
            "name": "Reverse bay park",
            "frequency": 0.2636363636363636,
            "pass": 0.6896551724137931,
            "maneuvre_fails": 0.027586206896551724
        },
        {
            "name": "Parallel park",
            "frequency": 0.1918181818181818,
            "pass": 0.6018957345971564,
            "maneuvre_fails": 0.061611374407582936
        },
        {
            "name": "Reverse right",
            "frequency": 0.3109090909090909,
            "pass": 0.7309941520467836,
            "maneuvre_fails": 0.038011695906432746
        },
        {
            "name": "Emergency stop",
            "frequency": 0.34545454545454546,
            "pass": 0.75,
            "maneuvre_fails": 0.0
        }
    ],
    "totalTestCount": 1100,
    "dailyTestCount": 5.116279069767442,
    "pass": 0.6781818181818182,
    "dangerous_count": 0.03727272727272727,
    "serious_count": 0.4909090909090909,
    "minor_count": 4.176363636363637,
    "dangerous_any": 0.03636363636363636,
    "serious_any": 0.30454545454545456,
    "minor_any": 0.9145454545454546,
    "first_attempt": 0.5118181818181818,
    "attempts": 1.9218181818181819,
    "times": [
        {
            "dayType": "Mon-Fri",
            "time": "08:00-09:00",
            "pass": 0.6728395061728395,
            "dailyTests": 1.0548837209302326
        },
        {
            "dayType": "Mon-Fri",
            "time": "09:00-10:00",
            "pass": 0.6459627329192547,
            "dailyTests": 1.0483720930232558
        },
        {
            "dayType": "Mon-Fri",
            "time": "10:00-11:00",
            "pass": 0.6931216931216931,
            "dailyTests": 1.2306976744186047
        },
        {
            "dayType": "Mon-Fri",
            "time": "11:00-12:00",
            "pass": 0.6862745098039216,
            "dailyTests": 0.9962790697674417
        },
        {
            "dayType": "Mon-Fri",
            "time": "12:00-13:00",
            "pass": 0.6333333333333333,
            "dailyTests": 0.7813953488372093
        },
        {
            "dayType": "Mon-Fri",
            "time": "13:00-14:00",
            "pass": 0.6714285714285714,
            "dailyTests": 0.9116279069767442
        },
        {
            "dayType": "Mon-Fri",
            "time": "14:00-15:00",
            "pass": 0.7615384615384615,