{
    "minors": {
        "Eyesight": 0.0,
        "Emergency stop": 0.009259259259259259,
        "Reverse right - control": 0.02962962962962963,
        "Reverse right - observation": 0.04814814814814815,
        "Parallel park - control": 0.08888888888888889,
        "Parallel park - observation": 0.06851851851851852,
        "Reverse bay park - control": 0.09259259259259259,
        "Reverse bay park - observation": 0.03518518518518519,
        "Vehicle checks": 0.10925925925925926,
        "Forward bay park - control": 0.08333333333333333,
        "Forward bay park - observation": 0.03518518518518519,
        "Precautions": 0.0,
        "Control - accelerator": 0.0,
        "Control - clutch": 0.022222222222222223,
        "Control - gears": 0.08148148148148149,
        "Control - Footbrake": 0.03148148148148148,
        "Control - parking brake": 0.03333333333333333,
        "Control - steering": 0.3296296296296296,
        "Move off - safely": 0.28888888888888886,
        "Move off - control": 0.3314814814814815,
        "Mirrors - signalling": 0.6777777777777778,
        "Mirrors - change direction": 0.22407407407407406,
        "Mirrors - change speed": 0.38333333333333336,
        "Signals - necessary": 0.12222222222222222,
        "Signals - correctly": 0.0962962962962963,
        "Signals - timed": 0.08703703703703704,
        "Clearance / obstructions": 0.06666666666666667,
        "Response to traffic signs": 0.001851851851851852,
        "Response to road markings": 0.03333333333333333,
        "Response to traffic lights": 0.0,
        "Response to traffic controllers": 0.0,
        "Response to road users": 0.0,
        "Use of speed (too fast)": 0.16111111111111112,
        "Following distance": 0.03148148148148148,
        "Progress - speed (too slow)": 0.5814814814814815,
        "Progress - undue hesitation": 0.22777777777777777,
        "Junctions - approach speed": 0.07407407407407407,
        "Junctions - observation": 0.24259259259259258,
        "Junctions - turning right": 0.03888888888888889,
        "Junctions - turning left": 0.06851851851851852,
        "Junctions - cutting corners": 0.022222222222222223,
        "Judgement - overtaking": 0.005555555555555556,
        "Judgement - meeting": 0.04814814814814815,
        "Judgement - crossing": 0.011111111111111112,
        "Positioning - normal driving": 0.19074074074074074,
        "Positioning - lane discipline": 0.011111111111111112,
        "Pedestrian crossing": 0.007407407407407408,
        "Position - normal stops": 0.22592592592592592,
        "Awareness / planning": 0.07777777777777778,
        "Ancillary controls": 0.020370370370370372
    },
    "fails": {
        "Eyesight": 0.0,
        "Emergency stop": 0.001851851851851852,
        "Reverse right - control": 0.003703703703703704,
        "Reverse right - observation": 0.007407407407407408,
        "Parallel park - control": 0.020370370370370372,
        "Parallel park - observation": 0.03148148148148148,
        "Reverse bay park - control": 0.005555555555555556,
        "Reverse bay park - observation": 0.014814814814814815,
        "Vehicle checks": 0.0,
        "Forward bay park - control": 0.005555555555555556,
        "Forward bay park - observation": 0.001851851851851852,
        "Precautions": 0.0,
        "Control - accelerator": 0.0,
        "Control - clutch": 0.0,
        "Control - gears": 0.024074074074074074,
        "Control - Footbrake": 0.0,
        "Control - parking brake": 0.001851851851851852,
        "Control - steering": 0.0962962962962963,
        "Move off - safely": 0.040740740740740744,
        "Move off - control": 0.03333333333333333,
        "Mirrors - signalling": 0.014814814814814815,
        "Mirrors - change direction": 0.024074074074074074,
        "Mirrors - change speed": 0.011111111111111112,
        "Signals - necessary": 0.009259259259259259,
        "Signals - correctly": 0.011111111111111112,
        "Signals - timed": 0.001851851851851852,
        "Clearance / obstructions": 0.005555555555555556,
        "Response to traffic signs": 0.012962962962962963,
        "Response to road markings": 0.03518518518518519,
        "Response to traffic lights": 0.0,
        "Response to traffic controllers": 0.001851851851851852,
        "Response to road users": 0.001851851851851852,
        "Use of speed (too fast)": 0.044444444444444446,
        "Following distance": 0.001851851851851852,
        "Progress - speed (too slow)": 0.027777777777777776,
        "Progress - undue hesitation": 0.024074074074074074,
        "Junctions - approach speed": 0.001851851851851852,
        "Junctions - observation": 0.07962962962962963,
        "Junctions - turning right": 0.03888888888888889,
        "Junctions - turning left": 0.0,
        "Junctions - cutting corners": 0.005555555555555556,
        "Judgement - overtaking": 0.001851851851851852,
        "Judgement - meeting": 0.016666666666666666,
        "Judgement - crossing": 0.001851851851851852,
        "Positioning - normal driving": 0.07777777777777778,
        "Positioning - lane discipline": 0.003703703703703704,
        "Pedestrian crossing": 0.022222222222222223,
        "Position - normal stops": 0.040740740740740744,
        "Awareness / planning": 0.024074074074074074,
        "Ancillary controls": 0.0
    },
    "maneuvres": [
        {
            "name": "Forward bay park",
            "frequency": 0.25,
            "pass": 0.5111111111111111,
            "maneuvre_fails": 0.02962962962962963
        },
        {
            "name": "Reverse bay park",
            "frequency": 0.2462962962962963,
            "pass": 0.5037593984962406,
            "maneuvre_fails": 0.08270676691729323
        },
        {
            "name": "Parallel park",
            "frequency": 0.2462962962962963,
            "pass": 0.48872180451127817,
            "maneuvre_fails": 0.21052631578947367
        },
        {
            "name": "Reverse right",
            "frequency": 0.2537037037037037,
            "pass": 0.656934306569343,
            "maneuvre_fails": 0.0364963503649635
        },
        {
            "name": "Emergency stop",
            "frequency": 0.3074074074074074,
            "pass": 0.5963855421686747,
            "maneuvre_fails": 0.006024096385542169
        }
    ],
    "totalTestCount": 540,
    "dailyTestCount": 2.511627906976744,
    "pass": 0.5388888888888889,
    "dangerous_count": 0.011111111111111112,
    "serious_count": 0.8222222222222222,
    "minor_count": 5.457407407407407,
    "dangerous_any": 0.011111111111111112,
    "serious_any": 0.46111111111111114,
    "minor_any": 0.9722222222222222,
    "first_attempt": 0.562962962962963,
    "attempts": 1.7037037037037037,
    "times": [
        {
            "dayType": "Mon-Fri",
            "time": "08:00-09:00",
            "pass": 0.6285714285714286,
            "dailyTests": 0.4558139534883721
        },
        {
            "dayType": "Mon-Fri",
            "time": "09:00-10:00",
            "pass": 0.4177215189873418,
            "dailyTests": 0.5144186046511627
        },
        {
            "dayType": "Mon-Fri",
            "time": "10:00-11:00",
            "pass": 0.5119047619047619,
            "dailyTests": 0.5469767441860465
        },
        {
            "dayType": "Mon-Fri",
            "time": "11:00-12:00",
            "pass": 0.5357142857142857,
            "dailyTests": 0.5469767441860465
        },
        {
            "dayType": "Mon-Fri",
            "time": "12:00-13:00",
            "pass": 0.5189873417721519,
            "dailyTests": 0.5144186046511627
        },
        {
            "dayType": "Mon-Fri",
            "time": "13:00-14:00",
            "pass": 0.6153846153846154,
            "dailyTests": 0.5079069767441861
        },
        {
            "dayType": "Mon-Fri",
            "time": "14:00-15:00",
            "pass": 0.5538461538461539,