{
    "minors": {
        "Eyesight": 0.0,
        "Emergency stop": 0.023346303501945526,
        "Reverse right - control": 0.02464332036316472,
        "Reverse right - observation": 0.03372243839169909,
        "Parallel park - control": 0.028534370946822308,
        "Parallel park - observation": 0.02204928664072633,
        "Reverse bay park - control": 0.10765239948119326,
        "Reverse bay park - observation": 0.028534370946822308,
        "Vehicle checks": 0.12710765239948119,
        "Forward bay park - control": 0.07392996108949416,
        "Forward bay park - observation": 0.014267185473411154,
        "Precautions": 0.0,
        "Control - accelerator": 0.0025940337224383916,
        "Control - clutch": 0.06614785992217899,
        "Control - gears": 0.10894941634241245,
        "Control - Footbrake": 0.1219195849546044,
        "Control - parking brake": 0.10116731517509728,
        "Control - steering": 0.31776913099870296,
        "Move off - safely": 0.35019455252918286,
        "Move off - control": 0.3138780804150454,
        "Mirrors - signalling": 0.16861219195849547,
        "Mirrors - change direction": 0.12840466926070038,
        "Mirrors - change speed": 0.17509727626459143,
        "Signals - necessary": 0.09208819714656291,
        "Signals - correctly": 0.14137483787289234,
        "Signals - timed": 0.10376134889753567,
        "Clearance / obstructions": 0.12710765239948119,
        "Response to traffic signs": 0.04539559014267185,
        "Response to road markings": 0.014267185473411154,
        "Response to traffic lights": 0.027237354085603113,
        "Response to traffic controllers": 0.0,
        "Response to road users": 0.011673151750972763,
        "Use of speed (too fast)": 0.13229571984435798,
        "Following distance": 0.04539559014267185,
        "Progress - speed (too slow)": 0.3138780804150454,
        "Progress - undue hesitation": 0.36835278858625164,
        "Junctions - approach speed": 0.05188067444876784,
        "Junctions - observation": 0.16472114137483787,
        "Junctions - turning right": 0.04409857328145266,
        "Junctions - turning left": 0.06874189364461739,
        "Junctions - cutting corners": 0.0609597924773022,
        "Judgement - overtaking": 0.009079118028534372,
        "Judgement - meeting": 0.08560311284046693,
        "Judgement - crossing": 0.00648508430609598,
        "Positioning - normal driving": 0.17639429312581065,
        "Positioning - lane discipline": 0.02464332036316472,
        "Pedestrian crossing": 0.029831387808041506,
        "Position - normal stops": 0.12321660181582361,
        "Awareness / planning": 0.16342412451361868,
        "Ancillary controls": 0.0025940337224383916
    },
    "fails": {
        "Eyesight": 0.0,
        "Emergency stop": 0.0012970168612191958,
        "Reverse right - control": 0.0012970168612191958,
        "Reverse right - observation": 0.0038910505836575876,
        "Parallel park - control": 0.011673151750972763,
        "Parallel park - observation": 0.005188067444876783,
        "Reverse bay park - control": 0.00648508430609598,
        "Reverse bay park - observation": 0.01297016861219196,
        "Vehicle checks": 0.0038910505836575876,
        "Forward bay park - control": 0.0025940337224383916,
        "Forward bay park - observation": 0.005188067444876783,
        "Precautions": 0.0,
        "Control - accelerator": 0.0,
        "Control - clutch": 0.0,
        "Control - gears": 0.0,
        "Control - Footbrake": 0.0025940337224383916,
        "Control - parking brake": 0.0038910505836575876,
        "Control - steering": 0.0311284046692607,
        "Move off - safely": 0.0311284046692607,
        "Move off - control": 0.027237354085603113,
        "Mirrors - signalling": 0.0012970168612191958,
        "Mirrors - change direction": 0.04539559014267185,
        "Mirrors - change speed": 0.011673151750972763,
        "Signals - necessary": 0.0025940337224383916,
        "Signals - correctly": 0.0025940337224383916,
        "Signals - timed": 0.0,
        "Clearance / obstructions": 0.02204928664072633,
        "Response to traffic signs": 0.040207522697795074,
        "Response to road markings": 0.02464332036316472,
        "Response to traffic lights": 0.020752269779507133,
        "Response to traffic controllers": 0.0,
        "Response to road users": 0.0,
        "Use of speed (too fast)": 0.01297016861219196,
        "Following distance": 0.0,
        "Progress - speed (too slow)": 0.02204928664072633,
        "Progress - undue hesitation": 0.007782101167315175,
        "Junctions - approach speed": 0.005188067444876783,
        "Junctions - observation": 0.08819714656290532,
        "Junctions - turning right": 0.02464332036316472,
        "Junctions - turning left": 0.007782101167315175,
        "Junctions - cutting corners": 0.0025940337224383916,
        "Judgement - overtaking": 0.0025940337224383916,
        "Judgement - meeting": 0.028534370946822308,
        "Judgement - crossing": 0.005188067444876783,
        "Positioning - normal driving": 0.02464332036316472,
        "Positioning - lane discipline": 0.0,
        "Pedestrian crossing": 0.01556420233463035,
        "Position - normal stops": 0.0012970168612191958,
        "Awareness / planning": 0.019455252918287938,
        "Ancillary controls": 0.0
    },
    "maneuvres": [
        {
            "name": "Forward bay park",
            "frequency": 0.2594033722438392,
            "pass": 0.595,
            "maneuvre_fails": 0.03
        },
        {
            "name": "Reverse bay park",
            "frequency": 0.26329442282749677,
            "pass": 0.5123152709359606,
            "maneuvre_fails": 0.07389162561576355
        },
        {
            "name": "Parallel park",
            "frequency": 0.20881971465629054,
            "pass": 0.7018633540372671,
            "maneuvre_fails": 0.08074534161490683
        },
        {
            "name": "Reverse right",
            "frequency": 0.26718547341115434,
            "pass": 0.6310679611650486,
            "maneuvre_fails": 0.019417475728155338
        },
        {
            "name": "Emergency stop",
            "frequency": 0.29961089494163423,
            "pass": 0.8225108225108225,
            "maneuvre_fails": 0.004329004329004329
        }
    ],
    "totalTestCount": 771,
    "dailyTestCount": 3.5860465116279068,
    "pass": 0.6044098573281452,
    "dangerous_count": 0.038910505836575876,
    "serious_count": 0.5538261997405967,
    "minor_count": 4.773022049286641,
    "dangerous_any": 0.038910505836575876,
    "serious_any": 0.3722438391699092,
    "minor_any": 0.9792477302204928,
    "first_attempt": 0.5603112840466926,
    "attempts": 1.8586251621271077,
    "times": [
        {
            "dayType": "Mon-Fri",
            "time": "08:00-09:00",
            "pass": 0.6052631578947368,
            "dailyTests": 0.4948837209302326
        },
        {
            "dayType": "Mon-Fri",
            "time": "09:00-10:00",
            "pass": 0.6614173228346457,
            "dailyTests": 0.8269767441860465
        },
        {
            "dayType": "Mon-Fri",
            "time": "10:00-11:00",
            "pass": 0.576,
            "dailyTests": 0.813953488372093
        },
        {
            "dayType": "Mon-Fri",
            "time": "11:00-12:00",
            "pass": 0.5905511811023622,
            "dailyTests": 0.8269767441860465
        },
        {
            "dayType": "Mon-Fri",
            "time": "12:00-13:00",
            "pass": 0.5967741935483871,
            "dailyTests": 0.8074418604651165
        },
        {
            "dayType": "Mon-Fri",
            "time": "13:00-14:00",
            "pass": 0.4642857142857143,
            "dailyTests": 0.5469767441860465
        },
        {
            "dayType": "Mon-Fri",
            "time": "14:00-15:00",
            "pass": 0.7021276595744681,