{
    "minors": {
        "Eyesight": 0.0,
        "Emergency stop": 0.015050485806820347,
        "Reverse right - control": 0.018479710421032577,
        "Reverse right - observation": 0.038102495713469235,
        "Parallel park - control": 0.09430367689083635,
        "Parallel park - observation": 0.03181558392074681,
        "Reverse bay park - control": 0.09316060201943227,
        "Reverse bay park - observation": 0.028005334349399887,
        "Vehicle checks": 0.11811773671175461,
        "Forward bay park - control": 0.05086683177748143,
        "Forward bay park - observation": 0.009906648885502,
        "Precautions": 0.0026671746999428463,
        "Control - accelerator": 0.0019051247856734616,
        "Control - clutch": 0.04819965707753858,
        "Control - gears": 0.07468089159839969,
        "Control - Footbrake": 0.030100971613640694,
        "Control - parking brake": 0.02629072204229377,
        "Control - steering": 0.26138312059439894,
        "Move off - safely": 0.39016955610592496,
        "Move off - control": 0.30062869117927227,
        "Mirrors - signalling": 0.07944370356258335,
        "Mirrors - change direction": 0.17984377976757476,
        "Mirrors - change speed": 0.13774052200419126,
        "Signals - necessary": 0.06286911792722423,
        "Signals - correctly": 0.20899218898837874,
        "Signals - timed": 0.10040007620499143,
        "Clearance / obstructions": 0.08039626595542008,
        "Response to traffic signs": 0.05105734425604877,
        "Response to road markings": 0.04781863212040389,
        "Response to traffic lights": 0.029148409220803962,
        "Response to traffic controllers": 0.0005715374357020385,
        "Response to road users": 0.031625071442179464,
        "Use of speed (too fast)": 0.10592493808344447,
        "Following distance": 0.06458373023433035,
        "Progress - speed (too slow)": 0.27205181939417034,
        "Progress - undue hesitation": 0.21032577633835017,
        "Junctions - approach speed": 0.07353781672699562,
        "Junctions - observation": 0.19432272813869308,
        "Junctions - turning right": 0.027052771956563155,
        "Junctions - turning left": 0.010287673842636692,
        "Junctions - cutting corners": 0.009335111449799961,
        "Judgement - overtaking": 0.015812535721089732,
        "Judgement - meeting": 0.03314917127071823,
        "Judgement - crossing": 0.007048961706991808,
        "Positioning - normal driving": 0.14307487140407696,
        "Positioning - lane discipline": 0.039626595542008,
        "Pedestrian crossing": 0.016955610592493807,
        "Position - normal stops": 0.16041150695370546,
        "Awareness / planning": 0.07906267860544866,
        "Ancillary controls": 0.009906648885502
    },
    "fails": {
        "Eyesight": 0.0,
        "Emergency stop": 0.0013335873499714232,
        "Reverse right - control": 0.002286149742808154,
        "Reverse right - observation": 0.004762811964183654,
        "Parallel park - control": 0.014669460849685654,
        "Parallel park - observation": 0.004572299485616308,
        "Reverse bay park - control": 0.008573061535530578,
        "Reverse bay park - observation": 0.0020956372642408076,
        "Vehicle checks": 0.0009525623928367308,
        "Forward bay park - control": 0.0038102495713469233,
        "Forward bay park - observation": 0.003429224614212231,
        "Precautions": 0.0,
        "Control - accelerator": 0.0,
        "Control - clutch": 0.00038102495713469235,
        "Control - gears": 0.0032387121356448846,
        "Control - Footbrake": 0.0013335873499714232,
        "Control - parking brake": 0.0020956372642408076,
        "Control - steering": 0.018670222899599923,
        "Move off - safely": 0.029148409220803962,
        "Move off - control": 0.017717660506763194,
        "Mirrors - signalling": 0.00038102495713469235,
        "Mirrors - change direction": 0.0767765288626405,
        "Mirrors - change speed": 0.010668698799771385,
        "Signals - necessary": 0.0005715374357020385,
        "Signals - correctly": 0.0028576871785101926,
        "Signals - timed": 0.0017146123071061154,
        "Clearance / obstructions": 0.009906648885502,
        "Response to traffic signs": 0.027433796913697846,
        "Response to road markings": 0.06382168032006097,
        "Response to traffic lights": 0.028195846827967233,
        "Response to traffic controllers": 0.00038102495713469235,
        "Response to road users": 0.004191274528481615,
        "Use of speed (too fast)": 0.023052009906648886,
        "Following distance": 0.008001524099828539,
        "Progress - speed (too slow)": 0.01886073537816727,
        "Progress - undue hesitation": 0.005905886835587731,
        "Junctions - approach speed": 0.005334349399885693,
        "Junctions - observation": 0.08935035244808535,
        "Junctions - turning right": 0.027052771956563155,
        "Junctions - turning left": 0.0017146123071061154,
        "Junctions - cutting corners": 0.0017146123071061154,
        "Judgement - overtaking": 0.0040007620499142695,
        "Judgement - meeting": 0.005143836921318346,
        "Judgement - crossing": 0.0074299866641265,
        "Positioning - normal driving": 0.052771956563154886,
        "Positioning - lane discipline": 0.01143074871404077,
        "Pedestrian crossing": 0.012192798628310155,
        "Position - normal stops": 0.0074299866641265,
        "Awareness / planning": 0.010668698799771385,
        "Ancillary controls": 0.00019051247856734617
    },
    "maneuvres": [
        {
            "name": "Forward bay park",
            "frequency": 0.23013907410935416,
            "pass": 0.6225165562913907,
            "maneuvre_fails": 0.029801324503311258
        },
        {
            "name": "Reverse bay park",
            "frequency": 0.2794818060582968,
            "pass": 0.580095432856169,
            "maneuvre_fails": 0.038173142467621
        },
        {
            "name": "Parallel park",
            "frequency": 0.23966469803772147,
            "pass": 0.6112877583465819,
            "maneuvre_fails": 0.07313195548489666
        },
        {
            "name": "Reverse right",
            "frequency": 0.24671365974471327,
            "pass": 0.6332046332046332,
            "maneuvre_fails": 0.027799227799227798
        },
        {
            "name": "Emergency stop",
            "frequency": 0.3059630405791579,
            "pass": 0.6662515566625156,
            "maneuvre_fails": 0.0043586550435865505
        }
    ],
    "totalTestCount": 5249,
    "dailyTestCount": 24.413953488372094,
    "pass": 0.6081158315869689,
    "dangerous_count": 0.11221184987616689,
    "serious_count": 0.5301962278529244,
    "minor_count": 4.116212611926081,
    "dangerous_any": 0.1015431510763955,
    "serious_any": 0.34806629834254144,
    "minor_any": 0.9289388454943799,
    "first_attempt": 0.5694417984377976,
    "attempts": 1.7978662602400457,
    "times": [
        {
            "dayType": "Mon-Fri",
            "time": "07:00-08:00",
            "pass": 0.5965250965250966,
            "dailyTests": 3.3730232558139535
        },
        {
            "dayType": "Mon-Fri",
            "time": "08:00-09:00",
            "pass": 0.6337817638266069,
            "dailyTests": 4.356279069767442
        },
        {
            "dayType": "Mon-Fri",
            "time": "09:00-10:00",
            "pass": 0.6320907617504052,
            "dailyTests": 4.017674418604651
        },
        {
            "dayType": "Mon-Fri",
            "time": "10:00-11:00",
            "pass": 0.5677290836653387,
            "dailyTests": 3.2688372093023252
        },
        {
            "dayType": "Mon-Fri",
            "time": "11:00-12:00",
            "pass": 0.6357012750455373,
            "dailyTests": 3.574883720930232
        },
        {
            "dayType": "Mon-Fri",
            "time": "12:00-13:00",
            "pass": 0.5687203791469194,