{
    "minors": {
        "Eyesight": 0.0,
        "Emergency stop": 0.014304291287386216,
        "Reverse right - control": 0.01517121803207629,
        "Reverse right - observation": 0.03207628955353273,
        "Parallel park - control": 0.08452535760728218,
        "Parallel park - observation": 0.035543996532293023,
        "Reverse bay park - control": 0.10446467273515388,
        "Reverse bay park - observation": 0.027741655830082357,
        "Vehicle checks": 0.10793237971391417,
        "Forward bay park - control": 0.0494148244473342,
        "Forward bay park - observation": 0.0082358040745557,
        "Precautions": 0.0013003901170351106,
        "Control - accelerator": 0.0039011703511053317,
        "Control - clutch": 0.03207628955353273,
        "Control - gears": 0.13914174252275682,
        "Control - Footbrake": 0.029475509319462505,
        "Control - parking brake": 0.05071521456436931,
        "Control - steering": 0.24143909839618552,
        "Move off - safely": 0.4408322496749025,
        "Move off - control": 0.3823146944083225,
        "Mirrors - signalling": 0.15257910706545297,
        "Mirrors - change direction": 0.10316428261811877,
        "Mirrors - change speed": 0.08495882097962722,
        "Signals - necessary": 0.08279150411790204,
        "Signals - correctly": 0.1270047680970958,
        "Signals - timed": 0.028175119202427396,
        "Clearance / obstructions": 0.09276116168183789,
        "Response to traffic signs": 0.052882531426094496,
        "Response to road markings": 0.034677069787602946,
        "Response to traffic lights": 0.035110533159947985,
        "Response to traffic controllers": 0.00043346337234503684,
        "Response to road users": 0.016038144776766364,
        "Use of speed (too fast)": 0.17468573905504986,
        "Following distance": 0.06675335934113567,
        "Progress - speed (too slow)": 0.23710446467273516,
        "Progress - undue hesitation": 0.2925877763328999,
        "Junctions - approach speed": 0.05374945817078457,
        "Junctions - observation": 0.13697442566103163,
        "Junctions - turning right": 0.02340702210663199,
        "Junctions - turning left": 0.010836584308625921,
        "Junctions - cutting corners": 0.006935413957520589,
        "Judgement - overtaking": 0.005201560468140442,
        "Judgement - meeting": 0.035110533159947985,
        "Judgement - crossing": 0.016038144776766364,
        "Positioning - normal driving": 0.1222366710013004,
        "Positioning - lane discipline": 0.018638925010836586,
        "Pedestrian crossing": 0.024273948851322065,
        "Position - normal stops": 0.12093628088426528,
        "Awareness / planning": 0.07845687039445166,
        "Ancillary controls": 0.006068487212830516
    },
    "fails": {
        "Eyesight": 0.00043346337234503684,
        "Emergency stop": 0.0008669267446900737,
        "Reverse right - control": 0.0013003901170351106,
        "Reverse right - observation": 0.015604681404421327,
        "Parallel park - control": 0.02340702210663199,
        "Parallel park - observation": 0.02037277850021673,
        "Reverse bay park - control": 0.022106631989596878,
        "Reverse bay park - observation": 0.011703511053315995,
        "Vehicle checks": 0.005201560468140442,
        "Forward bay park - control": 0.012570437798006068,
        "Forward bay park - observation": 0.002167316861725184,
        "Precautions": 0.0,
        "Control - accelerator": 0.0,
        "Control - clutch": 0.0,
        "Control - gears": 0.005201560468140442,
        "Control - Footbrake": 0.0,
        "Control - parking brake": 0.0017338534893801473,
        "Control - steering": 0.024273948851322065,
        "Move off - safely": 0.03901170351105332,
        "Move off - control": 0.04204594711746858,
        "Mirrors - signalling": 0.002600780234070221,
        "Mirrors - change direction": 0.12613784135240572,
        "Mirrors - change speed": 0.010836584308625921,
        "Signals - necessary": 0.0034677069787602947,
        "Signals - correctly": 0.01517121803207629,
        "Signals - timed": 0.0,
        "Clearance / obstructions": 0.013870827915041179,
        "Response to traffic signs": 0.08062418725617686,
        "Response to road markings": 0.018205461638491547,
        "Response to traffic lights": 0.04638058084091894,
        "Response to traffic controllers": 0.0013003901170351106,
        "Response to road users": 0.002600780234070221,
        "Use of speed (too fast)": 0.045947117468573904,
        "Following distance": 0.0082358040745557,
        "Progress - speed (too slow)": 0.027308192457737322,
        "Progress - undue hesitation": 0.02037277850021673,
        "Junctions - approach speed": 0.006935413957520589,
        "Junctions - observation": 0.10576506285218899,
        "Junctions - turning right": 0.02860858257477243,
        "Junctions - turning left": 0.0034677069787602947,
        "Junctions - cutting corners": 0.00043346337234503684,
        "Judgement - overtaking": 0.0034677069787602947,
        "Judgement - meeting": 0.013870827915041179,
        "Judgement - crossing": 0.034677069787602946,
        "Positioning - normal driving": 0.07152145643693109,
        "Positioning - lane discipline": 0.0017338534893801473,
        "Pedestrian crossing": 0.027308192457737322,
        "Position - normal stops": 0.002600780234070221,
        "Awareness / planning": 0.008669267446900737,
        "Ancillary controls": 0.0
    },
    "maneuvres": [
        {
            "name": "Forward bay park",
            "frequency": 0.24577373211963588,
            "pass": 0.5255731922398589,
            "maneuvre_fails": 0.0582010582010582
        },
        {
            "name": "Reverse bay park",
            "frequency": 0.25704377980060683,
            "pass": 0.47386172006745364,
            "maneuvre_fails": 0.12141652613827993
        },
        {
            "name": "Parallel park",
            "frequency": 0.2293021239705245,
            "pass": 0.4933837429111531,
            "maneuvre_fails": 0.166351606805293
        },
        {
            "name": "Reverse right",
            "frequency": 0.26527958387516254,
            "pass": 0.4444444444444444,
            "maneuvre_fails": 0.06372549019607843
        },
        {
            "name": "Emergency stop",
            "frequency": 0.2553099263112267,
            "pass": 0.6994906621392191,
            "maneuvre_fails": 0.003395585738539898
        }
    ],
    "totalTestCount": 2307,
    "dailyTestCount": 10.730232558139535,
    "pass": 0.48201127004768096,
    "dangerous_count": 0.054182921543129606,
    "serious_count": 0.9111400086692675,
    "minor_count": 4.041179020372779,
    "dangerous_any": 0.04984828781967924,
    "serious_any": 0.505851755526658,
    "minor_any": 0.9401820546163849,
    "first_attempt": 0.4711746857390551,
    "attempts": 2.0888599913307324,
    "times": [
        {
            "dayType": "Mon-Fri",
            "time": "08:00-09:00",
            "pass": 0.51440329218107,
            "dailyTests": 1.582325581395349
        },
        {
            "dayType": "Mon-Fri",
            "time": "09:00-10:00",
            "pass": 0.5783475783475783,
            "dailyTests": 2.2855813953488373
        },
        {
            "dayType": "Mon-Fri",
            "time": "10:00-11:00",
            "pass": 0.5467032967032966,
            "dailyTests": 2.370232558139535
        },
        {
            "dayType": "Mon-Fri",
            "time": "11:00-12:00",
            "pass": 0.4222222222222222,
            "dailyTests": 2.051162790697674
        },
        {
            "dayType": "Mon-Fri",
            "time": "12:00-13:00",
            "pass": 0.42528735632183906,
            "dailyTests": 2.266046511627907
        },
        {
            "dayType": "Mon-Fri",
            "time": "13:00-14:00",
            "pass": 0.4470588235294118,