{
    "minors": {
        "Eyesight": 0.0,
        "Emergency stop": 0.0449438202247191,
        "Reverse right - control": 0.0449438202247191,
        "Reverse right - observation": 0.10112359550561797,
        "Parallel park - control": 0.1348314606741573,
        "Parallel park - observation": 0.06741573033707865,
        "Reverse bay park - control": 0.11235955056179775,
        "Reverse bay park - observation": 0.0449438202247191,
        "Vehicle checks": 0.30337078651685395,
        "Forward bay park - control": 0.0449438202247191,
        "Forward bay park - observation": 0.0,
        "Precautions": 0.0,
        "Control - accelerator": 0.0,
        "Control - clutch": 0.02247191011235955,
        "Control - gears": 0.0449438202247191,
        "Control - Footbrake": 0.033707865168539325,
        "Control - parking brake": 0.0,
        "Control - steering": 0.43820224719101125,
        "Move off - safely": 0.7752808988764045,
        "Move off - control": 0.06741573033707865,
        "Mirrors - signalling": 0.011235955056179775,
        "Mirrors - change direction": 0.0449438202247191,
        "Mirrors - change speed": 0.43820224719101125,
        "Signals - necessary": 0.20224719101123595,
        "Signals - correctly": 0.16853932584269662,
        "Signals - timed": 0.3146067415730337,
        "Clearance / obstructions": 0.0898876404494382,
        "Response to traffic signs": 0.19101123595505617,
        "Response to road markings": 0.0898876404494382,
        "Response to traffic lights": 0.033707865168539325,
        "Response to traffic controllers": 0.0,
        "Response to road users": 0.0,
        "Use of speed (too fast)": 0.3707865168539326,
        "Following distance": 0.06741573033707865,
        "Progress - speed (too slow)": 0.8539325842696629,
        "Progress - undue hesitation": 0.30337078651685395,
        "Junctions - approach speed": 0.15730337078651685,
        "Junctions - observation": 0.19101123595505617,
        "Junctions - turning right": 0.02247191011235955,
        "Junctions - turning left": 0.0,
        "Junctions - cutting corners": 0.0,
        "Judgement - overtaking": 0.02247191011235955,
        "Judgement - meeting": 0.19101123595505617,
        "Judgement - crossing": 0.011235955056179775,
        "Positioning - normal driving": 0.25842696629213485,
        "Positioning - lane discipline": 0.011235955056179775,
        "Pedestrian crossing": 0.0,
        "Position - normal stops": 0.3595505617977528,
        "Awareness / planning": 0.12359550561797752,
        "Ancillary controls": 0.0
    },
    "fails": {
        "Eyesight": 0.0,
        "Emergency stop": 0.0,
        "Reverse right - control": 0.0,
        "Reverse right - observation": 0.0,
        "Parallel park - control": 0.011235955056179775,
        "Parallel park - observation": 0.07865168539325842,
        "Reverse bay park - control": 0.02247191011235955,
        "Reverse bay park - observation": 0.011235955056179775,
        "Vehicle checks": 0.011235955056179775,
        "Forward bay park - control": 0.0,
        "Forward bay park - observation": 0.0,
        "Precautions": 0.0,
        "Control - accelerator": 0.0,
        "Control - clutch": 0.0,
        "Control - gears": 0.011235955056179775,
        "Control - Footbrake": 0.0,
        "Control - parking brake": 0.0,
        "Control - steering": 0.0449438202247191,
        "Move off - safely": 0.0898876404494382,
        "Move off - control": 0.0,
        "Mirrors - signalling": 0.0,
        "Mirrors - change direction": 0.011235955056179775,
        "Mirrors - change speed": 0.0449438202247191,
        "Signals - necessary": 0.011235955056179775,
        "Signals - correctly": 0.0,
        "Signals - timed": 0.0,
        "Clearance / obstructions": 0.011235955056179775,
        "Response to traffic signs": 0.10112359550561797,
        "Response to road markings": 0.0,
        "Response to traffic lights": 0.011235955056179775,
        "Response to traffic controllers": 0.0,
        "Response to road users": 0.011235955056179775,
        "Use of speed (too fast)": 0.0449438202247191,
        "Following distance": 0.011235955056179775,
        "Progress - speed (too slow)": 0.07865168539325842,
        "Progress - undue hesitation": 0.0,
        "Junctions - approach speed": 0.011235955056179775,
        "Junctions - observation": 0.10112359550561797,
        "Junctions - turning right": 0.0,
        "Junctions - turning left": 0.0,
        "Junctions - cutting corners": 0.0,
        "Judgement - overtaking": 0.011235955056179775,
        "Judgement - meeting": 0.011235955056179775,
        "Judgement - crossing": 0.011235955056179775,
        "Positioning - normal driving": 0.07865168539325842,
        "Positioning - lane discipline": 0.0,
        "Pedestrian crossing": 0.0,
        "Position - normal stops": 0.0,
        "Awareness / planning": 0.0,
        "Ancillary controls": 0.011235955056179775
    },
    "maneuvres": [
        {
            "name": "Forward bay park",
            "frequency": 0.11235955056179775,
            "pass": 0.5,
            "maneuvre_fails": 0.0
        },
        {
            "name": "Reverse bay park",
            "frequency": 0.2808988764044944,
            "pass": 0.76,
            "maneuvre_fails": 0.08
        },
        {
            "name": "Parallel park",
            "frequency": 0.33707865168539325,
            "pass": 0.4666666666666667,
            "maneuvre_fails": 0.26666666666666666
        },
        {
            "name": "Reverse right",
            "frequency": 0.25842696629213485,
            "pass": 0.34782608695652173,
            "maneuvre_fails": 0.0
        },
        {
            "name": "Emergency stop",
            "frequency": 0.34831460674157305,
            "pass": 0.7096774193548387,
            "maneuvre_fails": 0.0
        }
    ],
    "totalTestCount": 89,
    "dailyTestCount": 0.413953488372093,
    "pass": 0.5168539325842697,
    "dangerous_count": 0.07865168539325842,
    "serious_count": 0.7752808988764045,
    "minor_count": 6.808988764044944,
    "dangerous_any": 0.07865168539325842,
    "serious_any": 0.43820224719101125,
    "minor_any": 0.9775280898876404,
    "first_attempt": 0.3595505617977528,
    "attempts": 2.606741573033708,
    "times": [
        {
            "dayType": "Mon-Fri",
            "time": "08:00-09:00",
            "pass": 0.5862068965517241,
            "dailyTests": 0.1888372093023256
        },
        {
            "dayType": "Mon-Fri",
            "time": "09:00-10:00",
            "pass": 0.4166666666666667,
            "dailyTests": 0.07813953488372093
        },
        {
            "dayType": "Mon-Fri",
            "time": "10:00-11:00",
            "pass": 0.6,
            "dailyTests": 0.06511627906976744
        },
        {
            "dayType": "Mon-Fri",
            "time": "11:00-12:00",
            "pass": 0.38461538461538464,
            "dailyTests": 0.08465116279069768
        },
        {
            "dayType": "Mon-Fri",
            "time": "12:00-13:00",
            "pass": 0.6,
            "dailyTests": 0.06511627906976744
        },
        {
            "dayType": "Mon-Fri",
            "time": "13:00-14:00",
            "pass": 0.0,
            "dailyTests": 0.0065116279069767444
        },
        {
            "dayType": "Mon-Fri",
            "time": "14:00-15:00",
            "pass": 0.4444444444444444,
            "dailyTests": 0.0586046511627907
        },
        {
            "dayType": "Mon-Fri",
            "time": "15:00-16:00",
            "pass": 0.5,
            "dailyTests": 0.026046511627906978
        },
        {
            "dayType": "Mon-Fri",
            "time": "16:00-17:00",
            "pass": 1.0,
            "dailyTests": 0.0065116279069767444
        },
        {
            "dayType": "Mon-Fri",
            "pass": 0.5168539325842697,
            "dailyTests": 0.5795348837209302,
            "time": "All times"
        }
    ],